ISO-10303-21;
HEADER;
FILE_DESCRIPTION(('Open CASCADE Model'),'2;1');
FILE_NAME('Open CASCADE Shape Model','2025-06-28T21:17:58',('Author'),(
    'Open CASCADE'),'Open CASCADE STEP processor 6.2','Open CASCADE 6.2'
  ,'Unknown');
FILE_SCHEMA(('AUTOMOTIVE_DESIGN { 1 0 10303 214 1 1 1 1 }'));
ENDSEC;
DATA;
#1 = APPLICATION_PROTOCOL_DEFINITION('international standard',
  'automotive_design',2000,#2);
#2 = APPLICATION_CONTEXT(
  'core data for automotive mechanical design processes');
#3 = SHAPE_DEFINITION_REPRESENTATION(#4,#10);
#4 = PRODUCT_DEFINITION_SHAPE('','',#5);
#5 = PRODUCT_DEFINITION('design','',#6,#9);
#6 = PRODUCT_DEFINITION_FORMATION('','',#7);
#7 = PRODUCT('PCB','PCB','',(#8));
#8 = PRODUCT_CONTEXT('',#2,'mechanical');
#9 = PRODUCT_DEFINITION_CONTEXT('part definition',#2,'design');
#10 = SHAPE_REPRESENTATION('',(#11,#15,#19,#23,#27),#31);
#11 = AXIS2_PLACEMENT_3D('',#12,#13,#14);
#12 = CARTESIAN_POINT('',(0.E+000,0.E+000,0.E+000));
#13 = DIRECTION('',(0.E+000,0.E+000,1.));
#14 = DIRECTION('',(1.,0.E+000,0.E+000));
#15 = AXIS2_PLACEMENT_3D('',#16,#17,#18);
#16 = CARTESIAN_POINT('',(0.E+000,0.E+000,-1.67111934));
#17 = DIRECTION('',(0.E+000,0.E+000,1.));
#18 = DIRECTION('',(1.,0.E+000,0.E+000));
#19 = AXIS2_PLACEMENT_3D('',#20,#21,#22);
#20 = CARTESIAN_POINT('',(0.E+000,0.E+000,0.E+000));
#21 = DIRECTION('',(0.E+000,0.E+000,1.));
#22 = DIRECTION('',(1.,0.E+000,0.E+000));
#23 = AXIS2_PLACEMENT_3D('',#24,#25,#26);
#24 = CARTESIAN_POINT('',(0.E+000,0.E+000,0.E+000));
#25 = DIRECTION('',(0.E+000,0.E+000,1.));
#26 = DIRECTION('',(1.,0.E+000,0.E+000));
#27 = AXIS2_PLACEMENT_3D('',#28,#29,#30);
#28 = CARTESIAN_POINT('',(0.E+000,0.E+000,0.E+000));
#29 = DIRECTION('',(0.E+000,0.E+000,1.));
#30 = DIRECTION('',(1.,0.E+000,0.E+000));
#31 = ( GEOMETRIC_REPRESENTATION_CONTEXT(3) 
GLOBAL_UNCERTAINTY_ASSIGNED_CONTEXT((#35)) GLOBAL_UNIT_ASSIGNED_CONTEXT(
(#32,#33,#34)) REPRESENTATION_CONTEXT('Context #1',
  '3D Context with UNIT and UNCERTAINTY') );
#32 = ( LENGTH_UNIT() NAMED_UNIT(*) SI_UNIT(.MILLI.,.METRE.) );
#33 = ( NAMED_UNIT(*) PLANE_ANGLE_UNIT() SI_UNIT($,.RADIAN.) );
#34 = ( NAMED_UNIT(*) SI_UNIT($,.STERADIAN.) SOLID_ANGLE_UNIT() );
#35 = UNCERTAINTY_MEASURE_WITH_UNIT(LENGTH_MEASURE(1.E-007),#32,
  'distance_accuracy_value','confusion accuracy');
#36 = PRODUCT_RELATED_PRODUCT_CATEGORY('part',$,(#7));
#37 = ADVANCED_BREP_SHAPE_REPRESENTATION('',(#11,#38),#1376);
#38 = MANIFOLD_SOLID_BREP('',#39);
#39 = CLOSED_SHELL('',(#40,#160,#236,#307,#354,#432,#510,#588,#666,#744,
    #822,#900,#978,#1056,#1134,#1212,#1290,#1333));
#40 = ADVANCED_FACE('',(#41),#55,.T.);
#41 = FACE_BOUND('',#42,.T.);
#42 = EDGE_LOOP('',(#43,#78,#106,#134));
#43 = ORIENTED_EDGE('',*,*,#44,.T.);
#44 = EDGE_CURVE('',#45,#47,#49,.T.);
#45 = VERTEX_POINT('',#46);
#46 = CARTESIAN_POINT('',(138.43,88.9,0.E+000));
#47 = VERTEX_POINT('',#48);
#48 = CARTESIAN_POINT('',(138.43,88.9,1.67111934));
#49 = SURFACE_CURVE('',#50,(#54,#66),.PCURVE_S1.);
#50 = LINE('',#51,#52);
#51 = CARTESIAN_POINT('',(138.43,88.9,0.E+000));
#52 = VECTOR('',#53,1.);
#53 = DIRECTION('',(0.E+000,0.E+000,1.));
#54 = PCURVE('',#55,#60);
#55 = PLANE('',#56);
#56 = AXIS2_PLACEMENT_3D('',#57,#58,#59);
#57 = CARTESIAN_POINT('',(138.43,88.9,0.E+000));
#58 = DIRECTION('',(0.E+000,-1.,0.E+000));
#59 = DIRECTION('',(-1.,0.E+000,0.E+000));
#60 = DEFINITIONAL_REPRESENTATION('',(#61),#65);
#61 = LINE('',#62,#63);
#62 = CARTESIAN_POINT('',(0.E+000,0.E+000));
#63 = VECTOR('',#64,1.);
#64 = DIRECTION('',(0.E+000,-1.));
#65 = ( GEOMETRIC_REPRESENTATION_CONTEXT(2) 
PARAMETRIC_REPRESENTATION_CONTEXT() REPRESENTATION_CONTEXT('2D SPACE',''
  ) );
#66 = PCURVE('',#67,#72);
#67 = PLANE('',#68);
#68 = AXIS2_PLACEMENT_3D('',#69,#70,#71);
#69 = CARTESIAN_POINT('',(138.43,116.84,0.E+000));
#70 = DIRECTION('',(1.,0.E+000,0.E+000));
#71 = DIRECTION('',(0.E+000,-1.,0.E+000));
#72 = DEFINITIONAL_REPRESENTATION('',(#73),#77);
#73 = LINE('',#74,#75);
#74 = CARTESIAN_POINT('',(27.94,0.E+000));
#75 = VECTOR('',#76,1.);
#76 = DIRECTION('',(0.E+000,-1.));
#77 = ( GEOMETRIC_REPRESENTATION_CONTEXT(2) 
PARAMETRIC_REPRESENTATION_CONTEXT() REPRESENTATION_CONTEXT('2D SPACE',''
  ) );
#78 = ORIENTED_EDGE('',*,*,#79,.T.);
#79 = EDGE_CURVE('',#47,#80,#82,.T.);
#80 = VERTEX_POINT('',#81);
#81 = CARTESIAN_POINT('',(110.49,88.9,1.67111934));
#82 = SURFACE_CURVE('',#83,(#87,#94),.PCURVE_S1.);
#83 = LINE('',#84,#85);
#84 = CARTESIAN_POINT('',(138.43,88.9,1.67111934));
#85 = VECTOR('',#86,1.);
#86 = DIRECTION('',(-1.,0.E+000,0.E+000));
#87 = PCURVE('',#55,#88);
#88 = DEFINITIONAL_REPRESENTATION('',(#89),#93);
#89 = LINE('',#90,#91);
#90 = CARTESIAN_POINT('',(0.E+000,-1.67111934));
#91 = VECTOR('',#92,1.);
#92 = DIRECTION('',(1.,0.E+000));
#93 = ( GEOMETRIC_REPRESENTATION_CONTEXT(2) 
PARAMETRIC_REPRESENTATION_CONTEXT() REPRESENTATION_CONTEXT('2D SPACE',''
  ) );
#94 = PCURVE('',#95,#100);
#95 = PLANE('',#96);
#96 = AXIS2_PLACEMENT_3D('',#97,#98,#99);
#97 = CARTESIAN_POINT('',(138.43,88.9,1.67111934));
#98 = DIRECTION('',(0.E+000,0.E+000,1.));
#99 = DIRECTION('',(1.,0.E+000,0.E+000));
#100 = DEFINITIONAL_REPRESENTATION('',(#101),#105);
#101 = LINE('',#102,#103);
#102 = CARTESIAN_POINT('',(0.E+000,0.E+000));
#103 = VECTOR('',#104,1.);
#104 = DIRECTION('',(-1.,0.E+000));
#105 = ( GEOMETRIC_REPRESENTATION_CONTEXT(2) 
PARAMETRIC_REPRESENTATION_CONTEXT() REPRESENTATION_CONTEXT('2D SPACE',''
  ) );
#106 = ORIENTED_EDGE('',*,*,#107,.F.);
#107 = EDGE_CURVE('',#108,#80,#110,.T.);
#108 = VERTEX_POINT('',#109);
#109 = CARTESIAN_POINT('',(110.49,88.9,0.E+000));
#110 = SURFACE_CURVE('',#111,(#115,#122),.PCURVE_S1.);
#111 = LINE('',#112,#113);
#112 = CARTESIAN_POINT('',(110.49,88.9,0.E+000));
#113 = VECTOR('',#114,1.);
#114 = DIRECTION('',(0.E+000,0.E+000,1.));
#115 = PCURVE('',#55,#116);
#116 = DEFINITIONAL_REPRESENTATION('',(#117),#121);
#117 = LINE('',#118,#119);
#118 = CARTESIAN_POINT('',(27.94,0.E+000));
#119 = VECTOR('',#120,1.);
#120 = DIRECTION('',(0.E+000,-1.));
#121 = ( GEOMETRIC_REPRESENTATION_CONTEXT(2) 
PARAMETRIC_REPRESENTATION_CONTEXT() REPRESENTATION_CONTEXT('2D SPACE',''
  ) );
#122 = PCURVE('',#123,#128);
#123 = PLANE('',#124);
#124 = AXIS2_PLACEMENT_3D('',#125,#126,#127);
#125 = CARTESIAN_POINT('',(110.49,88.9,0.E+000));
#126 = DIRECTION('',(-1.,0.E+000,0.E+000));
#127 = DIRECTION('',(0.E+000,1.,0.E+000));
#128 = DEFINITIONAL_REPRESENTATION('',(#129),#133);
#129 = LINE('',#130,#131);
#130 = CARTESIAN_POINT('',(0.E+000,0.E+000));
#131 = VECTOR('',#132,1.);
#132 = DIRECTION('',(0.E+000,-1.));
#133 = ( GEOMETRIC_REPRESENTATION_CONTEXT(2) 
PARAMETRIC_REPRESENTATION_CONTEXT() REPRESENTATION_CONTEXT('2D SPACE',''
  ) );
#134 = ORIENTED_EDGE('',*,*,#135,.F.);
#135 = EDGE_CURVE('',#45,#108,#136,.T.);
#136 = SURFACE_CURVE('',#137,(#141,#148),.PCURVE_S1.);
#137 = LINE('',#138,#139);
#138 = CARTESIAN_POINT('',(138.43,88.9,0.E+000));
#139 = VECTOR('',#140,1.);
#140 = DIRECTION('',(-1.,0.E+000,0.E+000));
#141 = PCURVE('',#55,#142);
#142 = DEFINITIONAL_REPRESENTATION('',(#143),#147);
#143 = LINE('',#144,#145);
#144 = CARTESIAN_POINT('',(0.E+000,0.E+000));
#145 = VECTOR('',#146,1.);
#146 = DIRECTION('',(1.,0.E+000));
#147 = ( GEOMETRIC_REPRESENTATION_CONTEXT(2) 
PARAMETRIC_REPRESENTATION_CONTEXT() REPRESENTATION_CONTEXT('2D SPACE',''
  ) );
#148 = PCURVE('',#149,#154);
#149 = PLANE('',#150);
#150 = AXIS2_PLACEMENT_3D('',#151,#152,#153);
#151 = CARTESIAN_POINT('',(138.43,88.9,0.E+000));
#152 = DIRECTION('',(0.E+000,0.E+000,1.));
#153 = DIRECTION('',(1.,0.E+000,0.E+000));
#154 = DEFINITIONAL_REPRESENTATION('',(#155),#159);
#155 = LINE('',#156,#157);
#156 = CARTESIAN_POINT('',(0.E+000,0.E+000));
#157 = VECTOR('',#158,1.);
#158 = DIRECTION('',(-1.,0.E+000));
#159 = ( GEOMETRIC_REPRESENTATION_CONTEXT(2) 
PARAMETRIC_REPRESENTATION_CONTEXT() REPRESENTATION_CONTEXT('2D SPACE',''
  ) );
#160 = ADVANCED_FACE('',(#161),#123,.T.);
#161 = FACE_BOUND('',#162,.T.);
#162 = EDGE_LOOP('',(#163,#164,#187,#215));
#163 = ORIENTED_EDGE('',*,*,#107,.T.);
#164 = ORIENTED_EDGE('',*,*,#165,.T.);
#165 = EDGE_CURVE('',#80,#166,#168,.T.);
#166 = VERTEX_POINT('',#167);
#167 = CARTESIAN_POINT('',(110.49,116.84,1.67111934));
#168 = SURFACE_CURVE('',#169,(#173,#180),.PCURVE_S1.);
#169 = LINE('',#170,#171);
#170 = CARTESIAN_POINT('',(110.49,88.9,1.67111934));
#171 = VECTOR('',#172,1.);
#172 = DIRECTION('',(0.E+000,1.,0.E+000));
#173 = PCURVE('',#123,#174);
#174 = DEFINITIONAL_REPRESENTATION('',(#175),#179);
#175 = LINE('',#176,#177);
#176 = CARTESIAN_POINT('',(0.E+000,-1.67111934));
#177 = VECTOR('',#178,1.);
#178 = DIRECTION('',(1.,0.E+000));
#179 = ( GEOMETRIC_REPRESENTATION_CONTEXT(2) 
PARAMETRIC_REPRESENTATION_CONTEXT() REPRESENTATION_CONTEXT('2D SPACE',''
  ) );
#180 = PCURVE('',#95,#181);
#181 = DEFINITIONAL_REPRESENTATION('',(#182),#186);
#182 = LINE('',#183,#184);
#183 = CARTESIAN_POINT('',(-27.94,0.E+000));
#184 = VECTOR('',#185,1.);
#185 = DIRECTION('',(0.E+000,1.));
#186 = ( GEOMETRIC_REPRESENTATION_CONTEXT(2) 
PARAMETRIC_REPRESENTATION_CONTEXT() REPRESENTATION_CONTEXT('2D SPACE',''
  ) );
#187 = ORIENTED_EDGE('',*,*,#188,.F.);
#188 = EDGE_CURVE('',#189,#166,#191,.T.);
#189 = VERTEX_POINT('',#190);
#190 = CARTESIAN_POINT('',(110.49,116.84,0.E+000));
#191 = SURFACE_CURVE('',#192,(#196,#203),.PCURVE_S1.);
#192 = LINE('',#193,#194);
#193 = CARTESIAN_POINT('',(110.49,116.84,0.E+000));
#194 = VECTOR('',#195,1.);
#195 = DIRECTION('',(0.E+000,0.E+000,1.));
#196 = PCURVE('',#123,#197);
#197 = DEFINITIONAL_REPRESENTATION('',(#198),#202);
#198 = LINE('',#199,#200);
#199 = CARTESIAN_POINT('',(27.94,0.E+000));
#200 = VECTOR('',#201,1.);
#201 = DIRECTION('',(0.E+000,-1.));
#202 = ( GEOMETRIC_REPRESENTATION_CONTEXT(2) 
PARAMETRIC_REPRESENTATION_CONTEXT() REPRESENTATION_CONTEXT('2D SPACE',''
  ) );
#203 = PCURVE('',#204,#209);
#204 = PLANE('',#205);
#205 = AXIS2_PLACEMENT_3D('',#206,#207,#208);
#206 = CARTESIAN_POINT('',(110.49,116.84,0.E+000));
#207 = DIRECTION('',(0.E+000,1.,0.E+000));
#208 = DIRECTION('',(1.,0.E+000,0.E+000));
#209 = DEFINITIONAL_REPRESENTATION('',(#210),#214);
#210 = LINE('',#211,#212);
#211 = CARTESIAN_POINT('',(0.E+000,0.E+000));
#212 = VECTOR('',#213,1.);
#213 = DIRECTION('',(0.E+000,-1.));
#214 = ( GEOMETRIC_REPRESENTATION_CONTEXT(2) 
PARAMETRIC_REPRESENTATION_CONTEXT() REPRESENTATION_CONTEXT('2D SPACE',''
  ) );
#215 = ORIENTED_EDGE('',*,*,#216,.F.);
#216 = EDGE_CURVE('',#108,#189,#217,.T.);
#217 = SURFACE_CURVE('',#218,(#222,#229),.PCURVE_S1.);
#218 = LINE('',#219,#220);
#219 = CARTESIAN_POINT('',(110.49,88.9,0.E+000));
#220 = VECTOR('',#221,1.);
#221 = DIRECTION('',(0.E+000,1.,0.E+000));
#222 = PCURVE('',#123,#223);
#223 = DEFINITIONAL_REPRESENTATION('',(#224),#228);
#224 = LINE('',#225,#226);
#225 = CARTESIAN_POINT('',(0.E+000,0.E+000));
#226 = VECTOR('',#227,1.);
#227 = DIRECTION('',(1.,0.E+000));
#228 = ( GEOMETRIC_REPRESENTATION_CONTEXT(2) 
PARAMETRIC_REPRESENTATION_CONTEXT() REPRESENTATION_CONTEXT('2D SPACE',''
  ) );
#229 = PCURVE('',#149,#230);
#230 = DEFINITIONAL_REPRESENTATION('',(#231),#235);
#231 = LINE('',#232,#233);
#232 = CARTESIAN_POINT('',(-27.94,0.E+000));
#233 = VECTOR('',#234,1.);
#234 = DIRECTION('',(0.E+000,1.));
#235 = ( GEOMETRIC_REPRESENTATION_CONTEXT(2) 
PARAMETRIC_REPRESENTATION_CONTEXT() REPRESENTATION_CONTEXT('2D SPACE',''
  ) );
#236 = ADVANCED_FACE('',(#237),#204,.T.);
#237 = FACE_BOUND('',#238,.T.);
#238 = EDGE_LOOP('',(#239,#240,#263,#286));
#239 = ORIENTED_EDGE('',*,*,#188,.T.);
#240 = ORIENTED_EDGE('',*,*,#241,.T.);
#241 = EDGE_CURVE('',#166,#242,#244,.T.);
#242 = VERTEX_POINT('',#243);
#243 = CARTESIAN_POINT('',(138.43,116.84,1.67111934));
#244 = SURFACE_CURVE('',#245,(#249,#256),.PCURVE_S1.);
#245 = LINE('',#246,#247);
#246 = CARTESIAN_POINT('',(110.49,116.84,1.67111934));
#247 = VECTOR('',#248,1.);
#248 = DIRECTION('',(1.,0.E+000,0.E+000));
#249 = PCURVE('',#204,#250);
#250 = DEFINITIONAL_REPRESENTATION('',(#251),#255);
#251 = LINE('',#252,#253);
#252 = CARTESIAN_POINT('',(0.E+000,-1.67111934));
#253 = VECTOR('',#254,1.);
#254 = DIRECTION('',(1.,0.E+000));
#255 = ( GEOMETRIC_REPRESENTATION_CONTEXT(2) 
PARAMETRIC_REPRESENTATION_CONTEXT() REPRESENTATION_CONTEXT('2D SPACE',''
  ) );
#256 = PCURVE('',#95,#257);
#257 = DEFINITIONAL_REPRESENTATION('',(#258),#262);
#258 = LINE('',#259,#260);
#259 = CARTESIAN_POINT('',(-27.94,27.94));
#260 = VECTOR('',#261,1.);
#261 = DIRECTION('',(1.,0.E+000));
#262 = ( GEOMETRIC_REPRESENTATION_CONTEXT(2) 
PARAMETRIC_REPRESENTATION_CONTEXT() REPRESENTATION_CONTEXT('2D SPACE',''
  ) );
#263 = ORIENTED_EDGE('',*,*,#264,.F.);
#264 = EDGE_CURVE('',#265,#242,#267,.T.);
#265 = VERTEX_POINT('',#266);
#266 = CARTESIAN_POINT('',(138.43,116.84,0.E+000));
#267 = SURFACE_CURVE('',#268,(#272,#279),.PCURVE_S1.);
#268 = LINE('',#269,#270);
#269 = CARTESIAN_POINT('',(138.43,116.84,0.E+000));
#270 = VECTOR('',#271,1.);
#271 = DIRECTION('',(0.E+000,0.E+000,1.));
#272 = PCURVE('',#204,#273);
#273 = DEFINITIONAL_REPRESENTATION('',(#274),#278);
#274 = LINE('',#275,#276);
#275 = CARTESIAN_POINT('',(27.94,0.E+000));
#276 = VECTOR('',#277,1.);
#277 = DIRECTION('',(0.E+000,-1.));
#278 = ( GEOMETRIC_REPRESENTATION_CONTEXT(2) 
PARAMETRIC_REPRESENTATION_CONTEXT() REPRESENTATION_CONTEXT('2D SPACE',''
  ) );
#279 = PCURVE('',#67,#280);
#280 = DEFINITIONAL_REPRESENTATION('',(#281),#285);
#281 = LINE('',#282,#283);
#282 = CARTESIAN_POINT('',(0.E+000,0.E+000));
#283 = VECTOR('',#284,1.);
#284 = DIRECTION('',(0.E+000,-1.));
#285 = ( GEOMETRIC_REPRESENTATION_CONTEXT(2) 
PARAMETRIC_REPRESENTATION_CONTEXT() REPRESENTATION_CONTEXT('2D SPACE',''
  ) );
#286 = ORIENTED_EDGE('',*,*,#287,.F.);
#287 = EDGE_CURVE('',#189,#265,#288,.T.);
#288 = SURFACE_CURVE('',#289,(#293,#300),.PCURVE_S1.);
#289 = LINE('',#290,#291);
#290 = CARTESIAN_POINT('',(110.49,116.84,0.E+000));
#291 = VECTOR('',#292,1.);
#292 = DIRECTION('',(1.,0.E+000,0.E+000));
#293 = PCURVE('',#204,#294);
#294 = DEFINITIONAL_REPRESENTATION('',(#295),#299);
#295 = LINE('',#296,#297);
#296 = CARTESIAN_POINT('',(0.E+000,0.E+000));
#297 = VECTOR('',#298,1.);
#298 = DIRECTION('',(1.,0.E+000));
#299 = ( GEOMETRIC_REPRESENTATION_CONTEXT(2) 
PARAMETRIC_REPRESENTATION_CONTEXT() REPRESENTATION_CONTEXT('2D SPACE',''
  ) );
#300 = PCURVE('',#149,#301);
#301 = DEFINITIONAL_REPRESENTATION('',(#302),#306);
#302 = LINE('',#303,#304);
#303 = CARTESIAN_POINT('',(-27.94,27.94));
#304 = VECTOR('',#305,1.);
#305 = DIRECTION('',(1.,0.E+000));
#306 = ( GEOMETRIC_REPRESENTATION_CONTEXT(2) 
PARAMETRIC_REPRESENTATION_CONTEXT() REPRESENTATION_CONTEXT('2D SPACE',''
  ) );
#307 = ADVANCED_FACE('',(#308),#67,.T.);
#308 = FACE_BOUND('',#309,.T.);
#309 = EDGE_LOOP('',(#310,#311,#332,#333));
#310 = ORIENTED_EDGE('',*,*,#264,.T.);
#311 = ORIENTED_EDGE('',*,*,#312,.T.);
#312 = EDGE_CURVE('',#242,#47,#313,.T.);
#313 = SURFACE_CURVE('',#314,(#318,#325),.PCURVE_S1.);
#314 = LINE('',#315,#316);
#315 = CARTESIAN_POINT('',(138.43,116.84,1.67111934));
#316 = VECTOR('',#317,1.);
#317 = DIRECTION('',(0.E+000,-1.,0.E+000));
#318 = PCURVE('',#67,#319);
#319 = DEFINITIONAL_REPRESENTATION('',(#320),#324);
#320 = LINE('',#321,#322);
#321 = CARTESIAN_POINT('',(0.E+000,-1.67111934));
#322 = VECTOR('',#323,1.);
#323 = DIRECTION('',(1.,0.E+000));
#324 = ( GEOMETRIC_REPRESENTATION_CONTEXT(2) 
PARAMETRIC_REPRESENTATION_CONTEXT() REPRESENTATION_CONTEXT('2D SPACE',''
  ) );
#325 = PCURVE('',#95,#326);
#326 = DEFINITIONAL_REPRESENTATION('',(#327),#331);
#327 = LINE('',#328,#329);
#328 = CARTESIAN_POINT('',(0.E+000,27.94));
#329 = VECTOR('',#330,1.);
#330 = DIRECTION('',(0.E+000,-1.));
#331 = ( GEOMETRIC_REPRESENTATION_CONTEXT(2) 
PARAMETRIC_REPRESENTATION_CONTEXT() REPRESENTATION_CONTEXT('2D SPACE',''
  ) );
#332 = ORIENTED_EDGE('',*,*,#44,.F.);
#333 = ORIENTED_EDGE('',*,*,#334,.F.);
#334 = EDGE_CURVE('',#265,#45,#335,.T.);
#335 = SURFACE_CURVE('',#336,(#340,#347),.PCURVE_S1.);
#336 = LINE('',#337,#338);
#337 = CARTESIAN_POINT('',(138.43,116.84,0.E+000));
#338 = VECTOR('',#339,1.);
#339 = DIRECTION('',(0.E+000,-1.,0.E+000));
#340 = PCURVE('',#67,#341);
#341 = DEFINITIONAL_REPRESENTATION('',(#342),#346);
#342 = LINE('',#343,#344);
#343 = CARTESIAN_POINT('',(0.E+000,0.E+000));
#344 = VECTOR('',#345,1.);
#345 = DIRECTION('',(1.,0.E+000));
#346 = ( GEOMETRIC_REPRESENTATION_CONTEXT(2) 
PARAMETRIC_REPRESENTATION_CONTEXT() REPRESENTATION_CONTEXT('2D SPACE',''
  ) );
#347 = PCURVE('',#149,#348);
#348 = DEFINITIONAL_REPRESENTATION('',(#349),#353);
#349 = LINE('',#350,#351);
#350 = CARTESIAN_POINT('',(0.E+000,27.94));
#351 = VECTOR('',#352,1.);
#352 = DIRECTION('',(0.E+000,-1.));
#353 = ( GEOMETRIC_REPRESENTATION_CONTEXT(2) 
PARAMETRIC_REPRESENTATION_CONTEXT() REPRESENTATION_CONTEXT('2D SPACE',''
  ) );
#354 = ADVANCED_FACE('',(#355),#369,.T.);
#355 = FACE_BOUND('',#356,.F.);
#356 = EDGE_LOOP('',(#357,#387,#409,#410));
#357 = ORIENTED_EDGE('',*,*,#358,.T.);
#358 = EDGE_CURVE('',#359,#361,#363,.T.);
#359 = VERTEX_POINT('',#360);
#360 = CARTESIAN_POINT('',(113.665,102.87,0.E+000));
#361 = VERTEX_POINT('',#362);
#362 = CARTESIAN_POINT('',(113.665,102.87,1.67111934));
#363 = SEAM_CURVE('',#364,(#368,#380),.PCURVE_S1.);
#364 = LINE('',#365,#366);
#365 = CARTESIAN_POINT('',(113.665,102.87,0.E+000));
#366 = VECTOR('',#367,1.);
#367 = DIRECTION('',(0.E+000,0.E+000,1.));
#368 = PCURVE('',#369,#374);
#369 = CYLINDRICAL_SURFACE('',#370,0.635);
#370 = AXIS2_PLACEMENT_3D('',#371,#372,#373);
#371 = CARTESIAN_POINT('',(113.03,102.87,0.E+000));
#372 = DIRECTION('',(0.E+000,0.E+000,-1.));
#373 = DIRECTION('',(1.,0.E+000,0.E+000));
#374 = DEFINITIONAL_REPRESENTATION('',(#375),#379);
#375 = LINE('',#376,#377);
#376 = CARTESIAN_POINT('',(0.E+000,0.E+000));
#377 = VECTOR('',#378,1.);
#378 = DIRECTION('',(0.E+000,-1.));
#379 = ( GEOMETRIC_REPRESENTATION_CONTEXT(2) 
PARAMETRIC_REPRESENTATION_CONTEXT() REPRESENTATION_CONTEXT('2D SPACE',''
  ) );
#380 = PCURVE('',#369,#381);
#381 = DEFINITIONAL_REPRESENTATION('',(#382),#386);
#382 = LINE('',#383,#384);
#383 = CARTESIAN_POINT('',(-6.28318530718,0.E+000));
#384 = VECTOR('',#385,1.);
#385 = DIRECTION('',(0.E+000,-1.));
#386 = ( GEOMETRIC_REPRESENTATION_CONTEXT(2) 
PARAMETRIC_REPRESENTATION_CONTEXT() REPRESENTATION_CONTEXT('2D SPACE',''
  ) );
#387 = ORIENTED_EDGE('',*,*,#388,.T.);
#388 = EDGE_CURVE('',#361,#361,#389,.T.);
#389 = SURFACE_CURVE('',#390,(#395,#402),.PCURVE_S1.);
#390 = CIRCLE('',#391,0.635);
#391 = AXIS2_PLACEMENT_3D('',#392,#393,#394);
#392 = CARTESIAN_POINT('',(113.03,102.87,1.67111934));
#393 = DIRECTION('',(0.E+000,0.E+000,1.));
#394 = DIRECTION('',(1.,0.E+000,0.E+000));
#395 = PCURVE('',#369,#396);
#396 = DEFINITIONAL_REPRESENTATION('',(#397),#401);
#397 = LINE('',#398,#399);
#398 = CARTESIAN_POINT('',(0.E+000,-1.67111934));
#399 = VECTOR('',#400,1.);
#400 = DIRECTION('',(-1.,0.E+000));
#401 = ( GEOMETRIC_REPRESENTATION_CONTEXT(2) 
PARAMETRIC_REPRESENTATION_CONTEXT() REPRESENTATION_CONTEXT('2D SPACE',''
  ) );
#402 = PCURVE('',#95,#403);
#403 = DEFINITIONAL_REPRESENTATION('',(#404),#408);
#404 = CIRCLE('',#405,0.635);
#405 = AXIS2_PLACEMENT_2D('',#406,#407);
#406 = CARTESIAN_POINT('',(-25.4,13.97));
#407 = DIRECTION('',(1.,0.E+000));
#408 = ( GEOMETRIC_REPRESENTATION_CONTEXT(2) 
PARAMETRIC_REPRESENTATION_CONTEXT() REPRESENTATION_CONTEXT('2D SPACE',''
  ) );
#409 = ORIENTED_EDGE('',*,*,#358,.F.);
#410 = ORIENTED_EDGE('',*,*,#411,.F.);
#411 = EDGE_CURVE('',#359,#359,#412,.T.);
#412 = SURFACE_CURVE('',#413,(#418,#425),.PCURVE_S1.);
#413 = CIRCLE('',#414,0.635);
#414 = AXIS2_PLACEMENT_3D('',#415,#416,#417);
#415 = CARTESIAN_POINT('',(113.03,102.87,0.E+000));
#416 = DIRECTION('',(0.E+000,0.E+000,1.));
#417 = DIRECTION('',(1.,0.E+000,0.E+000));
#418 = PCURVE('',#369,#419);
#419 = DEFINITIONAL_REPRESENTATION('',(#420),#424);
#420 = LINE('',#421,#422);
#421 = CARTESIAN_POINT('',(0.E+000,0.E+000));
#422 = VECTOR('',#423,1.);
#423 = DIRECTION('',(-1.,0.E+000));
#424 = ( GEOMETRIC_REPRESENTATION_CONTEXT(2) 
PARAMETRIC_REPRESENTATION_CONTEXT() REPRESENTATION_CONTEXT('2D SPACE',''
  ) );
#425 = PCURVE('',#149,#426);
#426 = DEFINITIONAL_REPRESENTATION('',(#427),#431);
#427 = CIRCLE('',#428,0.635);
#428 = AXIS2_PLACEMENT_2D('',#429,#430);
#429 = CARTESIAN_POINT('',(-25.4,13.97));
#430 = DIRECTION('',(1.,0.E+000));
#431 = ( GEOMETRIC_REPRESENTATION_CONTEXT(2) 
PARAMETRIC_REPRESENTATION_CONTEXT() REPRESENTATION_CONTEXT('2D SPACE',''
  ) );
#432 = ADVANCED_FACE('',(#433),#447,.T.);
#433 = FACE_BOUND('',#434,.F.);
#434 = EDGE_LOOP('',(#435,#465,#487,#488));
#435 = ORIENTED_EDGE('',*,*,#436,.T.);
#436 = EDGE_CURVE('',#437,#439,#441,.T.);
#437 = VERTEX_POINT('',#438);
#438 = CARTESIAN_POINT('',(130.556,93.345,0.E+000));
#439 = VERTEX_POINT('',#440);
#440 = CARTESIAN_POINT('',(130.556,93.345,1.67111934));
#441 = SEAM_CURVE('',#442,(#446,#458),.PCURVE_S1.);
#442 = LINE('',#443,#444);
#443 = CARTESIAN_POINT('',(130.556,93.345,0.E+000));
#444 = VECTOR('',#445,1.);
#445 = DIRECTION('',(0.E+000,0.E+000,1.));
#446 = PCURVE('',#447,#452);
#447 = CYLINDRICAL_SURFACE('',#448,1.651);
#448 = AXIS2_PLACEMENT_3D('',#449,#450,#451);
#449 = CARTESIAN_POINT('',(128.905,93.345,0.E+000));
#450 = DIRECTION('',(0.E+000,0.E+000,-1.));
#451 = DIRECTION('',(1.,0.E+000,0.E+000));
#452 = DEFINITIONAL_REPRESENTATION('',(#453),#457);
#453 = LINE('',#454,#455);
#454 = CARTESIAN_POINT('',(0.E+000,0.E+000));
#455 = VECTOR('',#456,1.);
#456 = DIRECTION('',(0.E+000,-1.));
#457 = ( GEOMETRIC_REPRESENTATION_CONTEXT(2) 
PARAMETRIC_REPRESENTATION_CONTEXT() REPRESENTATION_CONTEXT('2D SPACE',''
  ) );
#458 = PCURVE('',#447,#459);
#459 = DEFINITIONAL_REPRESENTATION('',(#460),#464);
#460 = LINE('',#461,#462);
#461 = CARTESIAN_POINT('',(-6.28318530718,0.E+000));
#462 = VECTOR('',#463,1.);
#463 = DIRECTION('',(0.E+000,-1.));
#464 = ( GEOMETRIC_REPRESENTATION_CONTEXT(2) 
PARAMETRIC_REPRESENTATION_CONTEXT() REPRESENTATION_CONTEXT('2D SPACE',''
  ) );
#465 = ORIENTED_EDGE('',*,*,#466,.T.);
#466 = EDGE_CURVE('',#439,#439,#467,.T.);
#467 = SURFACE_CURVE('',#468,(#473,#480),.PCURVE_S1.);
#468 = CIRCLE('',#469,1.651);
#469 = AXIS2_PLACEMENT_3D('',#470,#471,#472);
#470 = CARTESIAN_POINT('',(128.905,93.345,1.67111934));
#471 = DIRECTION('',(0.E+000,0.E+000,1.));
#472 = DIRECTION('',(1.,0.E+000,0.E+000));
#473 = PCURVE('',#447,#474);
#474 = DEFINITIONAL_REPRESENTATION('',(#475),#479);
#475 = LINE('',#476,#477);
#476 = CARTESIAN_POINT('',(0.E+000,-1.67111934));
#477 = VECTOR('',#478,1.);
#478 = DIRECTION('',(-1.,0.E+000));
#479 = ( GEOMETRIC_REPRESENTATION_CONTEXT(2) 
PARAMETRIC_REPRESENTATION_CONTEXT() REPRESENTATION_CONTEXT('2D SPACE',''
  ) );
#480 = PCURVE('',#95,#481);
#481 = DEFINITIONAL_REPRESENTATION('',(#482),#486);
#482 = CIRCLE('',#483,1.651);
#483 = AXIS2_PLACEMENT_2D('',#484,#485);
#484 = CARTESIAN_POINT('',(-9.525,4.445));
#485 = DIRECTION('',(1.,0.E+000));
#486 = ( GEOMETRIC_REPRESENTATION_CONTEXT(2) 
PARAMETRIC_REPRESENTATION_CONTEXT() REPRESENTATION_CONTEXT('2D SPACE',''
  ) );
#487 = ORIENTED_EDGE('',*,*,#436,.F.);
#488 = ORIENTED_EDGE('',*,*,#489,.F.);
#489 = EDGE_CURVE('',#437,#437,#490,.T.);
#490 = SURFACE_CURVE('',#491,(#496,#503),.PCURVE_S1.);
#491 = CIRCLE('',#492,1.651);
#492 = AXIS2_PLACEMENT_3D('',#493,#494,#495);
#493 = CARTESIAN_POINT('',(128.905,93.345,0.E+000));
#494 = DIRECTION('',(0.E+000,0.E+000,1.));
#495 = DIRECTION('',(1.,0.E+000,0.E+000));
#496 = PCURVE('',#447,#497);
#497 = DEFINITIONAL_REPRESENTATION('',(#498),#502);
#498 = LINE('',#499,#500);
#499 = CARTESIAN_POINT('',(0.E+000,0.E+000));
#500 = VECTOR('',#501,1.);
#501 = DIRECTION('',(-1.,0.E+000));
#502 = ( GEOMETRIC_REPRESENTATION_CONTEXT(2) 
PARAMETRIC_REPRESENTATION_CONTEXT() REPRESENTATION_CONTEXT('2D SPACE',''
  ) );
#503 = PCURVE('',#149,#504);
#504 = DEFINITIONAL_REPRESENTATION('',(#505),#509);
#505 = CIRCLE('',#506,1.651);
#506 = AXIS2_PLACEMENT_2D('',#507,#508);
#507 = CARTESIAN_POINT('',(-9.525,4.445));
#508 = DIRECTION('',(1.,0.E+000));
#509 = ( GEOMETRIC_REPRESENTATION_CONTEXT(2) 
PARAMETRIC_REPRESENTATION_CONTEXT() REPRESENTATION_CONTEXT('2D SPACE',''
  ) );
#510 = ADVANCED_FACE('',(#511),#525,.T.);
#511 = FACE_BOUND('',#512,.F.);
#512 = EDGE_LOOP('',(#513,#543,#565,#566));
#513 = ORIENTED_EDGE('',*,*,#514,.T.);
#514 = EDGE_CURVE('',#515,#517,#519,.T.);
#515 = VERTEX_POINT('',#516);
#516 = CARTESIAN_POINT('',(116.586,93.345,0.E+000));
#517 = VERTEX_POINT('',#518);
#518 = CARTESIAN_POINT('',(116.586,93.345,1.67111934));
#519 = SEAM_CURVE('',#520,(#524,#536),.PCURVE_S1.);
#520 = LINE('',#521,#522);
#521 = CARTESIAN_POINT('',(116.586,93.345,0.E+000));
#522 = VECTOR('',#523,1.);
#523 = DIRECTION('',(0.E+000,0.E+000,1.));
#524 = PCURVE('',#525,#530);
#525 = CYLINDRICAL_SURFACE('',#526,1.651);
#526 = AXIS2_PLACEMENT_3D('',#527,#528,#529);
#527 = CARTESIAN_POINT('',(114.935,93.345,0.E+000));
#528 = DIRECTION('',(0.E+000,0.E+000,-1.));
#529 = DIRECTION('',(1.,0.E+000,0.E+000));
#530 = DEFINITIONAL_REPRESENTATION('',(#531),#535);
#531 = LINE('',#532,#533);
#532 = CARTESIAN_POINT('',(0.E+000,0.E+000));
#533 = VECTOR('',#534,1.);
#534 = DIRECTION('',(0.E+000,-1.));
#535 = ( GEOMETRIC_REPRESENTATION_CONTEXT(2) 
PARAMETRIC_REPRESENTATION_CONTEXT() REPRESENTATION_CONTEXT('2D SPACE',''
  ) );
#536 = PCURVE('',#525,#537);
#537 = DEFINITIONAL_REPRESENTATION('',(#538),#542);
#538 = LINE('',#539,#540);
#539 = CARTESIAN_POINT('',(-6.28318530718,0.E+000));
#540 = VECTOR('',#541,1.);
#541 = DIRECTION('',(0.E+000,-1.));
#542 = ( GEOMETRIC_REPRESENTATION_CONTEXT(2) 
PARAMETRIC_REPRESENTATION_CONTEXT() REPRESENTATION_CONTEXT('2D SPACE',''
  ) );
#543 = ORIENTED_EDGE('',*,*,#544,.T.);
#544 = EDGE_CURVE('',#517,#517,#545,.T.);
#545 = SURFACE_CURVE('',#546,(#551,#558),.PCURVE_S1.);
#546 = CIRCLE('',#547,1.651);
#547 = AXIS2_PLACEMENT_3D('',#548,#549,#550);
#548 = CARTESIAN_POINT('',(114.935,93.345,1.67111934));
#549 = DIRECTION('',(0.E+000,0.E+000,1.));
#550 = DIRECTION('',(1.,0.E+000,0.E+000));
#551 = PCURVE('',#525,#552);
#552 = DEFINITIONAL_REPRESENTATION('',(#553),#557);
#553 = LINE('',#554,#555);
#554 = CARTESIAN_POINT('',(0.E+000,-1.67111934));
#555 = VECTOR('',#556,1.);
#556 = DIRECTION('',(-1.,0.E+000));
#557 = ( GEOMETRIC_REPRESENTATION_CONTEXT(2) 
PARAMETRIC_REPRESENTATION_CONTEXT() REPRESENTATION_CONTEXT('2D SPACE',''
  ) );
#558 = PCURVE('',#95,#559);
#559 = DEFINITIONAL_REPRESENTATION('',(#560),#564);
#560 = CIRCLE('',#561,1.651);
#561 = AXIS2_PLACEMENT_2D('',#562,#563);
#562 = CARTESIAN_POINT('',(-23.495,4.445));
#563 = DIRECTION('',(1.,0.E+000));
#564 = ( GEOMETRIC_REPRESENTATION_CONTEXT(2) 
PARAMETRIC_REPRESENTATION_CONTEXT() REPRESENTATION_CONTEXT('2D SPACE',''
  ) );
#565 = ORIENTED_EDGE('',*,*,#514,.F.);
#566 = ORIENTED_EDGE('',*,*,#567,.F.);
#567 = EDGE_CURVE('',#515,#515,#568,.T.);
#568 = SURFACE_CURVE('',#569,(#574,#581),.PCURVE_S1.);
#569 = CIRCLE('',#570,1.651);
#570 = AXIS2_PLACEMENT_3D('',#571,#572,#573);
#571 = CARTESIAN_POINT('',(114.935,93.345,0.E+000));
#572 = DIRECTION('',(0.E+000,0.E+000,1.));
#573 = DIRECTION('',(1.,0.E+000,0.E+000));
#574 = PCURVE('',#525,#575);
#575 = DEFINITIONAL_REPRESENTATION('',(#576),#580);
#576 = LINE('',#577,#578);
#577 = CARTESIAN_POINT('',(0.E+000,0.E+000));
#578 = VECTOR('',#579,1.);
#579 = DIRECTION('',(-1.,0.E+000));
#580 = ( GEOMETRIC_REPRESENTATION_CONTEXT(2) 
PARAMETRIC_REPRESENTATION_CONTEXT() REPRESENTATION_CONTEXT('2D SPACE',''
  ) );
#581 = PCURVE('',#149,#582);
#582 = DEFINITIONAL_REPRESENTATION('',(#583),#587);
#583 = CIRCLE('',#584,1.651);
#584 = AXIS2_PLACEMENT_2D('',#585,#586);
#585 = CARTESIAN_POINT('',(-23.495,4.445));
#586 = DIRECTION('',(1.,0.E+000));
#587 = ( GEOMETRIC_REPRESENTATION_CONTEXT(2) 
PARAMETRIC_REPRESENTATION_CONTEXT() REPRESENTATION_CONTEXT('2D SPACE',''
  ) );
#588 = ADVANCED_FACE('',(#589),#603,.T.);
#589 = FACE_BOUND('',#590,.F.);
#590 = EDGE_LOOP('',(#591,#621,#643,#644));
#591 = ORIENTED_EDGE('',*,*,#592,.T.);
#592 = EDGE_CURVE('',#593,#595,#597,.T.);
#593 = VERTEX_POINT('',#594);
#594 = CARTESIAN_POINT('',(116.586,112.395,0.E+000));
#595 = VERTEX_POINT('',#596);
#596 = CARTESIAN_POINT('',(116.586,112.395,1.67111934));
#597 = SEAM_CURVE('',#598,(#602,#614),.PCURVE_S1.);
#598 = LINE('',#599,#600);
#599 = CARTESIAN_POINT('',(116.586,112.395,0.E+000));
#600 = VECTOR('',#601,1.);
#601 = DIRECTION('',(0.E+000,0.E+000,1.));
#602 = PCURVE('',#603,#608);
#603 = CYLINDRICAL_SURFACE('',#604,1.651);
#604 = AXIS2_PLACEMENT_3D('',#605,#606,#607);
#605 = CARTESIAN_POINT('',(114.935,112.395,0.E+000));
#606 = DIRECTION('',(0.E+000,0.E+000,-1.));
#607 = DIRECTION('',(1.,0.E+000,0.E+000));
#608 = DEFINITIONAL_REPRESENTATION('',(#609),#613);
#609 = LINE('',#610,#611);
#610 = CARTESIAN_POINT('',(0.E+000,0.E+000));
#611 = VECTOR('',#612,1.);
#612 = DIRECTION('',(0.E+000,-1.));
#613 = ( GEOMETRIC_REPRESENTATION_CONTEXT(2) 
PARAMETRIC_REPRESENTATION_CONTEXT() REPRESENTATION_CONTEXT('2D SPACE',''
  ) );
#614 = PCURVE('',#603,#615);
#615 = DEFINITIONAL_REPRESENTATION('',(#616),#620);
#616 = LINE('',#617,#618);
#617 = CARTESIAN_POINT('',(-6.28318530718,0.E+000));
#618 = VECTOR('',#619,1.);
#619 = DIRECTION('',(0.E+000,-1.));
#620 = ( GEOMETRIC_REPRESENTATION_CONTEXT(2) 
PARAMETRIC_REPRESENTATION_CONTEXT() REPRESENTATION_CONTEXT('2D SPACE',''
  ) );
#621 = ORIENTED_EDGE('',*,*,#622,.T.);
#622 = EDGE_CURVE('',#595,#595,#623,.T.);
#623 = SURFACE_CURVE('',#624,(#629,#636),.PCURVE_S1.);
#624 = CIRCLE('',#625,1.651);
#625 = AXIS2_PLACEMENT_3D('',#626,#627,#628);
#626 = CARTESIAN_POINT('',(114.935,112.395,1.67111934));
#627 = DIRECTION('',(0.E+000,0.E+000,1.));
#628 = DIRECTION('',(1.,0.E+000,0.E+000));
#629 = PCURVE('',#603,#630);
#630 = DEFINITIONAL_REPRESENTATION('',(#631),#635);
#631 = LINE('',#632,#633);
#632 = CARTESIAN_POINT('',(0.E+000,-1.67111934));
#633 = VECTOR('',#634,1.);
#634 = DIRECTION('',(-1.,0.E+000));
#635 = ( GEOMETRIC_REPRESENTATION_CONTEXT(2) 
PARAMETRIC_REPRESENTATION_CONTEXT() REPRESENTATION_CONTEXT('2D SPACE',''
  ) );
#636 = PCURVE('',#95,#637);
#637 = DEFINITIONAL_REPRESENTATION('',(#638),#642);
#638 = CIRCLE('',#639,1.651);
#639 = AXIS2_PLACEMENT_2D('',#640,#641);
#640 = CARTESIAN_POINT('',(-23.495,23.495));
#641 = DIRECTION('',(1.,0.E+000));
#642 = ( GEOMETRIC_REPRESENTATION_CONTEXT(2) 
PARAMETRIC_REPRESENTATION_CONTEXT() REPRESENTATION_CONTEXT('2D SPACE',''
  ) );
#643 = ORIENTED_EDGE('',*,*,#592,.F.);
#644 = ORIENTED_EDGE('',*,*,#645,.F.);
#645 = EDGE_CURVE('',#593,#593,#646,.T.);
#646 = SURFACE_CURVE('',#647,(#652,#659),.PCURVE_S1.);
#647 = CIRCLE('',#648,1.651);
#648 = AXIS2_PLACEMENT_3D('',#649,#650,#651);
#649 = CARTESIAN_POINT('',(114.935,112.395,0.E+000));
#650 = DIRECTION('',(0.E+000,0.E+000,1.));
#651 = DIRECTION('',(1.,0.E+000,0.E+000));
#652 = PCURVE('',#603,#653);
#653 = DEFINITIONAL_REPRESENTATION('',(#654),#658);
#654 = LINE('',#655,#656);
#655 = CARTESIAN_POINT('',(0.E+000,0.E+000));
#656 = VECTOR('',#657,1.);
#657 = DIRECTION('',(-1.,0.E+000));
#658 = ( GEOMETRIC_REPRESENTATION_CONTEXT(2) 
PARAMETRIC_REPRESENTATION_CONTEXT() REPRESENTATION_CONTEXT('2D SPACE',''
  ) );
#659 = PCURVE('',#149,#660);
#660 = DEFINITIONAL_REPRESENTATION('',(#661),#665);
#661 = CIRCLE('',#662,1.651);
#662 = AXIS2_PLACEMENT_2D('',#663,#664);
#663 = CARTESIAN_POINT('',(-23.495,23.495));
#664 = DIRECTION('',(1.,0.E+000));
#665 = ( GEOMETRIC_REPRESENTATION_CONTEXT(2) 
PARAMETRIC_REPRESENTATION_CONTEXT() REPRESENTATION_CONTEXT('2D SPACE',''
  ) );
#666 = ADVANCED_FACE('',(#667),#681,.T.);
#667 = FACE_BOUND('',#668,.F.);
#668 = EDGE_LOOP('',(#669,#699,#721,#722));
#669 = ORIENTED_EDGE('',*,*,#670,.T.);
#670 = EDGE_CURVE('',#671,#673,#675,.T.);
#671 = VERTEX_POINT('',#672);
#672 = CARTESIAN_POINT('',(123.825,102.87,0.E+000));
#673 = VERTEX_POINT('',#674);
#674 = CARTESIAN_POINT('',(123.825,102.87,1.67111934));
#675 = SEAM_CURVE('',#676,(#680,#692),.PCURVE_S1.);
#676 = LINE('',#677,#678);
#677 = CARTESIAN_POINT('',(123.825,102.87,0.E+000));
#678 = VECTOR('',#679,1.);
#679 = DIRECTION('',(0.E+000,0.E+000,1.));
#680 = PCURVE('',#681,#686);
#681 = CYLINDRICAL_SURFACE('',#682,0.635);
#682 = AXIS2_PLACEMENT_3D('',#683,#684,#685);
#683 = CARTESIAN_POINT('',(123.19,102.87,0.E+000));
#684 = DIRECTION('',(0.E+000,0.E+000,-1.));
#685 = DIRECTION('',(1.,0.E+000,0.E+000));
#686 = DEFINITIONAL_REPRESENTATION('',(#687),#691);
#687 = LINE('',#688,#689);
#688 = CARTESIAN_POINT('',(0.E+000,0.E+000));
#689 = VECTOR('',#690,1.);
#690 = DIRECTION('',(0.E+000,-1.));
#691 = ( GEOMETRIC_REPRESENTATION_CONTEXT(2) 
PARAMETRIC_REPRESENTATION_CONTEXT() REPRESENTATION_CONTEXT('2D SPACE',''
  ) );
#692 = PCURVE('',#681,#693);
#693 = DEFINITIONAL_REPRESENTATION('',(#694),#698);
#694 = LINE('',#695,#696);
#695 = CARTESIAN_POINT('',(-6.28318530718,0.E+000));
#696 = VECTOR('',#697,1.);
#697 = DIRECTION('',(0.E+000,-1.));
#698 = ( GEOMETRIC_REPRESENTATION_CONTEXT(2) 
PARAMETRIC_REPRESENTATION_CONTEXT() REPRESENTATION_CONTEXT('2D SPACE',''
  ) );
#699 = ORIENTED_EDGE('',*,*,#700,.T.);
#700 = EDGE_CURVE('',#673,#673,#701,.T.);
#701 = SURFACE_CURVE('',#702,(#707,#714),.PCURVE_S1.);
#702 = CIRCLE('',#703,0.635);
#703 = AXIS2_PLACEMENT_3D('',#704,#705,#706);
#704 = CARTESIAN_POINT('',(123.19,102.87,1.67111934));
#705 = DIRECTION('',(0.E+000,0.E+000,1.));
#706 = DIRECTION('',(1.,0.E+000,0.E+000));
#707 = PCURVE('',#681,#708);
#708 = DEFINITIONAL_REPRESENTATION('',(#709),#713);
#709 = LINE('',#710,#711);
#710 = CARTESIAN_POINT('',(0.E+000,-1.67111934));
#711 = VECTOR('',#712,1.);
#712 = DIRECTION('',(-1.,0.E+000));
#713 = ( GEOMETRIC_REPRESENTATION_CONTEXT(2) 
PARAMETRIC_REPRESENTATION_CONTEXT() REPRESENTATION_CONTEXT('2D SPACE',''
  ) );
#714 = PCURVE('',#95,#715);
#715 = DEFINITIONAL_REPRESENTATION('',(#716),#720);
#716 = CIRCLE('',#717,0.635);
#717 = AXIS2_PLACEMENT_2D('',#718,#719);
#718 = CARTESIAN_POINT('',(-15.24,13.97));
#719 = DIRECTION('',(1.,0.E+000));
#720 = ( GEOMETRIC_REPRESENTATION_CONTEXT(2) 
PARAMETRIC_REPRESENTATION_CONTEXT() REPRESENTATION_CONTEXT('2D SPACE',''
  ) );
#721 = ORIENTED_EDGE('',*,*,#670,.F.);
#722 = ORIENTED_EDGE('',*,*,#723,.F.);
#723 = EDGE_CURVE('',#671,#671,#724,.T.);
#724 = SURFACE_CURVE('',#725,(#730,#737),.PCURVE_S1.);
#725 = CIRCLE('',#726,0.635);
#726 = AXIS2_PLACEMENT_3D('',#727,#728,#729);
#727 = CARTESIAN_POINT('',(123.19,102.87,0.E+000));
#728 = DIRECTION('',(0.E+000,0.E+000,1.));
#729 = DIRECTION('',(1.,0.E+000,0.E+000));
#730 = PCURVE('',#681,#731);
#731 = DEFINITIONAL_REPRESENTATION('',(#732),#736);
#732 = LINE('',#733,#734);
#733 = CARTESIAN_POINT('',(0.E+000,0.E+000));
#734 = VECTOR('',#735,1.);
#735 = DIRECTION('',(-1.,0.E+000));
#736 = ( GEOMETRIC_REPRESENTATION_CONTEXT(2) 
PARAMETRIC_REPRESENTATION_CONTEXT() REPRESENTATION_CONTEXT('2D SPACE',''
  ) );
#737 = PCURVE('',#149,#738);
#738 = DEFINITIONAL_REPRESENTATION('',(#739),#743);
#739 = CIRCLE('',#740,0.635);
#740 = AXIS2_PLACEMENT_2D('',#741,#742);
#741 = CARTESIAN_POINT('',(-15.24,13.97));
#742 = DIRECTION('',(1.,0.E+000));
#743 = ( GEOMETRIC_REPRESENTATION_CONTEXT(2) 
PARAMETRIC_REPRESENTATION_CONTEXT() REPRESENTATION_CONTEXT('2D SPACE',''
  ) );
#744 = ADVANCED_FACE('',(#745),#759,.T.);
#745 = FACE_BOUND('',#746,.F.);
#746 = EDGE_LOOP('',(#747,#777,#799,#800));
#747 = ORIENTED_EDGE('',*,*,#748,.T.);
#748 = EDGE_CURVE('',#749,#751,#753,.T.);
#749 = VERTEX_POINT('',#750);
#750 = CARTESIAN_POINT('',(118.745,102.87,0.E+000));
#751 = VERTEX_POINT('',#752);
#752 = CARTESIAN_POINT('',(118.745,102.87,1.67111934));
#753 = SEAM_CURVE('',#754,(#758,#770),.PCURVE_S1.);
#754 = LINE('',#755,#756);
#755 = CARTESIAN_POINT('',(118.745,102.87,0.E+000));
#756 = VECTOR('',#757,1.);
#757 = DIRECTION('',(0.E+000,0.E+000,1.));
#758 = PCURVE('',#759,#764);
#759 = CYLINDRICAL_SURFACE('',#760,0.635);
#760 = AXIS2_PLACEMENT_3D('',#761,#762,#763);
#761 = CARTESIAN_POINT('',(118.11,102.87,0.E+000));
#762 = DIRECTION('',(0.E+000,0.E+000,-1.));
#763 = DIRECTION('',(1.,0.E+000,0.E+000));
#764 = DEFINITIONAL_REPRESENTATION('',(#765),#769);
#765 = LINE('',#766,#767);
#766 = CARTESIAN_POINT('',(0.E+000,0.E+000));
#767 = VECTOR('',#768,1.);
#768 = DIRECTION('',(0.E+000,-1.));
#769 = ( GEOMETRIC_REPRESENTATION_CONTEXT(2) 
PARAMETRIC_REPRESENTATION_CONTEXT() REPRESENTATION_CONTEXT('2D SPACE',''
  ) );
#770 = PCURVE('',#759,#771);
#771 = DEFINITIONAL_REPRESENTATION('',(#772),#776);
#772 = LINE('',#773,#774);
#773 = CARTESIAN_POINT('',(-6.28318530718,0.E+000));
#774 = VECTOR('',#775,1.);
#775 = DIRECTION('',(0.E+000,-1.));
#776 = ( GEOMETRIC_REPRESENTATION_CONTEXT(2) 
PARAMETRIC_REPRESENTATION_CONTEXT() REPRESENTATION_CONTEXT('2D SPACE',''
  ) );
#777 = ORIENTED_EDGE('',*,*,#778,.T.);
#778 = EDGE_CURVE('',#751,#751,#779,.T.);
#779 = SURFACE_CURVE('',#780,(#785,#792),.PCURVE_S1.);
#780 = CIRCLE('',#781,0.635);
#781 = AXIS2_PLACEMENT_3D('',#782,#783,#784);
#782 = CARTESIAN_POINT('',(118.11,102.87,1.67111934));
#783 = DIRECTION('',(0.E+000,0.E+000,1.));
#784 = DIRECTION('',(1.,0.E+000,0.E+000));
#785 = PCURVE('',#759,#786);
#786 = DEFINITIONAL_REPRESENTATION('',(#787),#791);
#787 = LINE('',#788,#789);
#788 = CARTESIAN_POINT('',(0.E+000,-1.67111934));
#789 = VECTOR('',#790,1.);
#790 = DIRECTION('',(-1.,0.E+000));
#791 = ( GEOMETRIC_REPRESENTATION_CONTEXT(2) 
PARAMETRIC_REPRESENTATION_CONTEXT() REPRESENTATION_CONTEXT('2D SPACE',''
  ) );
#792 = PCURVE('',#95,#793);
#793 = DEFINITIONAL_REPRESENTATION('',(#794),#798);
#794 = CIRCLE('',#795,0.635);
#795 = AXIS2_PLACEMENT_2D('',#796,#797);
#796 = CARTESIAN_POINT('',(-20.32,13.97));
#797 = DIRECTION('',(1.,0.E+000));
#798 = ( GEOMETRIC_REPRESENTATION_CONTEXT(2) 
PARAMETRIC_REPRESENTATION_CONTEXT() REPRESENTATION_CONTEXT('2D SPACE',''
  ) );
#799 = ORIENTED_EDGE('',*,*,#748,.F.);
#800 = ORIENTED_EDGE('',*,*,#801,.F.);
#801 = EDGE_CURVE('',#749,#749,#802,.T.);
#802 = SURFACE_CURVE('',#803,(#808,#815),.PCURVE_S1.);
#803 = CIRCLE('',#804,0.635);
#804 = AXIS2_PLACEMENT_3D('',#805,#806,#807);
#805 = CARTESIAN_POINT('',(118.11,102.87,0.E+000));
#806 = DIRECTION('',(0.E+000,0.E+000,1.));
#807 = DIRECTION('',(1.,0.E+000,0.E+000));
#808 = PCURVE('',#759,#809);
#809 = DEFINITIONAL_REPRESENTATION('',(#810),#814);
#810 = LINE('',#811,#812);
#811 = CARTESIAN_POINT('',(0.E+000,0.E+000));
#812 = VECTOR('',#813,1.);
#813 = DIRECTION('',(-1.,0.E+000));
#814 = ( GEOMETRIC_REPRESENTATION_CONTEXT(2) 
PARAMETRIC_REPRESENTATION_CONTEXT() REPRESENTATION_CONTEXT('2D SPACE',''
  ) );
#815 = PCURVE('',#149,#816);
#816 = DEFINITIONAL_REPRESENTATION('',(#817),#821);
#817 = CIRCLE('',#818,0.635);
#818 = AXIS2_PLACEMENT_2D('',#819,#820);
#819 = CARTESIAN_POINT('',(-20.32,13.97));
#820 = DIRECTION('',(1.,0.E+000));
#821 = ( GEOMETRIC_REPRESENTATION_CONTEXT(2) 
PARAMETRIC_REPRESENTATION_CONTEXT() REPRESENTATION_CONTEXT('2D SPACE',''
  ) );
#822 = ADVANCED_FACE('',(#823),#837,.T.);
#823 = FACE_BOUND('',#824,.F.);
#824 = EDGE_LOOP('',(#825,#855,#877,#878));
#825 = ORIENTED_EDGE('',*,*,#826,.T.);
#826 = EDGE_CURVE('',#827,#829,#831,.T.);
#827 = VERTEX_POINT('',#828);
#828 = CARTESIAN_POINT('',(128.905,102.87,0.E+000));
#829 = VERTEX_POINT('',#830);
#830 = CARTESIAN_POINT('',(128.905,102.87,1.67111934));
#831 = SEAM_CURVE('',#832,(#836,#848),.PCURVE_S1.);
#832 = LINE('',#833,#834);
#833 = CARTESIAN_POINT('',(128.905,102.87,0.E+000));
#834 = VECTOR('',#835,1.);
#835 = DIRECTION('',(0.E+000,0.E+000,1.));
#836 = PCURVE('',#837,#842);
#837 = CYLINDRICAL_SURFACE('',#838,0.635);
#838 = AXIS2_PLACEMENT_3D('',#839,#840,#841);
#839 = CARTESIAN_POINT('',(128.27,102.87,0.E+000));
#840 = DIRECTION('',(0.E+000,0.E+000,-1.));
#841 = DIRECTION('',(1.,0.E+000,0.E+000));
#842 = DEFINITIONAL_REPRESENTATION('',(#843),#847);
#843 = LINE('',#844,#845);
#844 = CARTESIAN_POINT('',(0.E+000,0.E+000));
#845 = VECTOR('',#846,1.);
#846 = DIRECTION('',(0.E+000,-1.));
#847 = ( GEOMETRIC_REPRESENTATION_CONTEXT(2) 
PARAMETRIC_REPRESENTATION_CONTEXT() REPRESENTATION_CONTEXT('2D SPACE',''
  ) );
#848 = PCURVE('',#837,#849);
#849 = DEFINITIONAL_REPRESENTATION('',(#850),#854);
#850 = LINE('',#851,#852);
#851 = CARTESIAN_POINT('',(-6.28318530718,0.E+000));
#852 = VECTOR('',#853,1.);
#853 = DIRECTION('',(0.E+000,-1.));
#854 = ( GEOMETRIC_REPRESENTATION_CONTEXT(2) 
PARAMETRIC_REPRESENTATION_CONTEXT() REPRESENTATION_CONTEXT('2D SPACE',''
  ) );
#855 = ORIENTED_EDGE('',*,*,#856,.T.);
#856 = EDGE_CURVE('',#829,#829,#857,.T.);
#857 = SURFACE_CURVE('',#858,(#863,#870),.PCURVE_S1.);
#858 = CIRCLE('',#859,0.635);
#859 = AXIS2_PLACEMENT_3D('',#860,#861,#862);
#860 = CARTESIAN_POINT('',(128.27,102.87,1.67111934));
#861 = DIRECTION('',(0.E+000,0.E+000,1.));
#862 = DIRECTION('',(1.,0.E+000,0.E+000));
#863 = PCURVE('',#837,#864);
#864 = DEFINITIONAL_REPRESENTATION('',(#865),#869);
#865 = LINE('',#866,#867);
#866 = CARTESIAN_POINT('',(0.E+000,-1.67111934));
#867 = VECTOR('',#868,1.);
#868 = DIRECTION('',(-1.,0.E+000));
#869 = ( GEOMETRIC_REPRESENTATION_CONTEXT(2) 
PARAMETRIC_REPRESENTATION_CONTEXT() REPRESENTATION_CONTEXT('2D SPACE',''
  ) );
#870 = PCURVE('',#95,#871);
#871 = DEFINITIONAL_REPRESENTATION('',(#872),#876);
#872 = CIRCLE('',#873,0.635);
#873 = AXIS2_PLACEMENT_2D('',#874,#875);
#874 = CARTESIAN_POINT('',(-10.16,13.97));
#875 = DIRECTION('',(1.,0.E+000));
#876 = ( GEOMETRIC_REPRESENTATION_CONTEXT(2) 
PARAMETRIC_REPRESENTATION_CONTEXT() REPRESENTATION_CONTEXT('2D SPACE',''
  ) );
#877 = ORIENTED_EDGE('',*,*,#826,.F.);
#878 = ORIENTED_EDGE('',*,*,#879,.F.);
#879 = EDGE_CURVE('',#827,#827,#880,.T.);
#880 = SURFACE_CURVE('',#881,(#886,#893),.PCURVE_S1.);
#881 = CIRCLE('',#882,0.635);
#882 = AXIS2_PLACEMENT_3D('',#883,#884,#885);
#883 = CARTESIAN_POINT('',(128.27,102.87,0.E+000));
#884 = DIRECTION('',(0.E+000,0.E+000,1.));
#885 = DIRECTION('',(1.,0.E+000,0.E+000));
#886 = PCURVE('',#837,#887);
#887 = DEFINITIONAL_REPRESENTATION('',(#888),#892);
#888 = LINE('',#889,#890);
#889 = CARTESIAN_POINT('',(0.E+000,0.E+000));
#890 = VECTOR('',#891,1.);
#891 = DIRECTION('',(-1.,0.E+000));
#892 = ( GEOMETRIC_REPRESENTATION_CONTEXT(2) 
PARAMETRIC_REPRESENTATION_CONTEXT() REPRESENTATION_CONTEXT('2D SPACE',''
  ) );
#893 = PCURVE('',#149,#894);
#894 = DEFINITIONAL_REPRESENTATION('',(#895),#899);
#895 = CIRCLE('',#896,0.635);
#896 = AXIS2_PLACEMENT_2D('',#897,#898);
#897 = CARTESIAN_POINT('',(-10.16,13.97));
#898 = DIRECTION('',(1.,0.E+000));
#899 = ( GEOMETRIC_REPRESENTATION_CONTEXT(2) 
PARAMETRIC_REPRESENTATION_CONTEXT() REPRESENTATION_CONTEXT('2D SPACE',''
  ) );
#900 = ADVANCED_FACE('',(#901),#915,.T.);
#901 = FACE_BOUND('',#902,.F.);
#902 = EDGE_LOOP('',(#903,#933,#955,#956));
#903 = ORIENTED_EDGE('',*,*,#904,.T.);
#904 = EDGE_CURVE('',#905,#907,#909,.T.);
#905 = VERTEX_POINT('',#906);
#906 = CARTESIAN_POINT('',(133.223,99.06,0.E+000));
#907 = VERTEX_POINT('',#908);
#908 = CARTESIAN_POINT('',(133.223,99.06,1.67111934));
#909 = SEAM_CURVE('',#910,(#914,#926),.PCURVE_S1.);
#910 = LINE('',#911,#912);
#911 = CARTESIAN_POINT('',(133.223,99.06,0.E+000));
#912 = VECTOR('',#913,1.);
#913 = DIRECTION('',(0.E+000,0.E+000,1.));
#914 = PCURVE('',#915,#920);
#915 = CYLINDRICAL_SURFACE('',#916,0.508);
#916 = AXIS2_PLACEMENT_3D('',#917,#918,#919);
#917 = CARTESIAN_POINT('',(132.715,99.06,0.E+000));
#918 = DIRECTION('',(0.E+000,0.E+000,-1.));
#919 = DIRECTION('',(1.,0.E+000,0.E+000));
#920 = DEFINITIONAL_REPRESENTATION('',(#921),#925);
#921 = LINE('',#922,#923);
#922 = CARTESIAN_POINT('',(0.E+000,0.E+000));
#923 = VECTOR('',#924,1.);
#924 = DIRECTION('',(0.E+000,-1.));
#925 = ( GEOMETRIC_REPRESENTATION_CONTEXT(2) 
PARAMETRIC_REPRESENTATION_CONTEXT() REPRESENTATION_CONTEXT('2D SPACE',''
  ) );
#926 = PCURVE('',#915,#927);
#927 = DEFINITIONAL_REPRESENTATION('',(#928),#932);
#928 = LINE('',#929,#930);
#929 = CARTESIAN_POINT('',(-6.28318530718,0.E+000));
#930 = VECTOR('',#931,1.);
#931 = DIRECTION('',(0.E+000,-1.));
#932 = ( GEOMETRIC_REPRESENTATION_CONTEXT(2) 
PARAMETRIC_REPRESENTATION_CONTEXT() REPRESENTATION_CONTEXT('2D SPACE',''
  ) );
#933 = ORIENTED_EDGE('',*,*,#934,.T.);
#934 = EDGE_CURVE('',#907,#907,#935,.T.);
#935 = SURFACE_CURVE('',#936,(#941,#948),.PCURVE_S1.);
#936 = CIRCLE('',#937,0.508);
#937 = AXIS2_PLACEMENT_3D('',#938,#939,#940);
#938 = CARTESIAN_POINT('',(132.715,99.06,1.67111934));
#939 = DIRECTION('',(0.E+000,0.E+000,1.));
#940 = DIRECTION('',(1.,0.E+000,0.E+000));
#941 = PCURVE('',#915,#942);
#942 = DEFINITIONAL_REPRESENTATION('',(#943),#947);
#943 = LINE('',#944,#945);
#944 = CARTESIAN_POINT('',(0.E+000,-1.67111934));
#945 = VECTOR('',#946,1.);
#946 = DIRECTION('',(-1.,0.E+000));
#947 = ( GEOMETRIC_REPRESENTATION_CONTEXT(2) 
PARAMETRIC_REPRESENTATION_CONTEXT() REPRESENTATION_CONTEXT('2D SPACE',''
  ) );
#948 = PCURVE('',#95,#949);
#949 = DEFINITIONAL_REPRESENTATION('',(#950),#954);
#950 = CIRCLE('',#951,0.508);
#951 = AXIS2_PLACEMENT_2D('',#952,#953);
#952 = CARTESIAN_POINT('',(-5.715,10.16));
#953 = DIRECTION('',(1.,0.E+000));
#954 = ( GEOMETRIC_REPRESENTATION_CONTEXT(2) 
PARAMETRIC_REPRESENTATION_CONTEXT() REPRESENTATION_CONTEXT('2D SPACE',''
  ) );
#955 = ORIENTED_EDGE('',*,*,#904,.F.);
#956 = ORIENTED_EDGE('',*,*,#957,.F.);
#957 = EDGE_CURVE('',#905,#905,#958,.T.);
#958 = SURFACE_CURVE('',#959,(#964,#971),.PCURVE_S1.);
#959 = CIRCLE('',#960,0.508);
#960 = AXIS2_PLACEMENT_3D('',#961,#962,#963);
#961 = CARTESIAN_POINT('',(132.715,99.06,0.E+000));
#962 = DIRECTION('',(0.E+000,0.E+000,1.));
#963 = DIRECTION('',(1.,0.E+000,0.E+000));
#964 = PCURVE('',#915,#965);
#965 = DEFINITIONAL_REPRESENTATION('',(#966),#970);
#966 = LINE('',#967,#968);
#967 = CARTESIAN_POINT('',(0.E+000,0.E+000));
#968 = VECTOR('',#969,1.);
#969 = DIRECTION('',(-1.,0.E+000));
#970 = ( GEOMETRIC_REPRESENTATION_CONTEXT(2) 
PARAMETRIC_REPRESENTATION_CONTEXT() REPRESENTATION_CONTEXT('2D SPACE',''
  ) );
#971 = PCURVE('',#149,#972);
#972 = DEFINITIONAL_REPRESENTATION('',(#973),#977);
#973 = CIRCLE('',#974,0.508);
#974 = AXIS2_PLACEMENT_2D('',#975,#976);
#975 = CARTESIAN_POINT('',(-5.715,10.16));
#976 = DIRECTION('',(1.,0.E+000));
#977 = ( GEOMETRIC_REPRESENTATION_CONTEXT(2) 
PARAMETRIC_REPRESENTATION_CONTEXT() REPRESENTATION_CONTEXT('2D SPACE',''
  ) );
#978 = ADVANCED_FACE('',(#979),#993,.T.);
#979 = FACE_BOUND('',#980,.F.);
#980 = EDGE_LOOP('',(#981,#1011,#1033,#1034));
#981 = ORIENTED_EDGE('',*,*,#982,.T.);
#982 = EDGE_CURVE('',#983,#985,#987,.T.);
#983 = VERTEX_POINT('',#984);
#984 = CARTESIAN_POINT('',(133.223,101.6,0.E+000));
#985 = VERTEX_POINT('',#986);
#986 = CARTESIAN_POINT('',(133.223,101.6,1.67111934));
#987 = SEAM_CURVE('',#988,(#992,#1004),.PCURVE_S1.);
#988 = LINE('',#989,#990);
#989 = CARTESIAN_POINT('',(133.223,101.6,0.E+000));
#990 = VECTOR('',#991,1.);
#991 = DIRECTION('',(0.E+000,0.E+000,1.));
#992 = PCURVE('',#993,#998);
#993 = CYLINDRICAL_SURFACE('',#994,0.508);
#994 = AXIS2_PLACEMENT_3D('',#995,#996,#997);
#995 = CARTESIAN_POINT('',(132.715,101.6,0.E+000));
#996 = DIRECTION('',(0.E+000,0.E+000,-1.));
#997 = DIRECTION('',(1.,0.E+000,0.E+000));
#998 = DEFINITIONAL_REPRESENTATION('',(#999),#1003);
#999 = LINE('',#1000,#1001);
#1000 = CARTESIAN_POINT('',(0.E+000,0.E+000));
#1001 = VECTOR('',#1002,1.);
#1002 = DIRECTION('',(0.E+000,-1.));
#1003 = ( GEOMETRIC_REPRESENTATION_CONTEXT(2) 
PARAMETRIC_REPRESENTATION_CONTEXT() REPRESENTATION_CONTEXT('2D SPACE',''
  ) );
#1004 = PCURVE('',#993,#1005);
#1005 = DEFINITIONAL_REPRESENTATION('',(#1006),#1010);
#1006 = LINE('',#1007,#1008);
#1007 = CARTESIAN_POINT('',(-6.28318530718,0.E+000));
#1008 = VECTOR('',#1009,1.);
#1009 = DIRECTION('',(0.E+000,-1.));
#1010 = ( GEOMETRIC_REPRESENTATION_CONTEXT(2) 
PARAMETRIC_REPRESENTATION_CONTEXT() REPRESENTATION_CONTEXT('2D SPACE',''
  ) );
#1011 = ORIENTED_EDGE('',*,*,#1012,.T.);
#1012 = EDGE_CURVE('',#985,#985,#1013,.T.);
#1013 = SURFACE_CURVE('',#1014,(#1019,#1026),.PCURVE_S1.);
#1014 = CIRCLE('',#1015,0.508);
#1015 = AXIS2_PLACEMENT_3D('',#1016,#1017,#1018);
#1016 = CARTESIAN_POINT('',(132.715,101.6,1.67111934));
#1017 = DIRECTION('',(0.E+000,0.E+000,1.));
#1018 = DIRECTION('',(1.,0.E+000,0.E+000));
#1019 = PCURVE('',#993,#1020);
#1020 = DEFINITIONAL_REPRESENTATION('',(#1021),#1025);
#1021 = LINE('',#1022,#1023);
#1022 = CARTESIAN_POINT('',(0.E+000,-1.67111934));
#1023 = VECTOR('',#1024,1.);
#1024 = DIRECTION('',(-1.,0.E+000));
#1025 = ( GEOMETRIC_REPRESENTATION_CONTEXT(2) 
PARAMETRIC_REPRESENTATION_CONTEXT() REPRESENTATION_CONTEXT('2D SPACE',''
  ) );
#1026 = PCURVE('',#95,#1027);
#1027 = DEFINITIONAL_REPRESENTATION('',(#1028),#1032);
#1028 = CIRCLE('',#1029,0.508);
#1029 = AXIS2_PLACEMENT_2D('',#1030,#1031);
#1030 = CARTESIAN_POINT('',(-5.715,12.7));
#1031 = DIRECTION('',(1.,0.E+000));
#1032 = ( GEOMETRIC_REPRESENTATION_CONTEXT(2) 
PARAMETRIC_REPRESENTATION_CONTEXT() REPRESENTATION_CONTEXT('2D SPACE',''
  ) );
#1033 = ORIENTED_EDGE('',*,*,#982,.F.);
#1034 = ORIENTED_EDGE('',*,*,#1035,.F.);
#1035 = EDGE_CURVE('',#983,#983,#1036,.T.);
#1036 = SURFACE_CURVE('',#1037,(#1042,#1049),.PCURVE_S1.);
#1037 = CIRCLE('',#1038,0.508);
#1038 = AXIS2_PLACEMENT_3D('',#1039,#1040,#1041);
#1039 = CARTESIAN_POINT('',(132.715,101.6,0.E+000));
#1040 = DIRECTION('',(0.E+000,0.E+000,1.));
#1041 = DIRECTION('',(1.,0.E+000,0.E+000));
#1042 = PCURVE('',#993,#1043);
#1043 = DEFINITIONAL_REPRESENTATION('',(#1044),#1048);
#1044 = LINE('',#1045,#1046);
#1045 = CARTESIAN_POINT('',(0.E+000,0.E+000));
#1046 = VECTOR('',#1047,1.);
#1047 = DIRECTION('',(-1.,0.E+000));
#1048 = ( GEOMETRIC_REPRESENTATION_CONTEXT(2) 
PARAMETRIC_REPRESENTATION_CONTEXT() REPRESENTATION_CONTEXT('2D SPACE',''
  ) );
#1049 = PCURVE('',#149,#1050);
#1050 = DEFINITIONAL_REPRESENTATION('',(#1051),#1055);
#1051 = CIRCLE('',#1052,0.508);
#1052 = AXIS2_PLACEMENT_2D('',#1053,#1054);
#1053 = CARTESIAN_POINT('',(-5.715,12.7));
#1054 = DIRECTION('',(1.,0.E+000));
#1055 = ( GEOMETRIC_REPRESENTATION_CONTEXT(2) 
PARAMETRIC_REPRESENTATION_CONTEXT() REPRESENTATION_CONTEXT('2D SPACE',''
  ) );
#1056 = ADVANCED_FACE('',(#1057),#1071,.T.);
#1057 = FACE_BOUND('',#1058,.F.);
#1058 = EDGE_LOOP('',(#1059,#1089,#1111,#1112));
#1059 = ORIENTED_EDGE('',*,*,#1060,.T.);
#1060 = EDGE_CURVE('',#1061,#1063,#1065,.T.);
#1061 = VERTEX_POINT('',#1062);
#1062 = CARTESIAN_POINT('',(130.556,112.395,0.E+000));
#1063 = VERTEX_POINT('',#1064);
#1064 = CARTESIAN_POINT('',(130.556,112.395,1.67111934));
#1065 = SEAM_CURVE('',#1066,(#1070,#1082),.PCURVE_S1.);
#1066 = LINE('',#1067,#1068);
#1067 = CARTESIAN_POINT('',(130.556,112.395,0.E+000));
#1068 = VECTOR('',#1069,1.);
#1069 = DIRECTION('',(0.E+000,0.E+000,1.));
#1070 = PCURVE('',#1071,#1076);
#1071 = CYLINDRICAL_SURFACE('',#1072,1.651);
#1072 = AXIS2_PLACEMENT_3D('',#1073,#1074,#1075);
#1073 = CARTESIAN_POINT('',(128.905,112.395,0.E+000));
#1074 = DIRECTION('',(0.E+000,0.E+000,-1.));
#1075 = DIRECTION('',(1.,0.E+000,0.E+000));
#1076 = DEFINITIONAL_REPRESENTATION('',(#1077),#1081);
#1077 = LINE('',#1078,#1079);
#1078 = CARTESIAN_POINT('',(0.E+000,0.E+000));
#1079 = VECTOR('',#1080,1.);
#1080 = DIRECTION('',(0.E+000,-1.));
#1081 = ( GEOMETRIC_REPRESENTATION_CONTEXT(2) 
PARAMETRIC_REPRESENTATION_CONTEXT() REPRESENTATION_CONTEXT('2D SPACE',''
  ) );
#1082 = PCURVE('',#1071,#1083);
#1083 = DEFINITIONAL_REPRESENTATION('',(#1084),#1088);
#1084 = LINE('',#1085,#1086);
#1085 = CARTESIAN_POINT('',(-6.28318530718,0.E+000));
#1086 = VECTOR('',#1087,1.);
#1087 = DIRECTION('',(0.E+000,-1.));
#1088 = ( GEOMETRIC_REPRESENTATION_CONTEXT(2) 
PARAMETRIC_REPRESENTATION_CONTEXT() REPRESENTATION_CONTEXT('2D SPACE',''
  ) );
#1089 = ORIENTED_EDGE('',*,*,#1090,.T.);
#1090 = EDGE_CURVE('',#1063,#1063,#1091,.T.);
#1091 = SURFACE_CURVE('',#1092,(#1097,#1104),.PCURVE_S1.);
#1092 = CIRCLE('',#1093,1.651);
#1093 = AXIS2_PLACEMENT_3D('',#1094,#1095,#1096);
#1094 = CARTESIAN_POINT('',(128.905,112.395,1.67111934));
#1095 = DIRECTION('',(0.E+000,0.E+000,1.));
#1096 = DIRECTION('',(1.,0.E+000,0.E+000));
#1097 = PCURVE('',#1071,#1098);
#1098 = DEFINITIONAL_REPRESENTATION('',(#1099),#1103);
#1099 = LINE('',#1100,#1101);
#1100 = CARTESIAN_POINT('',(0.E+000,-1.67111934));
#1101 = VECTOR('',#1102,1.);
#1102 = DIRECTION('',(-1.,0.E+000));
#1103 = ( GEOMETRIC_REPRESENTATION_CONTEXT(2) 
PARAMETRIC_REPRESENTATION_CONTEXT() REPRESENTATION_CONTEXT('2D SPACE',''
  ) );
#1104 = PCURVE('',#95,#1105);
#1105 = DEFINITIONAL_REPRESENTATION('',(#1106),#1110);
#1106 = CIRCLE('',#1107,1.651);
#1107 = AXIS2_PLACEMENT_2D('',#1108,#1109);
#1108 = CARTESIAN_POINT('',(-9.525,23.495));
#1109 = DIRECTION('',(1.,0.E+000));
#1110 = ( GEOMETRIC_REPRESENTATION_CONTEXT(2) 
PARAMETRIC_REPRESENTATION_CONTEXT() REPRESENTATION_CONTEXT('2D SPACE',''
  ) );
#1111 = ORIENTED_EDGE('',*,*,#1060,.F.);
#1112 = ORIENTED_EDGE('',*,*,#1113,.F.);
#1113 = EDGE_CURVE('',#1061,#1061,#1114,.T.);
#1114 = SURFACE_CURVE('',#1115,(#1120,#1127),.PCURVE_S1.);
#1115 = CIRCLE('',#1116,1.651);
#1116 = AXIS2_PLACEMENT_3D('',#1117,#1118,#1119);
#1117 = CARTESIAN_POINT('',(128.905,112.395,0.E+000));
#1118 = DIRECTION('',(0.E+000,0.E+000,1.));
#1119 = DIRECTION('',(1.,0.E+000,0.E+000));
#1120 = PCURVE('',#1071,#1121);
#1121 = DEFINITIONAL_REPRESENTATION('',(#1122),#1126);
#1122 = LINE('',#1123,#1124);
#1123 = CARTESIAN_POINT('',(0.E+000,0.E+000));
#1124 = VECTOR('',#1125,1.);
#1125 = DIRECTION('',(-1.,0.E+000));
#1126 = ( GEOMETRIC_REPRESENTATION_CONTEXT(2) 
PARAMETRIC_REPRESENTATION_CONTEXT() REPRESENTATION_CONTEXT('2D SPACE',''
  ) );
#1127 = PCURVE('',#149,#1128);
#1128 = DEFINITIONAL_REPRESENTATION('',(#1129),#1133);
#1129 = CIRCLE('',#1130,1.651);
#1130 = AXIS2_PLACEMENT_2D('',#1131,#1132);
#1131 = CARTESIAN_POINT('',(-9.525,23.495));
#1132 = DIRECTION('',(1.,0.E+000));
#1133 = ( GEOMETRIC_REPRESENTATION_CONTEXT(2) 
PARAMETRIC_REPRESENTATION_CONTEXT() REPRESENTATION_CONTEXT('2D SPACE',''
  ) );
#1134 = ADVANCED_FACE('',(#1135),#1149,.T.);
#1135 = FACE_BOUND('',#1136,.F.);
#1136 = EDGE_LOOP('',(#1137,#1167,#1189,#1190));
#1137 = ORIENTED_EDGE('',*,*,#1138,.T.);
#1138 = EDGE_CURVE('',#1139,#1141,#1143,.T.);
#1139 = VERTEX_POINT('',#1140);
#1140 = CARTESIAN_POINT('',(133.223,104.14,0.E+000));
#1141 = VERTEX_POINT('',#1142);
#1142 = CARTESIAN_POINT('',(133.223,104.14,1.67111934));
#1143 = SEAM_CURVE('',#1144,(#1148,#1160),.PCURVE_S1.);
#1144 = LINE('',#1145,#1146);
#1145 = CARTESIAN_POINT('',(133.223,104.14,0.E+000));
#1146 = VECTOR('',#1147,1.);
#1147 = DIRECTION('',(0.E+000,0.E+000,1.));
#1148 = PCURVE('',#1149,#1154);
#1149 = CYLINDRICAL_SURFACE('',#1150,0.508);
#1150 = AXIS2_PLACEMENT_3D('',#1151,#1152,#1153);
#1151 = CARTESIAN_POINT('',(132.715,104.14,0.E+000));
#1152 = DIRECTION('',(0.E+000,0.E+000,-1.));
#1153 = DIRECTION('',(1.,0.E+000,0.E+000));
#1154 = DEFINITIONAL_REPRESENTATION('',(#1155),#1159);
#1155 = LINE('',#1156,#1157);
#1156 = CARTESIAN_POINT('',(0.E+000,0.E+000));
#1157 = VECTOR('',#1158,1.);
#1158 = DIRECTION('',(0.E+000,-1.));
#1159 = ( GEOMETRIC_REPRESENTATION_CONTEXT(2) 
PARAMETRIC_REPRESENTATION_CONTEXT() REPRESENTATION_CONTEXT('2D SPACE',''
  ) );
#1160 = PCURVE('',#1149,#1161);
#1161 = DEFINITIONAL_REPRESENTATION('',(#1162),#1166);
#1162 = LINE('',#1163,#1164);
#1163 = CARTESIAN_POINT('',(-6.28318530718,0.E+000));
#1164 = VECTOR('',#1165,1.);
#1165 = DIRECTION('',(0.E+000,-1.));
#1166 = ( GEOMETRIC_REPRESENTATION_CONTEXT(2) 
PARAMETRIC_REPRESENTATION_CONTEXT() REPRESENTATION_CONTEXT('2D SPACE',''
  ) );
#1167 = ORIENTED_EDGE('',*,*,#1168,.T.);
#1168 = EDGE_CURVE('',#1141,#1141,#1169,.T.);
#1169 = SURFACE_CURVE('',#1170,(#1175,#1182),.PCURVE_S1.);
#1170 = CIRCLE('',#1171,0.508);
#1171 = AXIS2_PLACEMENT_3D('',#1172,#1173,#1174);
#1172 = CARTESIAN_POINT('',(132.715,104.14,1.67111934));
#1173 = DIRECTION('',(0.E+000,0.E+000,1.));
#1174 = DIRECTION('',(1.,0.E+000,0.E+000));
#1175 = PCURVE('',#1149,#1176);
#1176 = DEFINITIONAL_REPRESENTATION('',(#1177),#1181);
#1177 = LINE('',#1178,#1179);
#1178 = CARTESIAN_POINT('',(0.E+000,-1.67111934));
#1179 = VECTOR('',#1180,1.);
#1180 = DIRECTION('',(-1.,0.E+000));
#1181 = ( GEOMETRIC_REPRESENTATION_CONTEXT(2) 
PARAMETRIC_REPRESENTATION_CONTEXT() REPRESENTATION_CONTEXT('2D SPACE',''
  ) );
#1182 = PCURVE('',#95,#1183);
#1183 = DEFINITIONAL_REPRESENTATION('',(#1184),#1188);
#1184 = CIRCLE('',#1185,0.508);
#1185 = AXIS2_PLACEMENT_2D('',#1186,#1187);
#1186 = CARTESIAN_POINT('',(-5.715,15.24));
#1187 = DIRECTION('',(1.,0.E+000));
#1188 = ( GEOMETRIC_REPRESENTATION_CONTEXT(2) 
PARAMETRIC_REPRESENTATION_CONTEXT() REPRESENTATION_CONTEXT('2D SPACE',''
  ) );
#1189 = ORIENTED_EDGE('',*,*,#1138,.F.);
#1190 = ORIENTED_EDGE('',*,*,#1191,.F.);
#1191 = EDGE_CURVE('',#1139,#1139,#1192,.T.);
#1192 = SURFACE_CURVE('',#1193,(#1198,#1205),.PCURVE_S1.);
#1193 = CIRCLE('',#1194,0.508);
#1194 = AXIS2_PLACEMENT_3D('',#1195,#1196,#1197);
#1195 = CARTESIAN_POINT('',(132.715,104.14,0.E+000));
#1196 = DIRECTION('',(0.E+000,0.E+000,1.));
#1197 = DIRECTION('',(1.,0.E+000,0.E+000));
#1198 = PCURVE('',#1149,#1199);
#1199 = DEFINITIONAL_REPRESENTATION('',(#1200),#1204);
#1200 = LINE('',#1201,#1202);
#1201 = CARTESIAN_POINT('',(0.E+000,0.E+000));
#1202 = VECTOR('',#1203,1.);
#1203 = DIRECTION('',(-1.,0.E+000));
#1204 = ( GEOMETRIC_REPRESENTATION_CONTEXT(2) 
PARAMETRIC_REPRESENTATION_CONTEXT() REPRESENTATION_CONTEXT('2D SPACE',''
  ) );
#1205 = PCURVE('',#149,#1206);
#1206 = DEFINITIONAL_REPRESENTATION('',(#1207),#1211);
#1207 = CIRCLE('',#1208,0.508);
#1208 = AXIS2_PLACEMENT_2D('',#1209,#1210);
#1209 = CARTESIAN_POINT('',(-5.715,15.24));
#1210 = DIRECTION('',(1.,0.E+000));
#1211 = ( GEOMETRIC_REPRESENTATION_CONTEXT(2) 
PARAMETRIC_REPRESENTATION_CONTEXT() REPRESENTATION_CONTEXT('2D SPACE',''
  ) );
#1212 = ADVANCED_FACE('',(#1213),#1227,.T.);
#1213 = FACE_BOUND('',#1214,.F.);
#1214 = EDGE_LOOP('',(#1215,#1245,#1267,#1268));
#1215 = ORIENTED_EDGE('',*,*,#1216,.T.);
#1216 = EDGE_CURVE('',#1217,#1219,#1221,.T.);
#1217 = VERTEX_POINT('',#1218);
#1218 = CARTESIAN_POINT('',(133.223,106.68,0.E+000));
#1219 = VERTEX_POINT('',#1220);
#1220 = CARTESIAN_POINT('',(133.223,106.68,1.67111934));
#1221 = SEAM_CURVE('',#1222,(#1226,#1238),.PCURVE_S1.);
#1222 = LINE('',#1223,#1224);
#1223 = CARTESIAN_POINT('',(133.223,106.68,0.E+000));
#1224 = VECTOR('',#1225,1.);
#1225 = DIRECTION('',(0.E+000,0.E+000,1.));
#1226 = PCURVE('',#1227,#1232);
#1227 = CYLINDRICAL_SURFACE('',#1228,0.508);
#1228 = AXIS2_PLACEMENT_3D('',#1229,#1230,#1231);
#1229 = CARTESIAN_POINT('',(132.715,106.68,0.E+000));
#1230 = DIRECTION('',(0.E+000,0.E+000,-1.));
#1231 = DIRECTION('',(1.,0.E+000,0.E+000));
#1232 = DEFINITIONAL_REPRESENTATION('',(#1233),#1237);
#1233 = LINE('',#1234,#1235);
#1234 = CARTESIAN_POINT('',(0.E+000,0.E+000));
#1235 = VECTOR('',#1236,1.);
#1236 = DIRECTION('',(0.E+000,-1.));
#1237 = ( GEOMETRIC_REPRESENTATION_CONTEXT(2) 
PARAMETRIC_REPRESENTATION_CONTEXT() REPRESENTATION_CONTEXT('2D SPACE',''
  ) );
#1238 = PCURVE('',#1227,#1239);
#1239 = DEFINITIONAL_REPRESENTATION('',(#1240),#1244);
#1240 = LINE('',#1241,#1242);
#1241 = CARTESIAN_POINT('',(-6.28318530718,0.E+000));
#1242 = VECTOR('',#1243,1.);
#1243 = DIRECTION('',(0.E+000,-1.));
#1244 = ( GEOMETRIC_REPRESENTATION_CONTEXT(2) 
PARAMETRIC_REPRESENTATION_CONTEXT() REPRESENTATION_CONTEXT('2D SPACE',''
  ) );
#1245 = ORIENTED_EDGE('',*,*,#1246,.T.);
#1246 = EDGE_CURVE('',#1219,#1219,#1247,.T.);
#1247 = SURFACE_CURVE('',#1248,(#1253,#1260),.PCURVE_S1.);
#1248 = CIRCLE('',#1249,0.508);
#1249 = AXIS2_PLACEMENT_3D('',#1250,#1251,#1252);
#1250 = CARTESIAN_POINT('',(132.715,106.68,1.67111934));
#1251 = DIRECTION('',(0.E+000,0.E+000,1.));
#1252 = DIRECTION('',(1.,0.E+000,0.E+000));
#1253 = PCURVE('',#1227,#1254);
#1254 = DEFINITIONAL_REPRESENTATION('',(#1255),#1259);
#1255 = LINE('',#1256,#1257);
#1256 = CARTESIAN_POINT('',(0.E+000,-1.67111934));
#1257 = VECTOR('',#1258,1.);
#1258 = DIRECTION('',(-1.,0.E+000));
#1259 = ( GEOMETRIC_REPRESENTATION_CONTEXT(2) 
PARAMETRIC_REPRESENTATION_CONTEXT() REPRESENTATION_CONTEXT('2D SPACE',''
  ) );
#1260 = PCURVE('',#95,#1261);
#1261 = DEFINITIONAL_REPRESENTATION('',(#1262),#1266);
#1262 = CIRCLE('',#1263,0.508);
#1263 = AXIS2_PLACEMENT_2D('',#1264,#1265);
#1264 = CARTESIAN_POINT('',(-5.715,17.78));
#1265 = DIRECTION('',(1.,0.E+000));
#1266 = ( GEOMETRIC_REPRESENTATION_CONTEXT(2) 
PARAMETRIC_REPRESENTATION_CONTEXT() REPRESENTATION_CONTEXT('2D SPACE',''
  ) );
#1267 = ORIENTED_EDGE('',*,*,#1216,.F.);
#1268 = ORIENTED_EDGE('',*,*,#1269,.F.);
#1269 = EDGE_CURVE('',#1217,#1217,#1270,.T.);
#1270 = SURFACE_CURVE('',#1271,(#1276,#1283),.PCURVE_S1.);
#1271 = CIRCLE('',#1272,0.508);
#1272 = AXIS2_PLACEMENT_3D('',#1273,#1274,#1275);
#1273 = CARTESIAN_POINT('',(132.715,106.68,0.E+000));
#1274 = DIRECTION('',(0.E+000,0.E+000,1.));
#1275 = DIRECTION('',(1.,0.E+000,0.E+000));
#1276 = PCURVE('',#1227,#1277);
#1277 = DEFINITIONAL_REPRESENTATION('',(#1278),#1282);
#1278 = LINE('',#1279,#1280);
#1279 = CARTESIAN_POINT('',(0.E+000,0.E+000));
#1280 = VECTOR('',#1281,1.);
#1281 = DIRECTION('',(-1.,0.E+000));
#1282 = ( GEOMETRIC_REPRESENTATION_CONTEXT(2) 
PARAMETRIC_REPRESENTATION_CONTEXT() REPRESENTATION_CONTEXT('2D SPACE',''
  ) );
#1283 = PCURVE('',#149,#1284);
#1284 = DEFINITIONAL_REPRESENTATION('',(#1285),#1289);
#1285 = CIRCLE('',#1286,0.508);
#1286 = AXIS2_PLACEMENT_2D('',#1287,#1288);
#1287 = CARTESIAN_POINT('',(-5.715,17.78));
#1288 = DIRECTION('',(1.,0.E+000));
#1289 = ( GEOMETRIC_REPRESENTATION_CONTEXT(2) 
PARAMETRIC_REPRESENTATION_CONTEXT() REPRESENTATION_CONTEXT('2D SPACE',''
  ) );
#1290 = ADVANCED_FACE('',(#1291,#1297,#1300,#1303,#1306,#1309,#1312,
    #1315,#1318,#1321,#1324,#1327,#1330),#149,.F.);
#1291 = FACE_BOUND('',#1292,.T.);
#1292 = EDGE_LOOP('',(#1293,#1294,#1295,#1296));
#1293 = ORIENTED_EDGE('',*,*,#135,.T.);
#1294 = ORIENTED_EDGE('',*,*,#216,.T.);
#1295 = ORIENTED_EDGE('',*,*,#287,.T.);
#1296 = ORIENTED_EDGE('',*,*,#334,.T.);
#1297 = FACE_BOUND('',#1298,.F.);
#1298 = EDGE_LOOP('',(#1299));
#1299 = ORIENTED_EDGE('',*,*,#411,.T.);
#1300 = FACE_BOUND('',#1301,.F.);
#1301 = EDGE_LOOP('',(#1302));
#1302 = ORIENTED_EDGE('',*,*,#489,.T.);
#1303 = FACE_BOUND('',#1304,.F.);
#1304 = EDGE_LOOP('',(#1305));
#1305 = ORIENTED_EDGE('',*,*,#567,.T.);
#1306 = FACE_BOUND('',#1307,.F.);
#1307 = EDGE_LOOP('',(#1308));
#1308 = ORIENTED_EDGE('',*,*,#645,.T.);
#1309 = FACE_BOUND('',#1310,.F.);
#1310 = EDGE_LOOP('',(#1311));
#1311 = ORIENTED_EDGE('',*,*,#723,.T.);
#1312 = FACE_BOUND('',#1313,.F.);
#1313 = EDGE_LOOP('',(#1314));
#1314 = ORIENTED_EDGE('',*,*,#801,.T.);
#1315 = FACE_BOUND('',#1316,.F.);
#1316 = EDGE_LOOP('',(#1317));
#1317 = ORIENTED_EDGE('',*,*,#879,.T.);
#1318 = FACE_BOUND('',#1319,.F.);
#1319 = EDGE_LOOP('',(#1320));
#1320 = ORIENTED_EDGE('',*,*,#957,.T.);
#1321 = FACE_BOUND('',#1322,.F.);
#1322 = EDGE_LOOP('',(#1323));
#1323 = ORIENTED_EDGE('',*,*,#1035,.T.);
#1324 = FACE_BOUND('',#1325,.F.);
#1325 = EDGE_LOOP('',(#1326));
#1326 = ORIENTED_EDGE('',*,*,#1113,.T.);
#1327 = FACE_BOUND('',#1328,.F.);
#1328 = EDGE_LOOP('',(#1329));
#1329 = ORIENTED_EDGE('',*,*,#1191,.T.);
#1330 = FACE_BOUND('',#1331,.F.);
#1331 = EDGE_LOOP('',(#1332));
#1332 = ORIENTED_EDGE('',*,*,#1269,.T.);
#1333 = ADVANCED_FACE('',(#1334,#1340,#1343,#1346,#1349,#1352,#1355,
    #1358,#1361,#1364,#1367,#1370,#1373),#95,.T.);
#1334 = FACE_BOUND('',#1335,.F.);
#1335 = EDGE_LOOP('',(#1336,#1337,#1338,#1339));
#1336 = ORIENTED_EDGE('',*,*,#79,.T.);
#1337 = ORIENTED_EDGE('',*,*,#165,.T.);
#1338 = ORIENTED_EDGE('',*,*,#241,.T.);
#1339 = ORIENTED_EDGE('',*,*,#312,.T.);
#1340 = FACE_BOUND('',#1341,.T.);
#1341 = EDGE_LOOP('',(#1342));
#1342 = ORIENTED_EDGE('',*,*,#388,.T.);
#1343 = FACE_BOUND('',#1344,.T.);
#1344 = EDGE_LOOP('',(#1345));
#1345 = ORIENTED_EDGE('',*,*,#466,.T.);
#1346 = FACE_BOUND('',#1347,.T.);
#1347 = EDGE_LOOP('',(#1348));
#1348 = ORIENTED_EDGE('',*,*,#544,.T.);
#1349 = FACE_BOUND('',#1350,.T.);
#1350 = EDGE_LOOP('',(#1351));
#1351 = ORIENTED_EDGE('',*,*,#622,.T.);
#1352 = FACE_BOUND('',#1353,.T.);
#1353 = EDGE_LOOP('',(#1354));
#1354 = ORIENTED_EDGE('',*,*,#700,.T.);
#1355 = FACE_BOUND('',#1356,.T.);
#1356 = EDGE_LOOP('',(#1357));
#1357 = ORIENTED_EDGE('',*,*,#778,.T.);
#1358 = FACE_BOUND('',#1359,.T.);
#1359 = EDGE_LOOP('',(#1360));
#1360 = ORIENTED_EDGE('',*,*,#856,.T.);
#1361 = FACE_BOUND('',#1362,.T.);
#1362 = EDGE_LOOP('',(#1363));
#1363 = ORIENTED_EDGE('',*,*,#934,.T.);
#1364 = FACE_BOUND('',#1365,.T.);
#1365 = EDGE_LOOP('',(#1366));
#1366 = ORIENTED_EDGE('',*,*,#1012,.T.);
#1367 = FACE_BOUND('',#1368,.T.);
#1368 = EDGE_LOOP('',(#1369));
#1369 = ORIENTED_EDGE('',*,*,#1090,.T.);
#1370 = FACE_BOUND('',#1371,.T.);
#1371 = EDGE_LOOP('',(#1372));
#1372 = ORIENTED_EDGE('',*,*,#1168,.T.);
#1373 = FACE_BOUND('',#1374,.T.);
#1374 = EDGE_LOOP('',(#1375));
#1375 = ORIENTED_EDGE('',*,*,#1246,.T.);
#1376 = ( GEOMETRIC_REPRESENTATION_CONTEXT(3) 
GLOBAL_UNCERTAINTY_ASSIGNED_CONTEXT((#1380)) 
GLOBAL_UNIT_ASSIGNED_CONTEXT((#1377,#1378,#1379)) REPRESENTATION_CONTEXT
('Context #1','3D Context with UNIT and UNCERTAINTY') );
#1377 = ( LENGTH_UNIT() NAMED_UNIT(*) SI_UNIT(.MILLI.,.METRE.) );
#1378 = ( NAMED_UNIT(*) PLANE_ANGLE_UNIT() SI_UNIT($,.RADIAN.) );
#1379 = ( NAMED_UNIT(*) SI_UNIT($,.STERADIAN.) SOLID_ANGLE_UNIT() );
#1380 = UNCERTAINTY_MEASURE_WITH_UNIT(LENGTH_MEASURE(1.E-007),#1377,
  'distance_accuracy_value','confusion accuracy');
#1381 = SHAPE_DEFINITION_REPRESENTATION(#1382,#37);
#1382 = PRODUCT_DEFINITION_SHAPE('','',#1383);
#1383 = PRODUCT_DEFINITION('design','',#1384,#1387);
#1384 = PRODUCT_DEFINITION_FORMATION('','',#1385);
#1385 = PRODUCT('Board','Board','',(#1386));
#1386 = PRODUCT_CONTEXT('',#2,'mechanical');
#1387 = PRODUCT_DEFINITION_CONTEXT('part definition',#2,'design');
#1388 = CONTEXT_DEPENDENT_SHAPE_REPRESENTATION(#1389,#1391);
#1389 = ( REPRESENTATION_RELATIONSHIP('','',#37,#10) 
REPRESENTATION_RELATIONSHIP_WITH_TRANSFORMATION(#1390) 
SHAPE_REPRESENTATION_RELATIONSHIP() );
#1390 = ITEM_DEFINED_TRANSFORMATION('','',#11,#15);
#1391 = PRODUCT_DEFINITION_SHAPE('Placement','Placement of an item',
  #1392);
#1392 = NEXT_ASSEMBLY_USAGE_OCCURRENCE('9','=>[0:1:1:2]','',#5,#1383,$);
#1393 = PRODUCT_RELATED_PRODUCT_CATEGORY('part',$,(#1385));
#1394 = SHAPE_DEFINITION_REPRESENTATION(#1395,#1401);
#1395 = PRODUCT_DEFINITION_SHAPE('','',#1396);
#1396 = PRODUCT_DEFINITION('design','',#1397,#1400);
#1397 = PRODUCT_DEFINITION_FORMATION('','',#1398);
#1398 = PRODUCT('JP1','JP1','',(#1399));
#1399 = PRODUCT_CONTEXT('',#2,'mechanical');
#1400 = PRODUCT_DEFINITION_CONTEXT('part definition',#2,'design');
#1401 = SHAPE_REPRESENTATION('',(#11,#1402,#1406),#1410);
#1402 = AXIS2_PLACEMENT_3D('',#1403,#1404,#1405);
#1403 = CARTESIAN_POINT('',(137.00137192,102.87004064,-4.84611934));
#1404 = DIRECTION('',(1.164966820813E-015,-8.742277645102E-008,1.));
#1405 = DIRECTION('',(1.192488074953E-008,-1.,-8.742277645102E-008));
#1406 = AXIS2_PLACEMENT_3D('',#1407,#1408,#1409);
#1407 = CARTESIAN_POINT('',(137.00137192,102.87004064,-4.84611934));
#1408 = DIRECTION('',(1.164966820813E-015,-8.742277645102E-008,1.));
#1409 = DIRECTION('',(1.192488074953E-008,-1.,-8.742277645102E-008));
#1410 = ( GEOMETRIC_REPRESENTATION_CONTEXT(3) 
GLOBAL_UNCERTAINTY_ASSIGNED_CONTEXT((#1414)) 
GLOBAL_UNIT_ASSIGNED_CONTEXT((#1411,#1412,#1413)) REPRESENTATION_CONTEXT
('Context #1','3D Context with UNIT and UNCERTAINTY') );
#1411 = ( LENGTH_UNIT() NAMED_UNIT(*) SI_UNIT(.MILLI.,.METRE.) );
#1412 = ( NAMED_UNIT(*) PLANE_ANGLE_UNIT() SI_UNIT($,.RADIAN.) );
#1413 = ( NAMED_UNIT(*) SI_UNIT($,.STERADIAN.) SOLID_ANGLE_UNIT() );
#1414 = UNCERTAINTY_MEASURE_WITH_UNIT(LENGTH_MEASURE(1.E-007),#1411,
  'distance_accuracy_value','confusion accuracy');
#1415 = ADVANCED_BREP_SHAPE_REPRESENTATION('',(#11,#1416),#8024);
#1416 = MANIFOLD_SOLID_BREP('',#1417);
#1417 = CLOSED_SHELL('',(#1418,#1652,#2176,#2247,#2296,#2367,#2438,#2487
    ,#2558,#2607,#2770,#3132,#3273,#3280,#3395,#3587,#4104,#4237,#4286,
    #4382,#4409,#4436,#4463,#4470,#4591,#4667,#4743,#4792,#4841,#4912,
    #4939,#4946,#4973,#5000,#5007,#5083,#5275,#5324,#5373,#5540,#5567,
    #5574,#5600,#5626,#5653,#5680,#5706,#5732,#5739,#5815,#6046,#6095,
    #6144,#6340,#6367,#6374,#6467,#6474,#6481,#6507,#6533,#6560,#6587,
    #6613,#6639,#6646,#6722,#6953,#7002,#7051,#7247,#7274,#7281,#7374,
    #7381,#7388,#7414,#7440,#7467,#7494,#7520,#7546,#7553,#7602,#7651,
    #7678,#7685,#7852,#7878,#7904,#7931,#7958,#7984,#8010,#8017));
#1418 = ADVANCED_FACE('',(#1419,#1538),#1433,.F.);
#1419 = FACE_BOUND('',#1420,.T.);
#1420 = EDGE_LOOP('',(#1421,#1456,#1484,#1512));
#1421 = ORIENTED_EDGE('',*,*,#1422,.F.);
#1422 = EDGE_CURVE('',#1423,#1425,#1427,.T.);
#1423 = VERTEX_POINT('',#1424);
#1424 = CARTESIAN_POINT('',(-5.08,1.5875,-3.175));
#1425 = VERTEX_POINT('',#1426);
#1426 = CARTESIAN_POINT('',(-5.08,1.5875,3.175));
#1427 = SURFACE_CURVE('',#1428,(#1432,#1444),.PCURVE_S1.);
#1428 = LINE('',#1429,#1430);
#1429 = CARTESIAN_POINT('',(-5.08,1.5875,-3.175));
#1430 = VECTOR('',#1431,1.);
#1431 = DIRECTION('',(0.E+000,0.E+000,1.));
#1432 = PCURVE('',#1433,#1438);
#1433 = PLANE('',#1434);
#1434 = AXIS2_PLACEMENT_3D('',#1435,#1436,#1437);
#1435 = CARTESIAN_POINT('',(-5.08,0.E+000,0.E+000));
#1436 = DIRECTION('',(1.,0.E+000,0.E+000));
#1437 = DIRECTION('',(0.E+000,1.,0.E+000));
#1438 = DEFINITIONAL_REPRESENTATION('',(#1439),#1443);
#1439 = LINE('',#1440,#1441);
#1440 = CARTESIAN_POINT('',(1.5875,-3.175));
#1441 = VECTOR('',#1442,1.);
#1442 = DIRECTION('',(0.E+000,1.));
#1443 = ( GEOMETRIC_REPRESENTATION_CONTEXT(2) 
PARAMETRIC_REPRESENTATION_CONTEXT() REPRESENTATION_CONTEXT('2D SPACE',''
  ) );
#1444 = PCURVE('',#1445,#1450);
#1445 = PLANE('',#1446);
#1446 = AXIS2_PLACEMENT_3D('',#1447,#1448,#1449);
#1447 = CARTESIAN_POINT('',(-5.08,1.5875,-3.175));
#1448 = DIRECTION('',(0.E+000,1.,0.E+000));
#1449 = DIRECTION('',(1.,0.E+000,0.E+000));
#1450 = DEFINITIONAL_REPRESENTATION('',(#1451),#1455);
#1451 = LINE('',#1452,#1453);
#1452 = CARTESIAN_POINT('',(0.E+000,0.E+000));
#1453 = VECTOR('',#1454,1.);
#1454 = DIRECTION('',(0.E+000,-1.));
#1455 = ( GEOMETRIC_REPRESENTATION_CONTEXT(2) 
PARAMETRIC_REPRESENTATION_CONTEXT() REPRESENTATION_CONTEXT('2D SPACE',''
  ) );
#1456 = ORIENTED_EDGE('',*,*,#1457,.F.);
#1457 = EDGE_CURVE('',#1458,#1423,#1460,.T.);
#1458 = VERTEX_POINT('',#1459);
#1459 = CARTESIAN_POINT('',(-5.08,-1.5875,-3.175));
#1460 = SURFACE_CURVE('',#1461,(#1465,#1472),.PCURVE_S1.);
#1461 = LINE('',#1462,#1463);
#1462 = CARTESIAN_POINT('',(-5.08,-1.5875,-3.175));
#1463 = VECTOR('',#1464,1.);
#1464 = DIRECTION('',(0.E+000,1.,0.E+000));
#1465 = PCURVE('',#1433,#1466);
#1466 = DEFINITIONAL_REPRESENTATION('',(#1467),#1471);
#1467 = LINE('',#1468,#1469);
#1468 = CARTESIAN_POINT('',(-1.5875,-3.175));
#1469 = VECTOR('',#1470,1.);
#1470 = DIRECTION('',(1.,0.E+000));
#1471 = ( GEOMETRIC_REPRESENTATION_CONTEXT(2) 
PARAMETRIC_REPRESENTATION_CONTEXT() REPRESENTATION_CONTEXT('2D SPACE',''
  ) );
#1472 = PCURVE('',#1473,#1478);
#1473 = PLANE('',#1474);
#1474 = AXIS2_PLACEMENT_3D('',#1475,#1476,#1477);
#1475 = CARTESIAN_POINT('',(-5.08,-1.5875,-3.175));
#1476 = DIRECTION('',(0.E+000,0.E+000,-1.));
#1477 = DIRECTION('',(0.E+000,-1.,0.E+000));
#1478 = DEFINITIONAL_REPRESENTATION('',(#1479),#1483);
#1479 = LINE('',#1480,#1481);
#1480 = CARTESIAN_POINT('',(0.E+000,0.E+000));
#1481 = VECTOR('',#1482,1.);
#1482 = DIRECTION('',(-1.,0.E+000));
#1483 = ( GEOMETRIC_REPRESENTATION_CONTEXT(2) 
PARAMETRIC_REPRESENTATION_CONTEXT() REPRESENTATION_CONTEXT('2D SPACE',''
  ) );
#1484 = ORIENTED_EDGE('',*,*,#1485,.F.);
#1485 = EDGE_CURVE('',#1486,#1458,#1488,.T.);
#1486 = VERTEX_POINT('',#1487);
#1487 = CARTESIAN_POINT('',(-5.08,-1.5875,3.175));
#1488 = SURFACE_CURVE('',#1489,(#1493,#1500),.PCURVE_S1.);
#1489 = LINE('',#1490,#1491);
#1490 = CARTESIAN_POINT('',(-5.08,-1.5875,3.175));
#1491 = VECTOR('',#1492,1.);
#1492 = DIRECTION('',(0.E+000,0.E+000,-1.));
#1493 = PCURVE('',#1433,#1494);
#1494 = DEFINITIONAL_REPRESENTATION('',(#1495),#1499);
#1495 = LINE('',#1496,#1497);
#1496 = CARTESIAN_POINT('',(-1.5875,3.175));
#1497 = VECTOR('',#1498,1.);
#1498 = DIRECTION('',(0.E+000,-1.));
#1499 = ( GEOMETRIC_REPRESENTATION_CONTEXT(2) 
PARAMETRIC_REPRESENTATION_CONTEXT() REPRESENTATION_CONTEXT('2D SPACE',''
  ) );
#1500 = PCURVE('',#1501,#1506);
#1501 = PLANE('',#1502);
#1502 = AXIS2_PLACEMENT_3D('',#1503,#1504,#1505);
#1503 = CARTESIAN_POINT('',(-5.08,-1.5875,3.175));
#1504 = DIRECTION('',(0.E+000,-1.,0.E+000));
#1505 = DIRECTION('',(0.E+000,0.E+000,-1.));
#1506 = DEFINITIONAL_REPRESENTATION('',(#1507),#1511);
#1507 = LINE('',#1508,#1509);
#1508 = CARTESIAN_POINT('',(0.E+000,0.E+000));
#1509 = VECTOR('',#1510,1.);
#1510 = DIRECTION('',(1.,0.E+000));
#1511 = ( GEOMETRIC_REPRESENTATION_CONTEXT(2) 
PARAMETRIC_REPRESENTATION_CONTEXT() REPRESENTATION_CONTEXT('2D SPACE',''
  ) );
#1512 = ORIENTED_EDGE('',*,*,#1513,.F.);
#1513 = EDGE_CURVE('',#1425,#1486,#1514,.T.);
#1514 = SURFACE_CURVE('',#1515,(#1519,#1526),.PCURVE_S1.);
#1515 = LINE('',#1516,#1517);
#1516 = CARTESIAN_POINT('',(-5.08,1.5875,3.175));
#1517 = VECTOR('',#1518,1.);
#1518 = DIRECTION('',(0.E+000,-1.,0.E+000));
#1519 = PCURVE('',#1433,#1520);
#1520 = DEFINITIONAL_REPRESENTATION('',(#1521),#1525);
#1521 = LINE('',#1522,#1523);
#1522 = CARTESIAN_POINT('',(1.5875,3.175));
#1523 = VECTOR('',#1524,1.);
#1524 = DIRECTION('',(-1.,0.E+000));
#1525 = ( GEOMETRIC_REPRESENTATION_CONTEXT(2) 
PARAMETRIC_REPRESENTATION_CONTEXT() REPRESENTATION_CONTEXT('2D SPACE',''
  ) );
#1526 = PCURVE('',#1527,#1532);
#1527 = PLANE('',#1528);
#1528 = AXIS2_PLACEMENT_3D('',#1529,#1530,#1531);
#1529 = CARTESIAN_POINT('',(-5.08,1.5875,3.175));
#1530 = DIRECTION('',(0.E+000,0.E+000,1.));
#1531 = DIRECTION('',(1.,0.E+000,0.E+000));
#1532 = DEFINITIONAL_REPRESENTATION('',(#1533),#1537);
#1533 = LINE('',#1534,#1535);
#1534 = CARTESIAN_POINT('',(0.E+000,0.E+000));
#1535 = VECTOR('',#1536,1.);
#1536 = DIRECTION('',(0.E+000,-1.));
#1537 = ( GEOMETRIC_REPRESENTATION_CONTEXT(2) 
PARAMETRIC_REPRESENTATION_CONTEXT() REPRESENTATION_CONTEXT('2D SPACE',''
  ) );
#1538 = FACE_BOUND('',#1539,.T.);
#1539 = EDGE_LOOP('',(#1540,#1570,#1598,#1626));
#1540 = ORIENTED_EDGE('',*,*,#1541,.T.);
#1541 = EDGE_CURVE('',#1542,#1544,#1546,.T.);
#1542 = VERTEX_POINT('',#1543);
#1543 = CARTESIAN_POINT('',(-5.08,0.762,-2.286));
#1544 = VERTEX_POINT('',#1545);
#1545 = CARTESIAN_POINT('',(-5.08,0.762,2.286));
#1546 = SURFACE_CURVE('',#1547,(#1551,#1558),.PCURVE_S1.);
#1547 = LINE('',#1548,#1549);
#1548 = CARTESIAN_POINT('',(-5.08,0.762,-2.286));
#1549 = VECTOR('',#1550,1.);
#1550 = DIRECTION('',(0.E+000,0.E+000,1.));
#1551 = PCURVE('',#1433,#1552);
#1552 = DEFINITIONAL_REPRESENTATION('',(#1553),#1557);
#1553 = LINE('',#1554,#1555);
#1554 = CARTESIAN_POINT('',(0.762,-2.286));
#1555 = VECTOR('',#1556,1.);
#1556 = DIRECTION('',(0.E+000,1.));
#1557 = ( GEOMETRIC_REPRESENTATION_CONTEXT(2) 
PARAMETRIC_REPRESENTATION_CONTEXT() REPRESENTATION_CONTEXT('2D SPACE',''
  ) );
#1558 = PCURVE('',#1559,#1564);
#1559 = PLANE('',#1560);
#1560 = AXIS2_PLACEMENT_3D('',#1561,#1562,#1563);
#1561 = CARTESIAN_POINT('',(-4.826,0.635,-2.286));
#1562 = DIRECTION('',(0.4472135955,0.894427191,0.E+000));
#1563 = DIRECTION('',(0.E+000,0.E+000,-1.));
#1564 = DEFINITIONAL_REPRESENTATION('',(#1565),#1569);
#1565 = LINE('',#1566,#1567);
#1566 = CARTESIAN_POINT('',(0.E+000,0.283980633142));
#1567 = VECTOR('',#1568,1.);
#1568 = DIRECTION('',(-1.,0.E+000));
#1569 = ( GEOMETRIC_REPRESENTATION_CONTEXT(2) 
PARAMETRIC_REPRESENTATION_CONTEXT() REPRESENTATION_CONTEXT('2D SPACE',''
  ) );
#1570 = ORIENTED_EDGE('',*,*,#1571,.F.);
#1571 = EDGE_CURVE('',#1572,#1544,#1574,.T.);
#1572 = VERTEX_POINT('',#1573);
#1573 = CARTESIAN_POINT('',(-5.08,-0.254,2.286));
#1574 = SURFACE_CURVE('',#1575,(#1579,#1586),.PCURVE_S1.);
#1575 = LINE('',#1576,#1577);
#1576 = CARTESIAN_POINT('',(-5.08,-0.254,2.286));
#1577 = VECTOR('',#1578,1.);
#1578 = DIRECTION('',(0.E+000,1.,0.E+000));
#1579 = PCURVE('',#1433,#1580);
#1580 = DEFINITIONAL_REPRESENTATION('',(#1581),#1585);
#1581 = LINE('',#1582,#1583);
#1582 = CARTESIAN_POINT('',(-0.254,2.286));
#1583 = VECTOR('',#1584,1.);
#1584 = DIRECTION('',(1.,0.E+000));
#1585 = ( GEOMETRIC_REPRESENTATION_CONTEXT(2) 
PARAMETRIC_REPRESENTATION_CONTEXT() REPRESENTATION_CONTEXT('2D SPACE',''
  ) );
#1586 = PCURVE('',#1587,#1592);
#1587 = PLANE('',#1588);
#1588 = AXIS2_PLACEMENT_3D('',#1589,#1590,#1591);
#1589 = CARTESIAN_POINT('',(0.E+000,0.E+000,2.286));
#1590 = DIRECTION('',(0.E+000,0.E+000,1.));
#1591 = DIRECTION('',(1.,0.E+000,0.E+000));
#1592 = DEFINITIONAL_REPRESENTATION('',(#1593),#1597);
#1593 = LINE('',#1594,#1595);
#1594 = CARTESIAN_POINT('',(-5.08,-0.254));
#1595 = VECTOR('',#1596,1.);
#1596 = DIRECTION('',(0.E+000,1.));
#1597 = ( GEOMETRIC_REPRESENTATION_CONTEXT(2) 
PARAMETRIC_REPRESENTATION_CONTEXT() REPRESENTATION_CONTEXT('2D SPACE',''
  ) );
#1598 = ORIENTED_EDGE('',*,*,#1599,.F.);
#1599 = EDGE_CURVE('',#1600,#1572,#1602,.T.);
#1600 = VERTEX_POINT('',#1601);
#1601 = CARTESIAN_POINT('',(-5.08,-0.254,-2.286));
#1602 = SURFACE_CURVE('',#1603,(#1607,#1614),.PCURVE_S1.);
#1603 = LINE('',#1604,#1605);
#1604 = CARTESIAN_POINT('',(-5.08,-0.254,-2.286));
#1605 = VECTOR('',#1606,1.);
#1606 = DIRECTION('',(0.E+000,0.E+000,1.));
#1607 = PCURVE('',#1433,#1608);
#1608 = DEFINITIONAL_REPRESENTATION('',(#1609),#1613);
#1609 = LINE('',#1610,#1611);
#1610 = CARTESIAN_POINT('',(-0.254,-2.286));
#1611 = VECTOR('',#1612,1.);
#1612 = DIRECTION('',(0.E+000,1.));
#1613 = ( GEOMETRIC_REPRESENTATION_CONTEXT(2) 
PARAMETRIC_REPRESENTATION_CONTEXT() REPRESENTATION_CONTEXT('2D SPACE',''
  ) );
#1614 = PCURVE('',#1615,#1620);
#1615 = PLANE('',#1616);
#1616 = AXIS2_PLACEMENT_3D('',#1617,#1618,#1619);
#1617 = CARTESIAN_POINT('',(-5.08,-0.254,-2.286));
#1618 = DIRECTION('',(0.4472135955,-0.894427191,0.E+000));
#1619 = DIRECTION('',(0.E+000,0.E+000,-1.));
#1620 = DEFINITIONAL_REPRESENTATION('',(#1621),#1625);
#1621 = LINE('',#1622,#1623);
#1622 = CARTESIAN_POINT('',(0.E+000,0.E+000));
#1623 = VECTOR('',#1624,1.);
#1624 = DIRECTION('',(-1.,0.E+000));
#1625 = ( GEOMETRIC_REPRESENTATION_CONTEXT(2) 
PARAMETRIC_REPRESENTATION_CONTEXT() REPRESENTATION_CONTEXT('2D SPACE',''
  ) );
#1626 = ORIENTED_EDGE('',*,*,#1627,.T.);
#1627 = EDGE_CURVE('',#1600,#1542,#1628,.T.);
#1628 = SURFACE_CURVE('',#1629,(#1633,#1640),.PCURVE_S1.);
#1629 = LINE('',#1630,#1631);
#1630 = CARTESIAN_POINT('',(-5.08,-0.254,-2.286));
#1631 = VECTOR('',#1632,1.);
#1632 = DIRECTION('',(0.E+000,1.,0.E+000));
#1633 = PCURVE('',#1433,#1634);
#1634 = DEFINITIONAL_REPRESENTATION('',(#1635),#1639);
#1635 = LINE('',#1636,#1637);
#1636 = CARTESIAN_POINT('',(-0.254,-2.286));
#1637 = VECTOR('',#1638,1.);
#1638 = DIRECTION('',(1.,0.E+000));
#1639 = ( GEOMETRIC_REPRESENTATION_CONTEXT(2) 
PARAMETRIC_REPRESENTATION_CONTEXT() REPRESENTATION_CONTEXT('2D SPACE',''
  ) );
#1640 = PCURVE('',#1641,#1646);
#1641 = PLANE('',#1642);
#1642 = AXIS2_PLACEMENT_3D('',#1643,#1644,#1645);
#1643 = CARTESIAN_POINT('',(0.E+000,0.E+000,-2.286));
#1644 = DIRECTION('',(0.E+000,0.E+000,1.));
#1645 = DIRECTION('',(1.,0.E+000,0.E+000));
#1646 = DEFINITIONAL_REPRESENTATION('',(#1647),#1651);
#1647 = LINE('',#1648,#1649);
#1648 = CARTESIAN_POINT('',(-5.08,-0.254));
#1649 = VECTOR('',#1650,1.);
#1650 = DIRECTION('',(0.E+000,1.));
#1651 = ( GEOMETRIC_REPRESENTATION_CONTEXT(2) 
PARAMETRIC_REPRESENTATION_CONTEXT() REPRESENTATION_CONTEXT('2D SPACE',''
  ) );
#1652 = ADVANCED_FACE('',(#1653),#1527,.T.);
#1653 = FACE_BOUND('',#1654,.T.);
#1654 = EDGE_LOOP('',(#1655,#1685,#1713,#1741,#1769,#1790,#1791,#1814,
    #1842,#1870,#1898,#1926,#1954,#1982,#2010,#2038,#2066,#2094,#2122,
    #2150));
#1655 = ORIENTED_EDGE('',*,*,#1656,.F.);
#1656 = EDGE_CURVE('',#1657,#1659,#1661,.T.);
#1657 = VERTEX_POINT('',#1658);
#1658 = CARTESIAN_POINT('',(4.2545,-0.9525,3.175));
#1659 = VERTEX_POINT('',#1660);
#1660 = CARTESIAN_POINT('',(3.3655,-0.9525,3.175));
#1661 = SURFACE_CURVE('',#1662,(#1666,#1673),.PCURVE_S1.);
#1662 = LINE('',#1663,#1664);
#1663 = CARTESIAN_POINT('',(4.2545,-0.9525,3.175));
#1664 = VECTOR('',#1665,1.);
#1665 = DIRECTION('',(-1.,0.E+000,0.E+000));
#1666 = PCURVE('',#1527,#1667);
#1667 = DEFINITIONAL_REPRESENTATION('',(#1668),#1672);
#1668 = LINE('',#1669,#1670);
#1669 = CARTESIAN_POINT('',(9.3345,-2.54));
#1670 = VECTOR('',#1671,1.);
#1671 = DIRECTION('',(-1.,0.E+000));
#1672 = ( GEOMETRIC_REPRESENTATION_CONTEXT(2) 
PARAMETRIC_REPRESENTATION_CONTEXT() REPRESENTATION_CONTEXT('2D SPACE',''
  ) );
#1673 = PCURVE('',#1674,#1679);
#1674 = PLANE('',#1675);
#1675 = AXIS2_PLACEMENT_3D('',#1676,#1677,#1678);
#1676 = CARTESIAN_POINT('',(4.2545,-0.9525,3.175));
#1677 = DIRECTION('',(0.E+000,1.,0.E+000));
#1678 = DIRECTION('',(1.,0.E+000,0.E+000));
#1679 = DEFINITIONAL_REPRESENTATION('',(#1680),#1684);
#1680 = LINE('',#1681,#1682);
#1681 = CARTESIAN_POINT('',(0.E+000,0.E+000));
#1682 = VECTOR('',#1683,1.);
#1683 = DIRECTION('',(-1.,0.E+000));
#1684 = ( GEOMETRIC_REPRESENTATION_CONTEXT(2) 
PARAMETRIC_REPRESENTATION_CONTEXT() REPRESENTATION_CONTEXT('2D SPACE',''
  ) );
#1685 = ORIENTED_EDGE('',*,*,#1686,.F.);
#1686 = EDGE_CURVE('',#1687,#1657,#1689,.T.);
#1687 = VERTEX_POINT('',#1688);
#1688 = CARTESIAN_POINT('',(4.2545,-1.5875,3.175));
#1689 = SURFACE_CURVE('',#1690,(#1694,#1701),.PCURVE_S1.);
#1690 = LINE('',#1691,#1692);
#1691 = CARTESIAN_POINT('',(4.2545,-1.5875,3.175));
#1692 = VECTOR('',#1693,1.);
#1693 = DIRECTION('',(0.E+000,1.,0.E+000));
#1694 = PCURVE('',#1527,#1695);
#1695 = DEFINITIONAL_REPRESENTATION('',(#1696),#1700);
#1696 = LINE('',#1697,#1698);
#1697 = CARTESIAN_POINT('',(9.3345,-3.175));
#1698 = VECTOR('',#1699,1.);
#1699 = DIRECTION('',(0.E+000,1.));
#1700 = ( GEOMETRIC_REPRESENTATION_CONTEXT(2) 
PARAMETRIC_REPRESENTATION_CONTEXT() REPRESENTATION_CONTEXT('2D SPACE',''
  ) );
#1701 = PCURVE('',#1702,#1707);
#1702 = PLANE('',#1703);
#1703 = AXIS2_PLACEMENT_3D('',#1704,#1705,#1706);
#1704 = CARTESIAN_POINT('',(4.2545,-1.5875,3.175));
#1705 = DIRECTION('',(1.,0.E+000,0.E+000));
#1706 = DIRECTION('',(0.E+000,1.,0.E+000));
#1707 = DEFINITIONAL_REPRESENTATION('',(#1708),#1712);
#1708 = LINE('',#1709,#1710);
#1709 = CARTESIAN_POINT('',(0.E+000,0.E+000));
#1710 = VECTOR('',#1711,1.);
#1711 = DIRECTION('',(1.,0.E+000));
#1712 = ( GEOMETRIC_REPRESENTATION_CONTEXT(2) 
PARAMETRIC_REPRESENTATION_CONTEXT() REPRESENTATION_CONTEXT('2D SPACE',''
  ) );
#1713 = ORIENTED_EDGE('',*,*,#1714,.T.);
#1714 = EDGE_CURVE('',#1687,#1715,#1717,.T.);
#1715 = VERTEX_POINT('',#1716);
#1716 = CARTESIAN_POINT('',(5.08,-1.5875,3.175));
#1717 = SURFACE_CURVE('',#1718,(#1722,#1729),.PCURVE_S1.);
#1718 = LINE('',#1719,#1720);
#1719 = CARTESIAN_POINT('',(4.2545,-1.5875,3.175));
#1720 = VECTOR('',#1721,1.);
#1721 = DIRECTION('',(1.,0.E+000,0.E+000));
#1722 = PCURVE('',#1527,#1723);
#1723 = DEFINITIONAL_REPRESENTATION('',(#1724),#1728);
#1724 = LINE('',#1725,#1726);
#1725 = CARTESIAN_POINT('',(9.3345,-3.175));
#1726 = VECTOR('',#1727,1.);
#1727 = DIRECTION('',(1.,0.E+000));
#1728 = ( GEOMETRIC_REPRESENTATION_CONTEXT(2) 
PARAMETRIC_REPRESENTATION_CONTEXT() REPRESENTATION_CONTEXT('2D SPACE',''
  ) );
#1729 = PCURVE('',#1730,#1735);
#1730 = PLANE('',#1731);
#1731 = AXIS2_PLACEMENT_3D('',#1732,#1733,#1734);
#1732 = CARTESIAN_POINT('',(-5.08,-1.5875,3.175));
#1733 = DIRECTION('',(0.E+000,-1.,0.E+000));
#1734 = DIRECTION('',(0.E+000,0.E+000,-1.));
#1735 = DEFINITIONAL_REPRESENTATION('',(#1736),#1740);
#1736 = LINE('',#1737,#1738);
#1737 = CARTESIAN_POINT('',(0.E+000,9.3345));
#1738 = VECTOR('',#1739,1.);
#1739 = DIRECTION('',(0.E+000,1.));
#1740 = ( GEOMETRIC_REPRESENTATION_CONTEXT(2) 
PARAMETRIC_REPRESENTATION_CONTEXT() REPRESENTATION_CONTEXT('2D SPACE',''
  ) );
#1741 = ORIENTED_EDGE('',*,*,#1742,.F.);
#1742 = EDGE_CURVE('',#1743,#1715,#1745,.T.);
#1743 = VERTEX_POINT('',#1744);
#1744 = CARTESIAN_POINT('',(5.08,1.5875,3.175));
#1745 = SURFACE_CURVE('',#1746,(#1750,#1757),.PCURVE_S1.);
#1746 = LINE('',#1747,#1748);
#1747 = CARTESIAN_POINT('',(5.08,1.5875,3.175));
#1748 = VECTOR('',#1749,1.);
#1749 = DIRECTION('',(0.E+000,-1.,0.E+000));
#1750 = PCURVE('',#1527,#1751);
#1751 = DEFINITIONAL_REPRESENTATION('',(#1752),#1756);
#1752 = LINE('',#1753,#1754);
#1753 = CARTESIAN_POINT('',(10.16,0.E+000));
#1754 = VECTOR('',#1755,1.);
#1755 = DIRECTION('',(0.E+000,-1.));
#1756 = ( GEOMETRIC_REPRESENTATION_CONTEXT(2) 
PARAMETRIC_REPRESENTATION_CONTEXT() REPRESENTATION_CONTEXT('2D SPACE',''
  ) );
#1757 = PCURVE('',#1758,#1763);
#1758 = PLANE('',#1759);
#1759 = AXIS2_PLACEMENT_3D('',#1760,#1761,#1762);
#1760 = CARTESIAN_POINT('',(5.08,0.E+000,0.E+000));
#1761 = DIRECTION('',(1.,0.E+000,0.E+000));
#1762 = DIRECTION('',(0.E+000,1.,0.E+000));
#1763 = DEFINITIONAL_REPRESENTATION('',(#1764),#1768);
#1764 = LINE('',#1765,#1766);
#1765 = CARTESIAN_POINT('',(1.5875,3.175));
#1766 = VECTOR('',#1767,1.);
#1767 = DIRECTION('',(-1.,0.E+000));
#1768 = ( GEOMETRIC_REPRESENTATION_CONTEXT(2) 
PARAMETRIC_REPRESENTATION_CONTEXT() REPRESENTATION_CONTEXT('2D SPACE',''
  ) );
#1769 = ORIENTED_EDGE('',*,*,#1770,.F.);
#1770 = EDGE_CURVE('',#1425,#1743,#1771,.T.);
#1771 = SURFACE_CURVE('',#1772,(#1776,#1783),.PCURVE_S1.);
#1772 = LINE('',#1773,#1774);
#1773 = CARTESIAN_POINT('',(-5.08,1.5875,3.175));
#1774 = VECTOR('',#1775,1.);
#1775 = DIRECTION('',(1.,0.E+000,0.E+000));
#1776 = PCURVE('',#1527,#1777);
#1777 = DEFINITIONAL_REPRESENTATION('',(#1778),#1782);
#1778 = LINE('',#1779,#1780);
#1779 = CARTESIAN_POINT('',(0.E+000,0.E+000));
#1780 = VECTOR('',#1781,1.);
#1781 = DIRECTION('',(1.,0.E+000));
#1782 = ( GEOMETRIC_REPRESENTATION_CONTEXT(2) 
PARAMETRIC_REPRESENTATION_CONTEXT() REPRESENTATION_CONTEXT('2D SPACE',''
  ) );
#1783 = PCURVE('',#1445,#1784);
#1784 = DEFINITIONAL_REPRESENTATION('',(#1785),#1789);
#1785 = LINE('',#1786,#1787);
#1786 = CARTESIAN_POINT('',(0.E+000,-6.35));
#1787 = VECTOR('',#1788,1.);
#1788 = DIRECTION('',(1.,0.E+000));
#1789 = ( GEOMETRIC_REPRESENTATION_CONTEXT(2) 
PARAMETRIC_REPRESENTATION_CONTEXT() REPRESENTATION_CONTEXT('2D SPACE',''
  ) );
#1790 = ORIENTED_EDGE('',*,*,#1513,.T.);
#1791 = ORIENTED_EDGE('',*,*,#1792,.T.);
#1792 = EDGE_CURVE('',#1486,#1793,#1795,.T.);
#1793 = VERTEX_POINT('',#1794);
#1794 = CARTESIAN_POINT('',(-4.2545,-1.5875,3.175));
#1795 = SURFACE_CURVE('',#1796,(#1800,#1807),.PCURVE_S1.);
#1796 = LINE('',#1797,#1798);
#1797 = CARTESIAN_POINT('',(-5.08,-1.5875,3.175));
#1798 = VECTOR('',#1799,1.);
#1799 = DIRECTION('',(1.,0.E+000,0.E+000));
#1800 = PCURVE('',#1527,#1801);
#1801 = DEFINITIONAL_REPRESENTATION('',(#1802),#1806);
#1802 = LINE('',#1803,#1804);
#1803 = CARTESIAN_POINT('',(0.E+000,-3.175));
#1804 = VECTOR('',#1805,1.);
#1805 = DIRECTION('',(1.,0.E+000));
#1806 = ( GEOMETRIC_REPRESENTATION_CONTEXT(2) 
PARAMETRIC_REPRESENTATION_CONTEXT() REPRESENTATION_CONTEXT('2D SPACE',''
  ) );
#1807 = PCURVE('',#1501,#1808);
#1808 = DEFINITIONAL_REPRESENTATION('',(#1809),#1813);
#1809 = LINE('',#1810,#1811);
#1810 = CARTESIAN_POINT('',(0.E+000,0.E+000));
#1811 = VECTOR('',#1812,1.);
#1812 = DIRECTION('',(0.E+000,1.));
#1813 = ( GEOMETRIC_REPRESENTATION_CONTEXT(2) 
PARAMETRIC_REPRESENTATION_CONTEXT() REPRESENTATION_CONTEXT('2D SPACE',''
  ) );
#1814 = ORIENTED_EDGE('',*,*,#1815,.T.);
#1815 = EDGE_CURVE('',#1793,#1816,#1818,.T.);
#1816 = VERTEX_POINT('',#1817);
#1817 = CARTESIAN_POINT('',(-4.2545,-0.9525,3.175));
#1818 = SURFACE_CURVE('',#1819,(#1823,#1830),.PCURVE_S1.);
#1819 = LINE('',#1820,#1821);
#1820 = CARTESIAN_POINT('',(-4.2545,-1.5875,3.175));
#1821 = VECTOR('',#1822,1.);
#1822 = DIRECTION('',(0.E+000,1.,0.E+000));
#1823 = PCURVE('',#1527,#1824);
#1824 = DEFINITIONAL_REPRESENTATION('',(#1825),#1829);
#1825 = LINE('',#1826,#1827);
#1826 = CARTESIAN_POINT('',(0.8255,-3.175));
#1827 = VECTOR('',#1828,1.);
#1828 = DIRECTION('',(0.E+000,1.));
#1829 = ( GEOMETRIC_REPRESENTATION_CONTEXT(2) 
PARAMETRIC_REPRESENTATION_CONTEXT() REPRESENTATION_CONTEXT('2D SPACE',''
  ) );
#1830 = PCURVE('',#1831,#1836);
#1831 = PLANE('',#1832);
#1832 = AXIS2_PLACEMENT_3D('',#1833,#1834,#1835);
#1833 = CARTESIAN_POINT('',(-4.2545,-0.9525,3.175));
#1834 = DIRECTION('',(-1.,0.E+000,0.E+000));
#1835 = DIRECTION('',(0.E+000,0.E+000,1.));
#1836 = DEFINITIONAL_REPRESENTATION('',(#1837),#1841);
#1837 = LINE('',#1838,#1839);
#1838 = CARTESIAN_POINT('',(0.E+000,-0.635));
#1839 = VECTOR('',#1840,1.);
#1840 = DIRECTION('',(0.E+000,1.));
#1841 = ( GEOMETRIC_REPRESENTATION_CONTEXT(2) 
PARAMETRIC_REPRESENTATION_CONTEXT() REPRESENTATION_CONTEXT('2D SPACE',''
  ) );
#1842 = ORIENTED_EDGE('',*,*,#1843,.F.);
#1843 = EDGE_CURVE('',#1844,#1816,#1846,.T.);
#1844 = VERTEX_POINT('',#1845);
#1845 = CARTESIAN_POINT('',(-3.3655,-0.9525,3.175));
#1846 = SURFACE_CURVE('',#1847,(#1851,#1858),.PCURVE_S1.);
#1847 = LINE('',#1848,#1849);
#1848 = CARTESIAN_POINT('',(-3.3655,-0.9525,3.175));
#1849 = VECTOR('',#1850,1.);
#1850 = DIRECTION('',(-1.,0.E+000,0.E+000));
#1851 = PCURVE('',#1527,#1852);
#1852 = DEFINITIONAL_REPRESENTATION('',(#1853),#1857);
#1853 = LINE('',#1854,#1855);
#1854 = CARTESIAN_POINT('',(1.7145,-2.54));
#1855 = VECTOR('',#1856,1.);
#1856 = DIRECTION('',(-1.,0.E+000));
#1857 = ( GEOMETRIC_REPRESENTATION_CONTEXT(2) 
PARAMETRIC_REPRESENTATION_CONTEXT() REPRESENTATION_CONTEXT('2D SPACE',''
  ) );
#1858 = PCURVE('',#1859,#1864);
#1859 = PLANE('',#1860);
#1860 = AXIS2_PLACEMENT_3D('',#1861,#1862,#1863);
#1861 = CARTESIAN_POINT('',(-3.3655,-0.9525,3.175));
#1862 = DIRECTION('',(0.E+000,1.,0.E+000));
#1863 = DIRECTION('',(1.,0.E+000,0.E+000));
#1864 = DEFINITIONAL_REPRESENTATION('',(#1865),#1869);
#1865 = LINE('',#1866,#1867);
#1866 = CARTESIAN_POINT('',(0.E+000,0.E+000));
#1867 = VECTOR('',#1868,1.);
#1868 = DIRECTION('',(-1.,0.E+000));
#1869 = ( GEOMETRIC_REPRESENTATION_CONTEXT(2) 
PARAMETRIC_REPRESENTATION_CONTEXT() REPRESENTATION_CONTEXT('2D SPACE',''
  ) );
#1870 = ORIENTED_EDGE('',*,*,#1871,.F.);
#1871 = EDGE_CURVE('',#1872,#1844,#1874,.T.);
#1872 = VERTEX_POINT('',#1873);
#1873 = CARTESIAN_POINT('',(-3.3655,-1.5875,3.175));
#1874 = SURFACE_CURVE('',#1875,(#1879,#1886),.PCURVE_S1.);
#1875 = LINE('',#1876,#1877);
#1876 = CARTESIAN_POINT('',(-3.3655,-1.5875,3.175));
#1877 = VECTOR('',#1878,1.);
#1878 = DIRECTION('',(0.E+000,1.,0.E+000));
#1879 = PCURVE('',#1527,#1880);
#1880 = DEFINITIONAL_REPRESENTATION('',(#1881),#1885);
#1881 = LINE('',#1882,#1883);
#1882 = CARTESIAN_POINT('',(1.7145,-3.175));
#1883 = VECTOR('',#1884,1.);
#1884 = DIRECTION('',(0.E+000,1.));
#1885 = ( GEOMETRIC_REPRESENTATION_CONTEXT(2) 
PARAMETRIC_REPRESENTATION_CONTEXT() REPRESENTATION_CONTEXT('2D SPACE',''
  ) );
#1886 = PCURVE('',#1887,#1892);
#1887 = PLANE('',#1888);
#1888 = AXIS2_PLACEMENT_3D('',#1889,#1890,#1891);
#1889 = CARTESIAN_POINT('',(-3.3655,-1.5875,3.175));
#1890 = DIRECTION('',(1.,0.E+000,0.E+000));
#1891 = DIRECTION('',(0.E+000,1.,0.E+000));
#1892 = DEFINITIONAL_REPRESENTATION('',(#1893),#1897);
#1893 = LINE('',#1894,#1895);
#1894 = CARTESIAN_POINT('',(0.E+000,0.E+000));
#1895 = VECTOR('',#1896,1.);
#1896 = DIRECTION('',(1.,0.E+000));
#1897 = ( GEOMETRIC_REPRESENTATION_CONTEXT(2) 
PARAMETRIC_REPRESENTATION_CONTEXT() REPRESENTATION_CONTEXT('2D SPACE',''
  ) );
#1898 = ORIENTED_EDGE('',*,*,#1899,.T.);
#1899 = EDGE_CURVE('',#1872,#1900,#1902,.T.);
#1900 = VERTEX_POINT('',#1901);
#1901 = CARTESIAN_POINT('',(-1.7145,-1.5875,3.175));
#1902 = SURFACE_CURVE('',#1903,(#1907,#1914),.PCURVE_S1.);
#1903 = LINE('',#1904,#1905);
#1904 = CARTESIAN_POINT('',(-3.3655,-1.5875,3.175));
#1905 = VECTOR('',#1906,1.);
#1906 = DIRECTION('',(1.,0.E+000,0.E+000));
#1907 = PCURVE('',#1527,#1908);
#1908 = DEFINITIONAL_REPRESENTATION('',(#1909),#1913);
#1909 = LINE('',#1910,#1911);
#1910 = CARTESIAN_POINT('',(1.7145,-3.175));
#1911 = VECTOR('',#1912,1.);
#1912 = DIRECTION('',(1.,0.E+000));
#1913 = ( GEOMETRIC_REPRESENTATION_CONTEXT(2) 
PARAMETRIC_REPRESENTATION_CONTEXT() REPRESENTATION_CONTEXT('2D SPACE',''
  ) );
#1914 = PCURVE('',#1915,#1920);
#1915 = PLANE('',#1916);
#1916 = AXIS2_PLACEMENT_3D('',#1917,#1918,#1919);
#1917 = CARTESIAN_POINT('',(-5.08,-1.5875,3.175));
#1918 = DIRECTION('',(0.E+000,-1.,0.E+000));
#1919 = DIRECTION('',(0.E+000,0.E+000,-1.));
#1920 = DEFINITIONAL_REPRESENTATION('',(#1921),#1925);
#1921 = LINE('',#1922,#1923);
#1922 = CARTESIAN_POINT('',(0.E+000,1.7145));
#1923 = VECTOR('',#1924,1.);
#1924 = DIRECTION('',(0.E+000,1.));
#1925 = ( GEOMETRIC_REPRESENTATION_CONTEXT(2) 
PARAMETRIC_REPRESENTATION_CONTEXT() REPRESENTATION_CONTEXT('2D SPACE',''
  ) );
#1926 = ORIENTED_EDGE('',*,*,#1927,.T.);
#1927 = EDGE_CURVE('',#1900,#1928,#1930,.T.);
#1928 = VERTEX_POINT('',#1929);
#1929 = CARTESIAN_POINT('',(-1.7145,-0.9525,3.175));
#1930 = SURFACE_CURVE('',#1931,(#1935,#1942),.PCURVE_S1.);
#1931 = LINE('',#1932,#1933);
#1932 = CARTESIAN_POINT('',(-1.7145,-1.5875,3.175));
#1933 = VECTOR('',#1934,1.);
#1934 = DIRECTION('',(0.E+000,1.,0.E+000));
#1935 = PCURVE('',#1527,#1936);
#1936 = DEFINITIONAL_REPRESENTATION('',(#1937),#1941);
#1937 = LINE('',#1938,#1939);
#1938 = CARTESIAN_POINT('',(3.3655,-3.175));
#1939 = VECTOR('',#1940,1.);
#1940 = DIRECTION('',(0.E+000,1.));
#1941 = ( GEOMETRIC_REPRESENTATION_CONTEXT(2) 
PARAMETRIC_REPRESENTATION_CONTEXT() REPRESENTATION_CONTEXT('2D SPACE',''
  ) );
#1942 = PCURVE('',#1943,#1948);
#1943 = PLANE('',#1944);
#1944 = AXIS2_PLACEMENT_3D('',#1945,#1946,#1947);
#1945 = CARTESIAN_POINT('',(-1.7145,-0.9525,3.175));
#1946 = DIRECTION('',(-1.,0.E+000,0.E+000));
#1947 = DIRECTION('',(0.E+000,0.E+000,1.));
#1948 = DEFINITIONAL_REPRESENTATION('',(#1949),#1953);
#1949 = LINE('',#1950,#1951);
#1950 = CARTESIAN_POINT('',(0.E+000,-0.635));
#1951 = VECTOR('',#1952,1.);
#1952 = DIRECTION('',(0.E+000,1.));
#1953 = ( GEOMETRIC_REPRESENTATION_CONTEXT(2) 
PARAMETRIC_REPRESENTATION_CONTEXT() REPRESENTATION_CONTEXT('2D SPACE',''
  ) );
#1954 = ORIENTED_EDGE('',*,*,#1955,.F.);
#1955 = EDGE_CURVE('',#1956,#1928,#1958,.T.);
#1956 = VERTEX_POINT('',#1957);
#1957 = CARTESIAN_POINT('',(-0.8255,-0.9525,3.175));
#1958 = SURFACE_CURVE('',#1959,(#1963,#1970),.PCURVE_S1.);
#1959 = LINE('',#1960,#1961);
#1960 = CARTESIAN_POINT('',(-0.8255,-0.9525,3.175));
#1961 = VECTOR('',#1962,1.);
#1962 = DIRECTION('',(-1.,0.E+000,0.E+000));
#1963 = PCURVE('',#1527,#1964);
#1964 = DEFINITIONAL_REPRESENTATION('',(#1965),#1969);
#1965 = LINE('',#1966,#1967);
#1966 = CARTESIAN_POINT('',(4.2545,-2.54));
#1967 = VECTOR('',#1968,1.);
#1968 = DIRECTION('',(-1.,0.E+000));
#1969 = ( GEOMETRIC_REPRESENTATION_CONTEXT(2) 
PARAMETRIC_REPRESENTATION_CONTEXT() REPRESENTATION_CONTEXT('2D SPACE',''
  ) );
#1970 = PCURVE('',#1971,#1976);
#1971 = PLANE('',#1972);
#1972 = AXIS2_PLACEMENT_3D('',#1973,#1974,#1975);
#1973 = CARTESIAN_POINT('',(-0.8255,-0.9525,3.175));
#1974 = DIRECTION('',(0.E+000,1.,0.E+000));
#1975 = DIRECTION('',(1.,0.E+000,0.E+000));
#1976 = DEFINITIONAL_REPRESENTATION('',(#1977),#1981);
#1977 = LINE('',#1978,#1979);
#1978 = CARTESIAN_POINT('',(0.E+000,0.E+000));
#1979 = VECTOR('',#1980,1.);
#1980 = DIRECTION('',(-1.,0.E+000));
#1981 = ( GEOMETRIC_REPRESENTATION_CONTEXT(2) 
PARAMETRIC_REPRESENTATION_CONTEXT() REPRESENTATION_CONTEXT('2D SPACE',''
  ) );
#1982 = ORIENTED_EDGE('',*,*,#1983,.F.);
#1983 = EDGE_CURVE('',#1984,#1956,#1986,.T.);
#1984 = VERTEX_POINT('',#1985);
#1985 = CARTESIAN_POINT('',(-0.8255,-1.5875,3.175));
#1986 = SURFACE_CURVE('',#1987,(#1991,#1998),.PCURVE_S1.);
#1987 = LINE('',#1988,#1989);
#1988 = CARTESIAN_POINT('',(-0.8255,-1.5875,3.175));
#1989 = VECTOR('',#1990,1.);
#1990 = DIRECTION('',(0.E+000,1.,0.E+000));
#1991 = PCURVE('',#1527,#1992);
#1992 = DEFINITIONAL_REPRESENTATION('',(#1993),#1997);
#1993 = LINE('',#1994,#1995);
#1994 = CARTESIAN_POINT('',(4.2545,-3.175));
#1995 = VECTOR('',#1996,1.);
#1996 = DIRECTION('',(0.E+000,1.));
#1997 = ( GEOMETRIC_REPRESENTATION_CONTEXT(2) 
PARAMETRIC_REPRESENTATION_CONTEXT() REPRESENTATION_CONTEXT('2D SPACE',''
  ) );
#1998 = PCURVE('',#1999,#2004);
#1999 = PLANE('',#2000);
#2000 = AXIS2_PLACEMENT_3D('',#2001,#2002,#2003);
#2001 = CARTESIAN_POINT('',(-0.8255,-1.5875,3.175));
#2002 = DIRECTION('',(1.,0.E+000,0.E+000));
#2003 = DIRECTION('',(0.E+000,1.,0.E+000));
#2004 = DEFINITIONAL_REPRESENTATION('',(#2005),#2009);
#2005 = LINE('',#2006,#2007);
#2006 = CARTESIAN_POINT('',(0.E+000,0.E+000));
#2007 = VECTOR('',#2008,1.);
#2008 = DIRECTION('',(1.,0.E+000));
#2009 = ( GEOMETRIC_REPRESENTATION_CONTEXT(2) 
PARAMETRIC_REPRESENTATION_CONTEXT() REPRESENTATION_CONTEXT('2D SPACE',''
  ) );
#2010 = ORIENTED_EDGE('',*,*,#2011,.T.);
#2011 = EDGE_CURVE('',#1984,#2012,#2014,.T.);
#2012 = VERTEX_POINT('',#2013);
#2013 = CARTESIAN_POINT('',(0.8255,-1.5875,3.175));
#2014 = SURFACE_CURVE('',#2015,(#2019,#2026),.PCURVE_S1.);
#2015 = LINE('',#2016,#2017);
#2016 = CARTESIAN_POINT('',(-0.8255,-1.5875,3.175));
#2017 = VECTOR('',#2018,1.);
#2018 = DIRECTION('',(1.,0.E+000,0.E+000));
#2019 = PCURVE('',#1527,#2020);
#2020 = DEFINITIONAL_REPRESENTATION('',(#2021),#2025);
#2021 = LINE('',#2022,#2023);
#2022 = CARTESIAN_POINT('',(4.2545,-3.175));
#2023 = VECTOR('',#2024,1.);
#2024 = DIRECTION('',(1.,0.E+000));
#2025 = ( GEOMETRIC_REPRESENTATION_CONTEXT(2) 
PARAMETRIC_REPRESENTATION_CONTEXT() REPRESENTATION_CONTEXT('2D SPACE',''
  ) );
#2026 = PCURVE('',#2027,#2032);
#2027 = PLANE('',#2028);
#2028 = AXIS2_PLACEMENT_3D('',#2029,#2030,#2031);
#2029 = CARTESIAN_POINT('',(-5.08,-1.5875,3.175));
#2030 = DIRECTION('',(0.E+000,-1.,0.E+000));
#2031 = DIRECTION('',(0.E+000,0.E+000,-1.));
#2032 = DEFINITIONAL_REPRESENTATION('',(#2033),#2037);
#2033 = LINE('',#2034,#2035);
#2034 = CARTESIAN_POINT('',(0.E+000,4.2545));
#2035 = VECTOR('',#2036,1.);
#2036 = DIRECTION('',(0.E+000,1.));
#2037 = ( GEOMETRIC_REPRESENTATION_CONTEXT(2) 
PARAMETRIC_REPRESENTATION_CONTEXT() REPRESENTATION_CONTEXT('2D SPACE',''
  ) );
#2038 = ORIENTED_EDGE('',*,*,#2039,.T.);
#2039 = EDGE_CURVE('',#2012,#2040,#2042,.T.);
#2040 = VERTEX_POINT('',#2041);
#2041 = CARTESIAN_POINT('',(0.8255,-0.9525,3.175));
#2042 = SURFACE_CURVE('',#2043,(#2047,#2054),.PCURVE_S1.);
#2043 = LINE('',#2044,#2045);
#2044 = CARTESIAN_POINT('',(0.8255,-1.5875,3.175));
#2045 = VECTOR('',#2046,1.);
#2046 = DIRECTION('',(0.E+000,1.,0.E+000));
#2047 = PCURVE('',#1527,#2048);
#2048 = DEFINITIONAL_REPRESENTATION('',(#2049),#2053);
#2049 = LINE('',#2050,#2051);
#2050 = CARTESIAN_POINT('',(5.9055,-3.175));
#2051 = VECTOR('',#2052,1.);
#2052 = DIRECTION('',(0.E+000,1.));
#2053 = ( GEOMETRIC_REPRESENTATION_CONTEXT(2) 
PARAMETRIC_REPRESENTATION_CONTEXT() REPRESENTATION_CONTEXT('2D SPACE',''
  ) );
#2054 = PCURVE('',#2055,#2060);
#2055 = PLANE('',#2056);
#2056 = AXIS2_PLACEMENT_3D('',#2057,#2058,#2059);
#2057 = CARTESIAN_POINT('',(0.8255,-0.9525,3.175));
#2058 = DIRECTION('',(-1.,0.E+000,0.E+000));
#2059 = DIRECTION('',(0.E+000,0.E+000,1.));
#2060 = DEFINITIONAL_REPRESENTATION('',(#2061),#2065);
#2061 = LINE('',#2062,#2063);
#2062 = CARTESIAN_POINT('',(0.E+000,-0.635));
#2063 = VECTOR('',#2064,1.);
#2064 = DIRECTION('',(0.E+000,1.));
#2065 = ( GEOMETRIC_REPRESENTATION_CONTEXT(2) 
PARAMETRIC_REPRESENTATION_CONTEXT() REPRESENTATION_CONTEXT('2D SPACE',''
  ) );
#2066 = ORIENTED_EDGE('',*,*,#2067,.F.);
#2067 = EDGE_CURVE('',#2068,#2040,#2070,.T.);
#2068 = VERTEX_POINT('',#2069);
#2069 = CARTESIAN_POINT('',(1.7145,-0.9525,3.175));
#2070 = SURFACE_CURVE('',#2071,(#2075,#2082),.PCURVE_S1.);
#2071 = LINE('',#2072,#2073);
#2072 = CARTESIAN_POINT('',(1.7145,-0.9525,3.175));
#2073 = VECTOR('',#2074,1.);
#2074 = DIRECTION('',(-1.,0.E+000,0.E+000));
#2075 = PCURVE('',#1527,#2076);
#2076 = DEFINITIONAL_REPRESENTATION('',(#2077),#2081);
#2077 = LINE('',#2078,#2079);
#2078 = CARTESIAN_POINT('',(6.7945,-2.54));
#2079 = VECTOR('',#2080,1.);
#2080 = DIRECTION('',(-1.,0.E+000));
#2081 = ( GEOMETRIC_REPRESENTATION_CONTEXT(2) 
PARAMETRIC_REPRESENTATION_CONTEXT() REPRESENTATION_CONTEXT('2D SPACE',''
  ) );
#2082 = PCURVE('',#2083,#2088);
#2083 = PLANE('',#2084);
#2084 = AXIS2_PLACEMENT_3D('',#2085,#2086,#2087);
#2085 = CARTESIAN_POINT('',(1.7145,-0.9525,3.175));
#2086 = DIRECTION('',(0.E+000,1.,0.E+000));
#2087 = DIRECTION('',(1.,0.E+000,0.E+000));
#2088 = DEFINITIONAL_REPRESENTATION('',(#2089),#2093);
#2089 = LINE('',#2090,#2091);
#2090 = CARTESIAN_POINT('',(0.E+000,0.E+000));
#2091 = VECTOR('',#2092,1.);
#2092 = DIRECTION('',(-1.,0.E+000));
#2093 = ( GEOMETRIC_REPRESENTATION_CONTEXT(2) 
PARAMETRIC_REPRESENTATION_CONTEXT() REPRESENTATION_CONTEXT('2D SPACE',''
  ) );
#2094 = ORIENTED_EDGE('',*,*,#2095,.F.);
#2095 = EDGE_CURVE('',#2096,#2068,#2098,.T.);
#2096 = VERTEX_POINT('',#2097);
#2097 = CARTESIAN_POINT('',(1.7145,-1.5875,3.175));
#2098 = SURFACE_CURVE('',#2099,(#2103,#2110),.PCURVE_S1.);
#2099 = LINE('',#2100,#2101);
#2100 = CARTESIAN_POINT('',(1.7145,-1.5875,3.175));
#2101 = VECTOR('',#2102,1.);
#2102 = DIRECTION('',(0.E+000,1.,0.E+000));
#2103 = PCURVE('',#1527,#2104);
#2104 = DEFINITIONAL_REPRESENTATION('',(#2105),#2109);
#2105 = LINE('',#2106,#2107);
#2106 = CARTESIAN_POINT('',(6.7945,-3.175));
#2107 = VECTOR('',#2108,1.);
#2108 = DIRECTION('',(0.E+000,1.));
#2109 = ( GEOMETRIC_REPRESENTATION_CONTEXT(2) 
PARAMETRIC_REPRESENTATION_CONTEXT() REPRESENTATION_CONTEXT('2D SPACE',''
  ) );
#2110 = PCURVE('',#2111,#2116);
#2111 = PLANE('',#2112);
#2112 = AXIS2_PLACEMENT_3D('',#2113,#2114,#2115);
#2113 = CARTESIAN_POINT('',(1.7145,-1.5875,3.175));
#2114 = DIRECTION('',(1.,0.E+000,0.E+000));
#2115 = DIRECTION('',(0.E+000,1.,0.E+000));
#2116 = DEFINITIONAL_REPRESENTATION('',(#2117),#2121);
#2117 = LINE('',#2118,#2119);
#2118 = CARTESIAN_POINT('',(0.E+000,0.E+000));
#2119 = VECTOR('',#2120,1.);
#2120 = DIRECTION('',(1.,0.E+000));
#2121 = ( GEOMETRIC_REPRESENTATION_CONTEXT(2) 
PARAMETRIC_REPRESENTATION_CONTEXT() REPRESENTATION_CONTEXT('2D SPACE',''
  ) );
#2122 = ORIENTED_EDGE('',*,*,#2123,.T.);
#2123 = EDGE_CURVE('',#2096,#2124,#2126,.T.);
#2124 = VERTEX_POINT('',#2125);
#2125 = CARTESIAN_POINT('',(3.3655,-1.5875,3.175));
#2126 = SURFACE_CURVE('',#2127,(#2131,#2138),.PCURVE_S1.);
#2127 = LINE('',#2128,#2129);
#2128 = CARTESIAN_POINT('',(1.7145,-1.5875,3.175));
#2129 = VECTOR('',#2130,1.);
#2130 = DIRECTION('',(1.,0.E+000,0.E+000));
#2131 = PCURVE('',#1527,#2132);
#2132 = DEFINITIONAL_REPRESENTATION('',(#2133),#2137);
#2133 = LINE('',#2134,#2135);
#2134 = CARTESIAN_POINT('',(6.7945,-3.175));
#2135 = VECTOR('',#2136,1.);
#2136 = DIRECTION('',(1.,0.E+000));
#2137 = ( GEOMETRIC_REPRESENTATION_CONTEXT(2) 
PARAMETRIC_REPRESENTATION_CONTEXT() REPRESENTATION_CONTEXT('2D SPACE',''
  ) );
#2138 = PCURVE('',#2139,#2144);
#2139 = PLANE('',#2140);
#2140 = AXIS2_PLACEMENT_3D('',#2141,#2142,#2143);
#2141 = CARTESIAN_POINT('',(-5.08,-1.5875,3.175));
#2142 = DIRECTION('',(0.E+000,-1.,0.E+000));
#2143 = DIRECTION('',(0.E+000,0.E+000,-1.));
#2144 = DEFINITIONAL_REPRESENTATION('',(#2145),#2149);
#2145 = LINE('',#2146,#2147);
#2146 = CARTESIAN_POINT('',(0.E+000,6.7945));
#2147 = VECTOR('',#2148,1.);
#2148 = DIRECTION('',(0.E+000,1.));
#2149 = ( GEOMETRIC_REPRESENTATION_CONTEXT(2) 
PARAMETRIC_REPRESENTATION_CONTEXT() REPRESENTATION_CONTEXT('2D SPACE',''
  ) );
#2150 = ORIENTED_EDGE('',*,*,#2151,.T.);
#2151 = EDGE_CURVE('',#2124,#1659,#2152,.T.);
#2152 = SURFACE_CURVE('',#2153,(#2157,#2164),.PCURVE_S1.);
#2153 = LINE('',#2154,#2155);
#2154 = CARTESIAN_POINT('',(3.3655,-1.5875,3.175));
#2155 = VECTOR('',#2156,1.);
#2156 = DIRECTION('',(0.E+000,1.,0.E+000));
#2157 = PCURVE('',#1527,#2158);
#2158 = DEFINITIONAL_REPRESENTATION('',(#2159),#2163);
#2159 = LINE('',#2160,#2161);
#2160 = CARTESIAN_POINT('',(8.4455,-3.175));
#2161 = VECTOR('',#2162,1.);
#2162 = DIRECTION('',(0.E+000,1.));
#2163 = ( GEOMETRIC_REPRESENTATION_CONTEXT(2) 
PARAMETRIC_REPRESENTATION_CONTEXT() REPRESENTATION_CONTEXT('2D SPACE',''
  ) );
#2164 = PCURVE('',#2165,#2170);
#2165 = PLANE('',#2166);
#2166 = AXIS2_PLACEMENT_3D('',#2167,#2168,#2169);
#2167 = CARTESIAN_POINT('',(3.3655,-0.9525,3.175));
#2168 = DIRECTION('',(-1.,0.E+000,0.E+000));
#2169 = DIRECTION('',(0.E+000,0.E+000,1.));
#2170 = DEFINITIONAL_REPRESENTATION('',(#2171),#2175);
#2171 = LINE('',#2172,#2173);
#2172 = CARTESIAN_POINT('',(0.E+000,-0.635));
#2173 = VECTOR('',#2174,1.);
#2174 = DIRECTION('',(0.E+000,1.));
#2175 = ( GEOMETRIC_REPRESENTATION_CONTEXT(2) 
PARAMETRIC_REPRESENTATION_CONTEXT() REPRESENTATION_CONTEXT('2D SPACE',''
  ) );
#2176 = ADVANCED_FACE('',(#2177),#2165,.F.);
#2177 = FACE_BOUND('',#2178,.T.);
#2178 = EDGE_LOOP('',(#2179,#2204,#2225,#2226));
#2179 = ORIENTED_EDGE('',*,*,#2180,.T.);
#2180 = EDGE_CURVE('',#2181,#2183,#2185,.T.);
#2181 = VERTEX_POINT('',#2182);
#2182 = CARTESIAN_POINT('',(3.3655,-1.5875,-3.175));
#2183 = VERTEX_POINT('',#2184);
#2184 = CARTESIAN_POINT('',(3.3655,-0.9525,-3.175));
#2185 = SURFACE_CURVE('',#2186,(#2190,#2197),.PCURVE_S1.);
#2186 = LINE('',#2187,#2188);
#2187 = CARTESIAN_POINT('',(3.3655,-1.5875,-3.175));
#2188 = VECTOR('',#2189,1.);
#2189 = DIRECTION('',(0.E+000,1.,0.E+000));
#2190 = PCURVE('',#2165,#2191);
#2191 = DEFINITIONAL_REPRESENTATION('',(#2192),#2196);
#2192 = LINE('',#2193,#2194);
#2193 = CARTESIAN_POINT('',(-6.35,-0.635));
#2194 = VECTOR('',#2195,1.);
#2195 = DIRECTION('',(0.E+000,1.));
#2196 = ( GEOMETRIC_REPRESENTATION_CONTEXT(2) 
PARAMETRIC_REPRESENTATION_CONTEXT() REPRESENTATION_CONTEXT('2D SPACE',''
  ) );
#2197 = PCURVE('',#1473,#2198);
#2198 = DEFINITIONAL_REPRESENTATION('',(#2199),#2203);
#2199 = LINE('',#2200,#2201);
#2200 = CARTESIAN_POINT('',(0.E+000,-8.4455));
#2201 = VECTOR('',#2202,1.);
#2202 = DIRECTION('',(-1.,0.E+000));
#2203 = ( GEOMETRIC_REPRESENTATION_CONTEXT(2) 
PARAMETRIC_REPRESENTATION_CONTEXT() REPRESENTATION_CONTEXT('2D SPACE',''
  ) );
#2204 = ORIENTED_EDGE('',*,*,#2205,.F.);
#2205 = EDGE_CURVE('',#1659,#2183,#2206,.T.);
#2206 = SURFACE_CURVE('',#2207,(#2211,#2218),.PCURVE_S1.);
#2207 = LINE('',#2208,#2209);
#2208 = CARTESIAN_POINT('',(3.3655,-0.9525,3.175));
#2209 = VECTOR('',#2210,1.);
#2210 = DIRECTION('',(0.E+000,0.E+000,-1.));
#2211 = PCURVE('',#2165,#2212);
#2212 = DEFINITIONAL_REPRESENTATION('',(#2213),#2217);
#2213 = LINE('',#2214,#2215);
#2214 = CARTESIAN_POINT('',(0.E+000,0.E+000));
#2215 = VECTOR('',#2216,1.);
#2216 = DIRECTION('',(-1.,0.E+000));
#2217 = ( GEOMETRIC_REPRESENTATION_CONTEXT(2) 
PARAMETRIC_REPRESENTATION_CONTEXT() REPRESENTATION_CONTEXT('2D SPACE',''
  ) );
#2218 = PCURVE('',#1674,#2219);
#2219 = DEFINITIONAL_REPRESENTATION('',(#2220),#2224);
#2220 = LINE('',#2221,#2222);
#2221 = CARTESIAN_POINT('',(-0.889,0.E+000));
#2222 = VECTOR('',#2223,1.);
#2223 = DIRECTION('',(0.E+000,1.));
#2224 = ( GEOMETRIC_REPRESENTATION_CONTEXT(2) 
PARAMETRIC_REPRESENTATION_CONTEXT() REPRESENTATION_CONTEXT('2D SPACE',''
  ) );
#2225 = ORIENTED_EDGE('',*,*,#2151,.F.);
#2226 = ORIENTED_EDGE('',*,*,#2227,.T.);
#2227 = EDGE_CURVE('',#2124,#2181,#2228,.T.);
#2228 = SURFACE_CURVE('',#2229,(#2233,#2240),.PCURVE_S1.);
#2229 = LINE('',#2230,#2231);
#2230 = CARTESIAN_POINT('',(3.3655,-1.5875,3.175));
#2231 = VECTOR('',#2232,1.);
#2232 = DIRECTION('',(0.E+000,0.E+000,-1.));
#2233 = PCURVE('',#2165,#2234);
#2234 = DEFINITIONAL_REPRESENTATION('',(#2235),#2239);
#2235 = LINE('',#2236,#2237);
#2236 = CARTESIAN_POINT('',(0.E+000,-0.635));
#2237 = VECTOR('',#2238,1.);
#2238 = DIRECTION('',(-1.,0.E+000));
#2239 = ( GEOMETRIC_REPRESENTATION_CONTEXT(2) 
PARAMETRIC_REPRESENTATION_CONTEXT() REPRESENTATION_CONTEXT('2D SPACE',''
  ) );
#2240 = PCURVE('',#2139,#2241);
#2241 = DEFINITIONAL_REPRESENTATION('',(#2242),#2246);
#2242 = LINE('',#2243,#2244);
#2243 = CARTESIAN_POINT('',(0.E+000,8.4455));
#2244 = VECTOR('',#2245,1.);
#2245 = DIRECTION('',(1.,0.E+000));
#2246 = ( GEOMETRIC_REPRESENTATION_CONTEXT(2) 
PARAMETRIC_REPRESENTATION_CONTEXT() REPRESENTATION_CONTEXT('2D SPACE',''
  ) );
#2247 = ADVANCED_FACE('',(#2248),#1501,.T.);
#2248 = FACE_BOUND('',#2249,.T.);
#2249 = EDGE_LOOP('',(#2250,#2251,#2252,#2275));
#2250 = ORIENTED_EDGE('',*,*,#1792,.F.);
#2251 = ORIENTED_EDGE('',*,*,#1485,.T.);
#2252 = ORIENTED_EDGE('',*,*,#2253,.T.);
#2253 = EDGE_CURVE('',#1458,#2254,#2256,.T.);
#2254 = VERTEX_POINT('',#2255);
#2255 = CARTESIAN_POINT('',(-4.2545,-1.5875,-3.175));
#2256 = SURFACE_CURVE('',#2257,(#2261,#2268),.PCURVE_S1.);
#2257 = LINE('',#2258,#2259);
#2258 = CARTESIAN_POINT('',(-5.08,-1.5875,-3.175));
#2259 = VECTOR('',#2260,1.);
#2260 = DIRECTION('',(1.,0.E+000,0.E+000));
#2261 = PCURVE('',#1501,#2262);
#2262 = DEFINITIONAL_REPRESENTATION('',(#2263),#2267);
#2263 = LINE('',#2264,#2265);
#2264 = CARTESIAN_POINT('',(6.35,0.E+000));
#2265 = VECTOR('',#2266,1.);
#2266 = DIRECTION('',(0.E+000,1.));
#2267 = ( GEOMETRIC_REPRESENTATION_CONTEXT(2) 
PARAMETRIC_REPRESENTATION_CONTEXT() REPRESENTATION_CONTEXT('2D SPACE',''
  ) );
#2268 = PCURVE('',#1473,#2269);
#2269 = DEFINITIONAL_REPRESENTATION('',(#2270),#2274);
#2270 = LINE('',#2271,#2272);
#2271 = CARTESIAN_POINT('',(0.E+000,0.E+000));
#2272 = VECTOR('',#2273,1.);
#2273 = DIRECTION('',(0.E+000,-1.));
#2274 = ( GEOMETRIC_REPRESENTATION_CONTEXT(2) 
PARAMETRIC_REPRESENTATION_CONTEXT() REPRESENTATION_CONTEXT('2D SPACE',''
  ) );
#2275 = ORIENTED_EDGE('',*,*,#2276,.F.);
#2276 = EDGE_CURVE('',#1793,#2254,#2277,.T.);
#2277 = SURFACE_CURVE('',#2278,(#2282,#2289),.PCURVE_S1.);
#2278 = LINE('',#2279,#2280);
#2279 = CARTESIAN_POINT('',(-4.2545,-1.5875,3.175));
#2280 = VECTOR('',#2281,1.);
#2281 = DIRECTION('',(0.E+000,0.E+000,-1.));
#2282 = PCURVE('',#1501,#2283);
#2283 = DEFINITIONAL_REPRESENTATION('',(#2284),#2288);
#2284 = LINE('',#2285,#2286);
#2285 = CARTESIAN_POINT('',(0.E+000,0.8255));
#2286 = VECTOR('',#2287,1.);
#2287 = DIRECTION('',(1.,0.E+000));
#2288 = ( GEOMETRIC_REPRESENTATION_CONTEXT(2) 
PARAMETRIC_REPRESENTATION_CONTEXT() REPRESENTATION_CONTEXT('2D SPACE',''
  ) );
#2289 = PCURVE('',#1831,#2290);
#2290 = DEFINITIONAL_REPRESENTATION('',(#2291),#2295);
#2291 = LINE('',#2292,#2293);
#2292 = CARTESIAN_POINT('',(0.E+000,-0.635));
#2293 = VECTOR('',#2294,1.);
#2294 = DIRECTION('',(-1.,0.E+000));
#2295 = ( GEOMETRIC_REPRESENTATION_CONTEXT(2) 
PARAMETRIC_REPRESENTATION_CONTEXT() REPRESENTATION_CONTEXT('2D SPACE',''
  ) );
#2296 = ADVANCED_FACE('',(#2297),#1915,.T.);
#2297 = FACE_BOUND('',#2298,.T.);
#2298 = EDGE_LOOP('',(#2299,#2300,#2323,#2346));
#2299 = ORIENTED_EDGE('',*,*,#1899,.F.);
#2300 = ORIENTED_EDGE('',*,*,#2301,.T.);
#2301 = EDGE_CURVE('',#1872,#2302,#2304,.T.);
#2302 = VERTEX_POINT('',#2303);
#2303 = CARTESIAN_POINT('',(-3.3655,-1.5875,-3.175));
#2304 = SURFACE_CURVE('',#2305,(#2309,#2316),.PCURVE_S1.);
#2305 = LINE('',#2306,#2307);
#2306 = CARTESIAN_POINT('',(-3.3655,-1.5875,3.175));
#2307 = VECTOR('',#2308,1.);
#2308 = DIRECTION('',(0.E+000,0.E+000,-1.));
#2309 = PCURVE('',#1915,#2310);
#2310 = DEFINITIONAL_REPRESENTATION('',(#2311),#2315);
#2311 = LINE('',#2312,#2313);
#2312 = CARTESIAN_POINT('',(0.E+000,1.7145));
#2313 = VECTOR('',#2314,1.);
#2314 = DIRECTION('',(1.,0.E+000));
#2315 = ( GEOMETRIC_REPRESENTATION_CONTEXT(2) 
PARAMETRIC_REPRESENTATION_CONTEXT() REPRESENTATION_CONTEXT('2D SPACE',''
  ) );
#2316 = PCURVE('',#1887,#2317);
#2317 = DEFINITIONAL_REPRESENTATION('',(#2318),#2322);
#2318 = LINE('',#2319,#2320);
#2319 = CARTESIAN_POINT('',(0.E+000,0.E+000));
#2320 = VECTOR('',#2321,1.);
#2321 = DIRECTION('',(0.E+000,-1.));
#2322 = ( GEOMETRIC_REPRESENTATION_CONTEXT(2) 
PARAMETRIC_REPRESENTATION_CONTEXT() REPRESENTATION_CONTEXT('2D SPACE',''
  ) );
#2323 = ORIENTED_EDGE('',*,*,#2324,.T.);
#2324 = EDGE_CURVE('',#2302,#2325,#2327,.T.);
#2325 = VERTEX_POINT('',#2326);
#2326 = CARTESIAN_POINT('',(-1.7145,-1.5875,-3.175));
#2327 = SURFACE_CURVE('',#2328,(#2332,#2339),.PCURVE_S1.);
#2328 = LINE('',#2329,#2330);
#2329 = CARTESIAN_POINT('',(-3.3655,-1.5875,-3.175));
#2330 = VECTOR('',#2331,1.);
#2331 = DIRECTION('',(1.,0.E+000,0.E+000));
#2332 = PCURVE('',#1915,#2333);
#2333 = DEFINITIONAL_REPRESENTATION('',(#2334),#2338);
#2334 = LINE('',#2335,#2336);
#2335 = CARTESIAN_POINT('',(6.35,1.7145));
#2336 = VECTOR('',#2337,1.);
#2337 = DIRECTION('',(0.E+000,1.));
#2338 = ( GEOMETRIC_REPRESENTATION_CONTEXT(2) 
PARAMETRIC_REPRESENTATION_CONTEXT() REPRESENTATION_CONTEXT('2D SPACE',''
  ) );
#2339 = PCURVE('',#1473,#2340);
#2340 = DEFINITIONAL_REPRESENTATION('',(#2341),#2345);
#2341 = LINE('',#2342,#2343);
#2342 = CARTESIAN_POINT('',(0.E+000,-1.7145));
#2343 = VECTOR('',#2344,1.);
#2344 = DIRECTION('',(0.E+000,-1.));
#2345 = ( GEOMETRIC_REPRESENTATION_CONTEXT(2) 
PARAMETRIC_REPRESENTATION_CONTEXT() REPRESENTATION_CONTEXT('2D SPACE',''
  ) );
#2346 = ORIENTED_EDGE('',*,*,#2347,.F.);
#2347 = EDGE_CURVE('',#1900,#2325,#2348,.T.);
#2348 = SURFACE_CURVE('',#2349,(#2353,#2360),.PCURVE_S1.);
#2349 = LINE('',#2350,#2351);
#2350 = CARTESIAN_POINT('',(-1.7145,-1.5875,3.175));
#2351 = VECTOR('',#2352,1.);
#2352 = DIRECTION('',(0.E+000,0.E+000,-1.));
#2353 = PCURVE('',#1915,#2354);
#2354 = DEFINITIONAL_REPRESENTATION('',(#2355),#2359);
#2355 = LINE('',#2356,#2357);
#2356 = CARTESIAN_POINT('',(0.E+000,3.3655));
#2357 = VECTOR('',#2358,1.);
#2358 = DIRECTION('',(1.,0.E+000));
#2359 = ( GEOMETRIC_REPRESENTATION_CONTEXT(2) 
PARAMETRIC_REPRESENTATION_CONTEXT() REPRESENTATION_CONTEXT('2D SPACE',''
  ) );
#2360 = PCURVE('',#1943,#2361);
#2361 = DEFINITIONAL_REPRESENTATION('',(#2362),#2366);
#2362 = LINE('',#2363,#2364);
#2363 = CARTESIAN_POINT('',(0.E+000,-0.635));
#2364 = VECTOR('',#2365,1.);
#2365 = DIRECTION('',(-1.,0.E+000));
#2366 = ( GEOMETRIC_REPRESENTATION_CONTEXT(2) 
PARAMETRIC_REPRESENTATION_CONTEXT() REPRESENTATION_CONTEXT('2D SPACE',''
  ) );
#2367 = ADVANCED_FACE('',(#2368),#2027,.T.);
#2368 = FACE_BOUND('',#2369,.T.);
#2369 = EDGE_LOOP('',(#2370,#2371,#2394,#2417));
#2370 = ORIENTED_EDGE('',*,*,#2011,.F.);
#2371 = ORIENTED_EDGE('',*,*,#2372,.T.);
#2372 = EDGE_CURVE('',#1984,#2373,#2375,.T.);
#2373 = VERTEX_POINT('',#2374);
#2374 = CARTESIAN_POINT('',(-0.8255,-1.5875,-3.175));
#2375 = SURFACE_CURVE('',#2376,(#2380,#2387),.PCURVE_S1.);
#2376 = LINE('',#2377,#2378);
#2377 = CARTESIAN_POINT('',(-0.8255,-1.5875,3.175));
#2378 = VECTOR('',#2379,1.);
#2379 = DIRECTION('',(0.E+000,0.E+000,-1.));
#2380 = PCURVE('',#2027,#2381);
#2381 = DEFINITIONAL_REPRESENTATION('',(#2382),#2386);
#2382 = LINE('',#2383,#2384);
#2383 = CARTESIAN_POINT('',(0.E+000,4.2545));
#2384 = VECTOR('',#2385,1.);
#2385 = DIRECTION('',(1.,0.E+000));
#2386 = ( GEOMETRIC_REPRESENTATION_CONTEXT(2) 
PARAMETRIC_REPRESENTATION_CONTEXT() REPRESENTATION_CONTEXT('2D SPACE',''
  ) );
#2387 = PCURVE('',#1999,#2388);
#2388 = DEFINITIONAL_REPRESENTATION('',(#2389),#2393);
#2389 = LINE('',#2390,#2391);
#2390 = CARTESIAN_POINT('',(0.E+000,0.E+000));
#2391 = VECTOR('',#2392,1.);
#2392 = DIRECTION('',(0.E+000,-1.));
#2393 = ( GEOMETRIC_REPRESENTATION_CONTEXT(2) 
PARAMETRIC_REPRESENTATION_CONTEXT() REPRESENTATION_CONTEXT('2D SPACE',''
  ) );
#2394 = ORIENTED_EDGE('',*,*,#2395,.T.);
#2395 = EDGE_CURVE('',#2373,#2396,#2398,.T.);
#2396 = VERTEX_POINT('',#2397);
#2397 = CARTESIAN_POINT('',(0.8255,-1.5875,-3.175));
#2398 = SURFACE_CURVE('',#2399,(#2403,#2410),.PCURVE_S1.);
#2399 = LINE('',#2400,#2401);
#2400 = CARTESIAN_POINT('',(-0.8255,-1.5875,-3.175));
#2401 = VECTOR('',#2402,1.);
#2402 = DIRECTION('',(1.,0.E+000,0.E+000));
#2403 = PCURVE('',#2027,#2404);
#2404 = DEFINITIONAL_REPRESENTATION('',(#2405),#2409);
#2405 = LINE('',#2406,#2407);
#2406 = CARTESIAN_POINT('',(6.35,4.2545));
#2407 = VECTOR('',#2408,1.);
#2408 = DIRECTION('',(0.E+000,1.));
#2409 = ( GEOMETRIC_REPRESENTATION_CONTEXT(2) 
PARAMETRIC_REPRESENTATION_CONTEXT() REPRESENTATION_CONTEXT('2D SPACE',''
  ) );
#2410 = PCURVE('',#1473,#2411);
#2411 = DEFINITIONAL_REPRESENTATION('',(#2412),#2416);
#2412 = LINE('',#2413,#2414);
#2413 = CARTESIAN_POINT('',(0.E+000,-4.2545));
#2414 = VECTOR('',#2415,1.);
#2415 = DIRECTION('',(0.E+000,-1.));
#2416 = ( GEOMETRIC_REPRESENTATION_CONTEXT(2) 
PARAMETRIC_REPRESENTATION_CONTEXT() REPRESENTATION_CONTEXT('2D SPACE',''
  ) );
#2417 = ORIENTED_EDGE('',*,*,#2418,.F.);
#2418 = EDGE_CURVE('',#2012,#2396,#2419,.T.);
#2419 = SURFACE_CURVE('',#2420,(#2424,#2431),.PCURVE_S1.);
#2420 = LINE('',#2421,#2422);
#2421 = CARTESIAN_POINT('',(0.8255,-1.5875,3.175));
#2422 = VECTOR('',#2423,1.);
#2423 = DIRECTION('',(0.E+000,0.E+000,-1.));
#2424 = PCURVE('',#2027,#2425);
#2425 = DEFINITIONAL_REPRESENTATION('',(#2426),#2430);
#2426 = LINE('',#2427,#2428);
#2427 = CARTESIAN_POINT('',(0.E+000,5.9055));
#2428 = VECTOR('',#2429,1.);
#2429 = DIRECTION('',(1.,0.E+000));
#2430 = ( GEOMETRIC_REPRESENTATION_CONTEXT(2) 
PARAMETRIC_REPRESENTATION_CONTEXT() REPRESENTATION_CONTEXT('2D SPACE',''
  ) );
#2431 = PCURVE('',#2055,#2432);
#2432 = DEFINITIONAL_REPRESENTATION('',(#2433),#2437);
#2433 = LINE('',#2434,#2435);
#2434 = CARTESIAN_POINT('',(0.E+000,-0.635));
#2435 = VECTOR('',#2436,1.);
#2436 = DIRECTION('',(-1.,0.E+000));
#2437 = ( GEOMETRIC_REPRESENTATION_CONTEXT(2) 
PARAMETRIC_REPRESENTATION_CONTEXT() REPRESENTATION_CONTEXT('2D SPACE',''
  ) );
#2438 = ADVANCED_FACE('',(#2439),#2139,.T.);
#2439 = FACE_BOUND('',#2440,.T.);
#2440 = EDGE_LOOP('',(#2441,#2442,#2465,#2486));
#2441 = ORIENTED_EDGE('',*,*,#2123,.F.);
#2442 = ORIENTED_EDGE('',*,*,#2443,.T.);
#2443 = EDGE_CURVE('',#2096,#2444,#2446,.T.);
#2444 = VERTEX_POINT('',#2445);
#2445 = CARTESIAN_POINT('',(1.7145,-1.5875,-3.175));
#2446 = SURFACE_CURVE('',#2447,(#2451,#2458),.PCURVE_S1.);
#2447 = LINE('',#2448,#2449);
#2448 = CARTESIAN_POINT('',(1.7145,-1.5875,3.175));
#2449 = VECTOR('',#2450,1.);
#2450 = DIRECTION('',(0.E+000,0.E+000,-1.));
#2451 = PCURVE('',#2139,#2452);
#2452 = DEFINITIONAL_REPRESENTATION('',(#2453),#2457);
#2453 = LINE('',#2454,#2455);
#2454 = CARTESIAN_POINT('',(0.E+000,6.7945));
#2455 = VECTOR('',#2456,1.);
#2456 = DIRECTION('',(1.,0.E+000));
#2457 = ( GEOMETRIC_REPRESENTATION_CONTEXT(2) 
PARAMETRIC_REPRESENTATION_CONTEXT() REPRESENTATION_CONTEXT('2D SPACE',''
  ) );
#2458 = PCURVE('',#2111,#2459);
#2459 = DEFINITIONAL_REPRESENTATION('',(#2460),#2464);
#2460 = LINE('',#2461,#2462);
#2461 = CARTESIAN_POINT('',(0.E+000,0.E+000));
#2462 = VECTOR('',#2463,1.);
#2463 = DIRECTION('',(0.E+000,-1.));
#2464 = ( GEOMETRIC_REPRESENTATION_CONTEXT(2) 
PARAMETRIC_REPRESENTATION_CONTEXT() REPRESENTATION_CONTEXT('2D SPACE',''
  ) );
#2465 = ORIENTED_EDGE('',*,*,#2466,.T.);
#2466 = EDGE_CURVE('',#2444,#2181,#2467,.T.);
#2467 = SURFACE_CURVE('',#2468,(#2472,#2479),.PCURVE_S1.);
#2468 = LINE('',#2469,#2470);
#2469 = CARTESIAN_POINT('',(1.7145,-1.5875,-3.175));
#2470 = VECTOR('',#2471,1.);
#2471 = DIRECTION('',(1.,0.E+000,0.E+000));
#2472 = PCURVE('',#2139,#2473);
#2473 = DEFINITIONAL_REPRESENTATION('',(#2474),#2478);
#2474 = LINE('',#2475,#2476);
#2475 = CARTESIAN_POINT('',(6.35,6.7945));
#2476 = VECTOR('',#2477,1.);
#2477 = DIRECTION('',(0.E+000,1.));
#2478 = ( GEOMETRIC_REPRESENTATION_CONTEXT(2) 
PARAMETRIC_REPRESENTATION_CONTEXT() REPRESENTATION_CONTEXT('2D SPACE',''
  ) );
#2479 = PCURVE('',#1473,#2480);
#2480 = DEFINITIONAL_REPRESENTATION('',(#2481),#2485);
#2481 = LINE('',#2482,#2483);
#2482 = CARTESIAN_POINT('',(0.E+000,-6.7945));
#2483 = VECTOR('',#2484,1.);
#2484 = DIRECTION('',(0.E+000,-1.));
#2485 = ( GEOMETRIC_REPRESENTATION_CONTEXT(2) 
PARAMETRIC_REPRESENTATION_CONTEXT() REPRESENTATION_CONTEXT('2D SPACE',''
  ) );
#2486 = ORIENTED_EDGE('',*,*,#2227,.F.);
#2487 = ADVANCED_FACE('',(#2488),#1730,.T.);
#2488 = FACE_BOUND('',#2489,.T.);
#2489 = EDGE_LOOP('',(#2490,#2515,#2536,#2537));
#2490 = ORIENTED_EDGE('',*,*,#2491,.T.);
#2491 = EDGE_CURVE('',#2492,#2494,#2496,.T.);
#2492 = VERTEX_POINT('',#2493);
#2493 = CARTESIAN_POINT('',(4.2545,-1.5875,-3.175));
#2494 = VERTEX_POINT('',#2495);
#2495 = CARTESIAN_POINT('',(5.08,-1.5875,-3.175));
#2496 = SURFACE_CURVE('',#2497,(#2501,#2508),.PCURVE_S1.);
#2497 = LINE('',#2498,#2499);
#2498 = CARTESIAN_POINT('',(4.2545,-1.5875,-3.175));
#2499 = VECTOR('',#2500,1.);
#2500 = DIRECTION('',(1.,0.E+000,0.E+000));
#2501 = PCURVE('',#1730,#2502);
#2502 = DEFINITIONAL_REPRESENTATION('',(#2503),#2507);
#2503 = LINE('',#2504,#2505);
#2504 = CARTESIAN_POINT('',(6.35,9.3345));
#2505 = VECTOR('',#2506,1.);
#2506 = DIRECTION('',(0.E+000,1.));
#2507 = ( GEOMETRIC_REPRESENTATION_CONTEXT(2) 
PARAMETRIC_REPRESENTATION_CONTEXT() REPRESENTATION_CONTEXT('2D SPACE',''
  ) );
#2508 = PCURVE('',#1473,#2509);
#2509 = DEFINITIONAL_REPRESENTATION('',(#2510),#2514);
#2510 = LINE('',#2511,#2512);
#2511 = CARTESIAN_POINT('',(0.E+000,-9.3345));
#2512 = VECTOR('',#2513,1.);
#2513 = DIRECTION('',(0.E+000,-1.));
#2514 = ( GEOMETRIC_REPRESENTATION_CONTEXT(2) 
PARAMETRIC_REPRESENTATION_CONTEXT() REPRESENTATION_CONTEXT('2D SPACE',''
  ) );
#2515 = ORIENTED_EDGE('',*,*,#2516,.F.);
#2516 = EDGE_CURVE('',#1715,#2494,#2517,.T.);
#2517 = SURFACE_CURVE('',#2518,(#2522,#2529),.PCURVE_S1.);
#2518 = LINE('',#2519,#2520);
#2519 = CARTESIAN_POINT('',(5.08,-1.5875,3.175));
#2520 = VECTOR('',#2521,1.);
#2521 = DIRECTION('',(0.E+000,0.E+000,-1.));
#2522 = PCURVE('',#1730,#2523);
#2523 = DEFINITIONAL_REPRESENTATION('',(#2524),#2528);
#2524 = LINE('',#2525,#2526);
#2525 = CARTESIAN_POINT('',(0.E+000,10.16));
#2526 = VECTOR('',#2527,1.);
#2527 = DIRECTION('',(1.,0.E+000));
#2528 = ( GEOMETRIC_REPRESENTATION_CONTEXT(2) 
PARAMETRIC_REPRESENTATION_CONTEXT() REPRESENTATION_CONTEXT('2D SPACE',''
  ) );
#2529 = PCURVE('',#1758,#2530);
#2530 = DEFINITIONAL_REPRESENTATION('',(#2531),#2535);
#2531 = LINE('',#2532,#2533);
#2532 = CARTESIAN_POINT('',(-1.5875,3.175));
#2533 = VECTOR('',#2534,1.);
#2534 = DIRECTION('',(0.E+000,-1.));
#2535 = ( GEOMETRIC_REPRESENTATION_CONTEXT(2) 
PARAMETRIC_REPRESENTATION_CONTEXT() REPRESENTATION_CONTEXT('2D SPACE',''
  ) );
#2536 = ORIENTED_EDGE('',*,*,#1714,.F.);
#2537 = ORIENTED_EDGE('',*,*,#2538,.T.);
#2538 = EDGE_CURVE('',#1687,#2492,#2539,.T.);
#2539 = SURFACE_CURVE('',#2540,(#2544,#2551),.PCURVE_S1.);
#2540 = LINE('',#2541,#2542);
#2541 = CARTESIAN_POINT('',(4.2545,-1.5875,3.175));
#2542 = VECTOR('',#2543,1.);
#2543 = DIRECTION('',(0.E+000,0.E+000,-1.));
#2544 = PCURVE('',#1730,#2545);
#2545 = DEFINITIONAL_REPRESENTATION('',(#2546),#2550);
#2546 = LINE('',#2547,#2548);
#2547 = CARTESIAN_POINT('',(0.E+000,9.3345));
#2548 = VECTOR('',#2549,1.);
#2549 = DIRECTION('',(1.,0.E+000));
#2550 = ( GEOMETRIC_REPRESENTATION_CONTEXT(2) 
PARAMETRIC_REPRESENTATION_CONTEXT() REPRESENTATION_CONTEXT('2D SPACE',''
  ) );
#2551 = PCURVE('',#1702,#2552);
#2552 = DEFINITIONAL_REPRESENTATION('',(#2553),#2557);
#2553 = LINE('',#2554,#2555);
#2554 = CARTESIAN_POINT('',(0.E+000,0.E+000));
#2555 = VECTOR('',#2556,1.);
#2556 = DIRECTION('',(0.E+000,-1.));
#2557 = ( GEOMETRIC_REPRESENTATION_CONTEXT(2) 
PARAMETRIC_REPRESENTATION_CONTEXT() REPRESENTATION_CONTEXT('2D SPACE',''
  ) );
#2558 = ADVANCED_FACE('',(#2559),#1831,.F.);
#2559 = FACE_BOUND('',#2560,.T.);
#2560 = EDGE_LOOP('',(#2561,#2584,#2605,#2606));
#2561 = ORIENTED_EDGE('',*,*,#2562,.T.);
#2562 = EDGE_CURVE('',#2254,#2563,#2565,.T.);
#2563 = VERTEX_POINT('',#2564);
#2564 = CARTESIAN_POINT('',(-4.2545,-0.9525,-3.175));
#2565 = SURFACE_CURVE('',#2566,(#2570,#2577),.PCURVE_S1.);
#2566 = LINE('',#2567,#2568);
#2567 = CARTESIAN_POINT('',(-4.2545,-1.5875,-3.175));
#2568 = VECTOR('',#2569,1.);
#2569 = DIRECTION('',(0.E+000,1.,0.E+000));
#2570 = PCURVE('',#1831,#2571);
#2571 = DEFINITIONAL_REPRESENTATION('',(#2572),#2576);
#2572 = LINE('',#2573,#2574);
#2573 = CARTESIAN_POINT('',(-6.35,-0.635));
#2574 = VECTOR('',#2575,1.);
#2575 = DIRECTION('',(0.E+000,1.));
#2576 = ( GEOMETRIC_REPRESENTATION_CONTEXT(2) 
PARAMETRIC_REPRESENTATION_CONTEXT() REPRESENTATION_CONTEXT('2D SPACE',''
  ) );
#2577 = PCURVE('',#1473,#2578);
#2578 = DEFINITIONAL_REPRESENTATION('',(#2579),#2583);
#2579 = LINE('',#2580,#2581);
#2580 = CARTESIAN_POINT('',(0.E+000,-0.8255));
#2581 = VECTOR('',#2582,1.);
#2582 = DIRECTION('',(-1.,0.E+000));
#2583 = ( GEOMETRIC_REPRESENTATION_CONTEXT(2) 
PARAMETRIC_REPRESENTATION_CONTEXT() REPRESENTATION_CONTEXT('2D SPACE',''
  ) );
#2584 = ORIENTED_EDGE('',*,*,#2585,.F.);
#2585 = EDGE_CURVE('',#1816,#2563,#2586,.T.);
#2586 = SURFACE_CURVE('',#2587,(#2591,#2598),.PCURVE_S1.);
#2587 = LINE('',#2588,#2589);
#2588 = CARTESIAN_POINT('',(-4.2545,-0.9525,3.175));
#2589 = VECTOR('',#2590,1.);
#2590 = DIRECTION('',(0.E+000,0.E+000,-1.));
#2591 = PCURVE('',#1831,#2592);
#2592 = DEFINITIONAL_REPRESENTATION('',(#2593),#2597);
#2593 = LINE('',#2594,#2595);
#2594 = CARTESIAN_POINT('',(0.E+000,0.E+000));
#2595 = VECTOR('',#2596,1.);
#2596 = DIRECTION('',(-1.,0.E+000));
#2597 = ( GEOMETRIC_REPRESENTATION_CONTEXT(2) 
PARAMETRIC_REPRESENTATION_CONTEXT() REPRESENTATION_CONTEXT('2D SPACE',''
  ) );
#2598 = PCURVE('',#1859,#2599);
#2599 = DEFINITIONAL_REPRESENTATION('',(#2600),#2604);
#2600 = LINE('',#2601,#2602);
#2601 = CARTESIAN_POINT('',(-0.889,0.E+000));
#2602 = VECTOR('',#2603,1.);
#2603 = DIRECTION('',(0.E+000,1.));
#2604 = ( GEOMETRIC_REPRESENTATION_CONTEXT(2) 
PARAMETRIC_REPRESENTATION_CONTEXT() REPRESENTATION_CONTEXT('2D SPACE',''
  ) );
#2605 = ORIENTED_EDGE('',*,*,#1815,.F.);
#2606 = ORIENTED_EDGE('',*,*,#2276,.T.);
#2607 = ADVANCED_FACE('',(#2608,#2656),#1859,.F.);
#2608 = FACE_BOUND('',#2609,.T.);
#2609 = EDGE_LOOP('',(#2610,#2633,#2634,#2635));
#2610 = ORIENTED_EDGE('',*,*,#2611,.F.);
#2611 = EDGE_CURVE('',#1844,#2612,#2614,.T.);
#2612 = VERTEX_POINT('',#2613);
#2613 = CARTESIAN_POINT('',(-3.3655,-0.9525,-3.175));
#2614 = SURFACE_CURVE('',#2615,(#2619,#2626),.PCURVE_S1.);
#2615 = LINE('',#2616,#2617);
#2616 = CARTESIAN_POINT('',(-3.3655,-0.9525,3.175));
#2617 = VECTOR('',#2618,1.);
#2618 = DIRECTION('',(0.E+000,0.E+000,-1.));
#2619 = PCURVE('',#1859,#2620);
#2620 = DEFINITIONAL_REPRESENTATION('',(#2621),#2625);
#2621 = LINE('',#2622,#2623);
#2622 = CARTESIAN_POINT('',(0.E+000,0.E+000));
#2623 = VECTOR('',#2624,1.);
#2624 = DIRECTION('',(0.E+000,1.));
#2625 = ( GEOMETRIC_REPRESENTATION_CONTEXT(2) 
PARAMETRIC_REPRESENTATION_CONTEXT() REPRESENTATION_CONTEXT('2D SPACE',''
  ) );
#2626 = PCURVE('',#1887,#2627);
#2627 = DEFINITIONAL_REPRESENTATION('',(#2628),#2632);
#2628 = LINE('',#2629,#2630);
#2629 = CARTESIAN_POINT('',(0.635,0.E+000));
#2630 = VECTOR('',#2631,1.);
#2631 = DIRECTION('',(0.E+000,-1.));
#2632 = ( GEOMETRIC_REPRESENTATION_CONTEXT(2) 
PARAMETRIC_REPRESENTATION_CONTEXT() REPRESENTATION_CONTEXT('2D SPACE',''
  ) );
#2633 = ORIENTED_EDGE('',*,*,#1843,.T.);
#2634 = ORIENTED_EDGE('',*,*,#2585,.T.);
#2635 = ORIENTED_EDGE('',*,*,#2636,.F.);
#2636 = EDGE_CURVE('',#2612,#2563,#2637,.T.);
#2637 = SURFACE_CURVE('',#2638,(#2642,#2649),.PCURVE_S1.);
#2638 = LINE('',#2639,#2640);
#2639 = CARTESIAN_POINT('',(-3.3655,-0.9525,-3.175));
#2640 = VECTOR('',#2641,1.);
#2641 = DIRECTION('',(-1.,0.E+000,0.E+000));
#2642 = PCURVE('',#1859,#2643);
#2643 = DEFINITIONAL_REPRESENTATION('',(#2644),#2648);
#2644 = LINE('',#2645,#2646);
#2645 = CARTESIAN_POINT('',(0.E+000,6.35));
#2646 = VECTOR('',#2647,1.);
#2647 = DIRECTION('',(-1.,0.E+000));
#2648 = ( GEOMETRIC_REPRESENTATION_CONTEXT(2) 
PARAMETRIC_REPRESENTATION_CONTEXT() REPRESENTATION_CONTEXT('2D SPACE',''
  ) );
#2649 = PCURVE('',#1473,#2650);
#2650 = DEFINITIONAL_REPRESENTATION('',(#2651),#2655);
#2651 = LINE('',#2652,#2653);
#2652 = CARTESIAN_POINT('',(-0.635,-1.7145));
#2653 = VECTOR('',#2654,1.);
#2654 = DIRECTION('',(0.E+000,1.));
#2655 = ( GEOMETRIC_REPRESENTATION_CONTEXT(2) 
PARAMETRIC_REPRESENTATION_CONTEXT() REPRESENTATION_CONTEXT('2D SPACE',''
  ) );
#2656 = FACE_BOUND('',#2657,.T.);
#2657 = EDGE_LOOP('',(#2658,#2688,#2716,#2744));
#2658 = ORIENTED_EDGE('',*,*,#2659,.T.);
#2659 = EDGE_CURVE('',#2660,#2662,#2664,.T.);
#2660 = VERTEX_POINT('',#2661);
#2661 = CARTESIAN_POINT('',(-4.1275,-0.9525,0.3175));
#2662 = VERTEX_POINT('',#2663);
#2663 = CARTESIAN_POINT('',(-3.4925,-0.9525,0.3175));
#2664 = SURFACE_CURVE('',#2665,(#2669,#2676),.PCURVE_S1.);
#2665 = LINE('',#2666,#2667);
#2666 = CARTESIAN_POINT('',(-4.1275,-0.9525,0.3175));
#2667 = VECTOR('',#2668,1.);
#2668 = DIRECTION('',(1.,0.E+000,0.E+000));
#2669 = PCURVE('',#1859,#2670);
#2670 = DEFINITIONAL_REPRESENTATION('',(#2671),#2675);
#2671 = LINE('',#2672,#2673);
#2672 = CARTESIAN_POINT('',(-0.762,2.8575));
#2673 = VECTOR('',#2674,1.);
#2674 = DIRECTION('',(1.,0.E+000));
#2675 = ( GEOMETRIC_REPRESENTATION_CONTEXT(2) 
PARAMETRIC_REPRESENTATION_CONTEXT() REPRESENTATION_CONTEXT('2D SPACE',''
  ) );
#2676 = PCURVE('',#2677,#2682);
#2677 = PLANE('',#2678);
#2678 = AXIS2_PLACEMENT_3D('',#2679,#2680,#2681);
#2679 = CARTESIAN_POINT('',(-4.1275,-0.9525,0.3175));
#2680 = DIRECTION('',(0.E+000,0.E+000,1.));
#2681 = DIRECTION('',(1.,0.E+000,0.E+000));
#2682 = DEFINITIONAL_REPRESENTATION('',(#2683),#2687);
#2683 = LINE('',#2684,#2685);
#2684 = CARTESIAN_POINT('',(0.E+000,0.E+000));
#2685 = VECTOR('',#2686,1.);
#2686 = DIRECTION('',(1.,0.E+000));
#2687 = ( GEOMETRIC_REPRESENTATION_CONTEXT(2) 
PARAMETRIC_REPRESENTATION_CONTEXT() REPRESENTATION_CONTEXT('2D SPACE',''
  ) );
#2688 = ORIENTED_EDGE('',*,*,#2689,.T.);
#2689 = EDGE_CURVE('',#2662,#2690,#2692,.T.);
#2690 = VERTEX_POINT('',#2691);
#2691 = CARTESIAN_POINT('',(-3.4925,-0.9525,-0.3175));
#2692 = SURFACE_CURVE('',#2693,(#2697,#2704),.PCURVE_S1.);
#2693 = LINE('',#2694,#2695);
#2694 = CARTESIAN_POINT('',(-3.4925,-0.9525,0.3175));
#2695 = VECTOR('',#2696,1.);
#2696 = DIRECTION('',(0.E+000,0.E+000,-1.));
#2697 = PCURVE('',#1859,#2698);
#2698 = DEFINITIONAL_REPRESENTATION('',(#2699),#2703);
#2699 = LINE('',#2700,#2701);
#2700 = CARTESIAN_POINT('',(-0.127,2.8575));
#2701 = VECTOR('',#2702,1.);
#2702 = DIRECTION('',(0.E+000,1.));
#2703 = ( GEOMETRIC_REPRESENTATION_CONTEXT(2) 
PARAMETRIC_REPRESENTATION_CONTEXT() REPRESENTATION_CONTEXT('2D SPACE',''
  ) );
#2704 = PCURVE('',#2705,#2710);
#2705 = PLANE('',#2706);
#2706 = AXIS2_PLACEMENT_3D('',#2707,#2708,#2709);
#2707 = CARTESIAN_POINT('',(-3.4925,-0.9525,3.175));
#2708 = DIRECTION('',(1.,0.E+000,0.E+000));
#2709 = DIRECTION('',(0.E+000,1.,0.E+000));
#2710 = DEFINITIONAL_REPRESENTATION('',(#2711),#2715);
#2711 = LINE('',#2712,#2713);
#2712 = CARTESIAN_POINT('',(0.E+000,-2.8575));
#2713 = VECTOR('',#2714,1.);
#2714 = DIRECTION('',(0.E+000,-1.));
#2715 = ( GEOMETRIC_REPRESENTATION_CONTEXT(2) 
PARAMETRIC_REPRESENTATION_CONTEXT() REPRESENTATION_CONTEXT('2D SPACE',''
  ) );
#2716 = ORIENTED_EDGE('',*,*,#2717,.F.);
#2717 = EDGE_CURVE('',#2718,#2690,#2720,.T.);
#2718 = VERTEX_POINT('',#2719);
#2719 = CARTESIAN_POINT('',(-4.1275,-0.9525,-0.3175));
#2720 = SURFACE_CURVE('',#2721,(#2725,#2732),.PCURVE_S1.);
#2721 = LINE('',#2722,#2723);
#2722 = CARTESIAN_POINT('',(-4.1275,-0.9525,-0.3175));
#2723 = VECTOR('',#2724,1.);
#2724 = DIRECTION('',(1.,0.E+000,0.E+000));
#2725 = PCURVE('',#1859,#2726);
#2726 = DEFINITIONAL_REPRESENTATION('',(#2727),#2731);
#2727 = LINE('',#2728,#2729);
#2728 = CARTESIAN_POINT('',(-0.762,3.4925));
#2729 = VECTOR('',#2730,1.);
#2730 = DIRECTION('',(1.,0.E+000));
#2731 = ( GEOMETRIC_REPRESENTATION_CONTEXT(2) 
PARAMETRIC_REPRESENTATION_CONTEXT() REPRESENTATION_CONTEXT('2D SPACE',''
  ) );
#2732 = PCURVE('',#2733,#2738);
#2733 = PLANE('',#2734);
#2734 = AXIS2_PLACEMENT_3D('',#2735,#2736,#2737);
#2735 = CARTESIAN_POINT('',(-4.1275,-2.8321,-0.3175));
#2736 = DIRECTION('',(0.E+000,0.E+000,-1.));
#2737 = DIRECTION('',(0.E+000,-1.,0.E+000));
#2738 = DEFINITIONAL_REPRESENTATION('',(#2739),#2743);
#2739 = LINE('',#2740,#2741);
#2740 = CARTESIAN_POINT('',(-1.8796,0.E+000));
#2741 = VECTOR('',#2742,1.);
#2742 = DIRECTION('',(0.E+000,-1.));
#2743 = ( GEOMETRIC_REPRESENTATION_CONTEXT(2) 
PARAMETRIC_REPRESENTATION_CONTEXT() REPRESENTATION_CONTEXT('2D SPACE',''
  ) );
#2744 = ORIENTED_EDGE('',*,*,#2745,.F.);
#2745 = EDGE_CURVE('',#2660,#2718,#2746,.T.);
#2746 = SURFACE_CURVE('',#2747,(#2751,#2758),.PCURVE_S1.);
#2747 = LINE('',#2748,#2749);
#2748 = CARTESIAN_POINT('',(-4.1275,-0.9525,0.3175));
#2749 = VECTOR('',#2750,1.);
#2750 = DIRECTION('',(0.E+000,0.E+000,-1.));
#2751 = PCURVE('',#1859,#2752);
#2752 = DEFINITIONAL_REPRESENTATION('',(#2753),#2757);
#2753 = LINE('',#2754,#2755);
#2754 = CARTESIAN_POINT('',(-0.762,2.8575));
#2755 = VECTOR('',#2756,1.);
#2756 = DIRECTION('',(0.E+000,1.));
#2757 = ( GEOMETRIC_REPRESENTATION_CONTEXT(2) 
PARAMETRIC_REPRESENTATION_CONTEXT() REPRESENTATION_CONTEXT('2D SPACE',''
  ) );
#2758 = PCURVE('',#2759,#2764);
#2759 = PLANE('',#2760);
#2760 = AXIS2_PLACEMENT_3D('',#2761,#2762,#2763);
#2761 = CARTESIAN_POINT('',(-4.1275,-0.9525,3.175));
#2762 = DIRECTION('',(1.,0.E+000,0.E+000));
#2763 = DIRECTION('',(0.E+000,1.,0.E+000));
#2764 = DEFINITIONAL_REPRESENTATION('',(#2765),#2769);
#2765 = LINE('',#2766,#2767);
#2766 = CARTESIAN_POINT('',(0.E+000,-2.8575));
#2767 = VECTOR('',#2768,1.);
#2768 = DIRECTION('',(0.E+000,-1.));
#2769 = ( GEOMETRIC_REPRESENTATION_CONTEXT(2) 
PARAMETRIC_REPRESENTATION_CONTEXT() REPRESENTATION_CONTEXT('2D SPACE',''
  ) );
#2770 = ADVANCED_FACE('',(#2771),#1473,.T.);
#2771 = FACE_BOUND('',#2772,.T.);
#2772 = EDGE_LOOP('',(#2773,#2774,#2797,#2820,#2841,#2842,#2865,#2888,
    #2909,#2910,#2931,#2932,#2933,#2934,#2935,#2958,#2986,#3014,#3042,
    #3065,#3086,#3087,#3110,#3131));
#2773 = ORIENTED_EDGE('',*,*,#2466,.F.);
#2774 = ORIENTED_EDGE('',*,*,#2775,.T.);
#2775 = EDGE_CURVE('',#2444,#2776,#2778,.T.);
#2776 = VERTEX_POINT('',#2777);
#2777 = CARTESIAN_POINT('',(1.7145,-0.9525,-3.175));
#2778 = SURFACE_CURVE('',#2779,(#2783,#2790),.PCURVE_S1.);
#2779 = LINE('',#2780,#2781);
#2780 = CARTESIAN_POINT('',(1.7145,-1.5875,-3.175));
#2781 = VECTOR('',#2782,1.);
#2782 = DIRECTION('',(0.E+000,1.,0.E+000));
#2783 = PCURVE('',#1473,#2784);
#2784 = DEFINITIONAL_REPRESENTATION('',(#2785),#2789);
#2785 = LINE('',#2786,#2787);
#2786 = CARTESIAN_POINT('',(0.E+000,-6.7945));
#2787 = VECTOR('',#2788,1.);
#2788 = DIRECTION('',(-1.,0.E+000));
#2789 = ( GEOMETRIC_REPRESENTATION_CONTEXT(2) 
PARAMETRIC_REPRESENTATION_CONTEXT() REPRESENTATION_CONTEXT('2D SPACE',''
  ) );
#2790 = PCURVE('',#2111,#2791);
#2791 = DEFINITIONAL_REPRESENTATION('',(#2792),#2796);
#2792 = LINE('',#2793,#2794);
#2793 = CARTESIAN_POINT('',(0.E+000,-6.35));
#2794 = VECTOR('',#2795,1.);
#2795 = DIRECTION('',(1.,0.E+000));
#2796 = ( GEOMETRIC_REPRESENTATION_CONTEXT(2) 
PARAMETRIC_REPRESENTATION_CONTEXT() REPRESENTATION_CONTEXT('2D SPACE',''
  ) );
#2797 = ORIENTED_EDGE('',*,*,#2798,.T.);
#2798 = EDGE_CURVE('',#2776,#2799,#2801,.T.);
#2799 = VERTEX_POINT('',#2800);
#2800 = CARTESIAN_POINT('',(0.8255,-0.9525,-3.175));
#2801 = SURFACE_CURVE('',#2802,(#2806,#2813),.PCURVE_S1.);
#2802 = LINE('',#2803,#2804);
#2803 = CARTESIAN_POINT('',(1.7145,-0.9525,-3.175));
#2804 = VECTOR('',#2805,1.);
#2805 = DIRECTION('',(-1.,0.E+000,0.E+000));
#2806 = PCURVE('',#1473,#2807);
#2807 = DEFINITIONAL_REPRESENTATION('',(#2808),#2812);
#2808 = LINE('',#2809,#2810);
#2809 = CARTESIAN_POINT('',(-0.635,-6.7945));
#2810 = VECTOR('',#2811,1.);
#2811 = DIRECTION('',(0.E+000,1.));
#2812 = ( GEOMETRIC_REPRESENTATION_CONTEXT(2) 
PARAMETRIC_REPRESENTATION_CONTEXT() REPRESENTATION_CONTEXT('2D SPACE',''
  ) );
#2813 = PCURVE('',#2083,#2814);
#2814 = DEFINITIONAL_REPRESENTATION('',(#2815),#2819);
#2815 = LINE('',#2816,#2817);
#2816 = CARTESIAN_POINT('',(0.E+000,6.35));
#2817 = VECTOR('',#2818,1.);
#2818 = DIRECTION('',(-1.,0.E+000));
#2819 = ( GEOMETRIC_REPRESENTATION_CONTEXT(2) 
PARAMETRIC_REPRESENTATION_CONTEXT() REPRESENTATION_CONTEXT('2D SPACE',''
  ) );
#2820 = ORIENTED_EDGE('',*,*,#2821,.F.);
#2821 = EDGE_CURVE('',#2396,#2799,#2822,.T.);
#2822 = SURFACE_CURVE('',#2823,(#2827,#2834),.PCURVE_S1.);
#2823 = LINE('',#2824,#2825);
#2824 = CARTESIAN_POINT('',(0.8255,-1.5875,-3.175));
#2825 = VECTOR('',#2826,1.);
#2826 = DIRECTION('',(0.E+000,1.,0.E+000));
#2827 = PCURVE('',#1473,#2828);
#2828 = DEFINITIONAL_REPRESENTATION('',(#2829),#2833);
#2829 = LINE('',#2830,#2831);
#2830 = CARTESIAN_POINT('',(0.E+000,-5.9055));
#2831 = VECTOR('',#2832,1.);
#2832 = DIRECTION('',(-1.,0.E+000));
#2833 = ( GEOMETRIC_REPRESENTATION_CONTEXT(2) 
PARAMETRIC_REPRESENTATION_CONTEXT() REPRESENTATION_CONTEXT('2D SPACE',''
  ) );
#2834 = PCURVE('',#2055,#2835);
#2835 = DEFINITIONAL_REPRESENTATION('',(#2836),#2840);
#2836 = LINE('',#2837,#2838);
#2837 = CARTESIAN_POINT('',(-6.35,-0.635));
#2838 = VECTOR('',#2839,1.);
#2839 = DIRECTION('',(0.E+000,1.));
#2840 = ( GEOMETRIC_REPRESENTATION_CONTEXT(2) 
PARAMETRIC_REPRESENTATION_CONTEXT() REPRESENTATION_CONTEXT('2D SPACE',''
  ) );
#2841 = ORIENTED_EDGE('',*,*,#2395,.F.);
#2842 = ORIENTED_EDGE('',*,*,#2843,.T.);
#2843 = EDGE_CURVE('',#2373,#2844,#2846,.T.);
#2844 = VERTEX_POINT('',#2845);
#2845 = CARTESIAN_POINT('',(-0.8255,-0.9525,-3.175));
#2846 = SURFACE_CURVE('',#2847,(#2851,#2858),.PCURVE_S1.);
#2847 = LINE('',#2848,#2849);
#2848 = CARTESIAN_POINT('',(-0.8255,-1.5875,-3.175));
#2849 = VECTOR('',#2850,1.);
#2850 = DIRECTION('',(0.E+000,1.,0.E+000));
#2851 = PCURVE('',#1473,#2852);
#2852 = DEFINITIONAL_REPRESENTATION('',(#2853),#2857);
#2853 = LINE('',#2854,#2855);
#2854 = CARTESIAN_POINT('',(0.E+000,-4.2545));
#2855 = VECTOR('',#2856,1.);
#2856 = DIRECTION('',(-1.,0.E+000));
#2857 = ( GEOMETRIC_REPRESENTATION_CONTEXT(2) 
PARAMETRIC_REPRESENTATION_CONTEXT() REPRESENTATION_CONTEXT('2D SPACE',''
  ) );
#2858 = PCURVE('',#1999,#2859);
#2859 = DEFINITIONAL_REPRESENTATION('',(#2860),#2864);
#2860 = LINE('',#2861,#2862);
#2861 = CARTESIAN_POINT('',(0.E+000,-6.35));
#2862 = VECTOR('',#2863,1.);
#2863 = DIRECTION('',(1.,0.E+000));
#2864 = ( GEOMETRIC_REPRESENTATION_CONTEXT(2) 
PARAMETRIC_REPRESENTATION_CONTEXT() REPRESENTATION_CONTEXT('2D SPACE',''
  ) );
#2865 = ORIENTED_EDGE('',*,*,#2866,.T.);
#2866 = EDGE_CURVE('',#2844,#2867,#2869,.T.);
#2867 = VERTEX_POINT('',#2868);
#2868 = CARTESIAN_POINT('',(-1.7145,-0.9525,-3.175));
#2869 = SURFACE_CURVE('',#2870,(#2874,#2881),.PCURVE_S1.);
#2870 = LINE('',#2871,#2872);
#2871 = CARTESIAN_POINT('',(-0.8255,-0.9525,-3.175));
#2872 = VECTOR('',#2873,1.);
#2873 = DIRECTION('',(-1.,0.E+000,0.E+000));
#2874 = PCURVE('',#1473,#2875);
#2875 = DEFINITIONAL_REPRESENTATION('',(#2876),#2880);
#2876 = LINE('',#2877,#2878);
#2877 = CARTESIAN_POINT('',(-0.635,-4.2545));
#2878 = VECTOR('',#2879,1.);
#2879 = DIRECTION('',(0.E+000,1.));
#2880 = ( GEOMETRIC_REPRESENTATION_CONTEXT(2) 
PARAMETRIC_REPRESENTATION_CONTEXT() REPRESENTATION_CONTEXT('2D SPACE',''
  ) );
#2881 = PCURVE('',#1971,#2882);
#2882 = DEFINITIONAL_REPRESENTATION('',(#2883),#2887);
#2883 = LINE('',#2884,#2885);
#2884 = CARTESIAN_POINT('',(0.E+000,6.35));
#2885 = VECTOR('',#2886,1.);
#2886 = DIRECTION('',(-1.,0.E+000));
#2887 = ( GEOMETRIC_REPRESENTATION_CONTEXT(2) 
PARAMETRIC_REPRESENTATION_CONTEXT() REPRESENTATION_CONTEXT('2D SPACE',''
  ) );
#2888 = ORIENTED_EDGE('',*,*,#2889,.F.);
#2889 = EDGE_CURVE('',#2325,#2867,#2890,.T.);
#2890 = SURFACE_CURVE('',#2891,(#2895,#2902),.PCURVE_S1.);
#2891 = LINE('',#2892,#2893);
#2892 = CARTESIAN_POINT('',(-1.7145,-1.5875,-3.175));
#2893 = VECTOR('',#2894,1.);
#2894 = DIRECTION('',(0.E+000,1.,0.E+000));
#2895 = PCURVE('',#1473,#2896);
#2896 = DEFINITIONAL_REPRESENTATION('',(#2897),#2901);
#2897 = LINE('',#2898,#2899);
#2898 = CARTESIAN_POINT('',(0.E+000,-3.3655));
#2899 = VECTOR('',#2900,1.);
#2900 = DIRECTION('',(-1.,0.E+000));
#2901 = ( GEOMETRIC_REPRESENTATION_CONTEXT(2) 
PARAMETRIC_REPRESENTATION_CONTEXT() REPRESENTATION_CONTEXT('2D SPACE',''
  ) );
#2902 = PCURVE('',#1943,#2903);
#2903 = DEFINITIONAL_REPRESENTATION('',(#2904),#2908);
#2904 = LINE('',#2905,#2906);
#2905 = CARTESIAN_POINT('',(-6.35,-0.635));
#2906 = VECTOR('',#2907,1.);
#2907 = DIRECTION('',(0.E+000,1.));
#2908 = ( GEOMETRIC_REPRESENTATION_CONTEXT(2) 
PARAMETRIC_REPRESENTATION_CONTEXT() REPRESENTATION_CONTEXT('2D SPACE',''
  ) );
#2909 = ORIENTED_EDGE('',*,*,#2324,.F.);
#2910 = ORIENTED_EDGE('',*,*,#2911,.T.);
#2911 = EDGE_CURVE('',#2302,#2612,#2912,.T.);
#2912 = SURFACE_CURVE('',#2913,(#2917,#2924),.PCURVE_S1.);
#2913 = LINE('',#2914,#2915);
#2914 = CARTESIAN_POINT('',(-3.3655,-1.5875,-3.175));
#2915 = VECTOR('',#2916,1.);
#2916 = DIRECTION('',(0.E+000,1.,0.E+000));
#2917 = PCURVE('',#1473,#2918);
#2918 = DEFINITIONAL_REPRESENTATION('',(#2919),#2923);
#2919 = LINE('',#2920,#2921);
#2920 = CARTESIAN_POINT('',(0.E+000,-1.7145));
#2921 = VECTOR('',#2922,1.);
#2922 = DIRECTION('',(-1.,0.E+000));
#2923 = ( GEOMETRIC_REPRESENTATION_CONTEXT(2) 
PARAMETRIC_REPRESENTATION_CONTEXT() REPRESENTATION_CONTEXT('2D SPACE',''
  ) );
#2924 = PCURVE('',#1887,#2925);
#2925 = DEFINITIONAL_REPRESENTATION('',(#2926),#2930);
#2926 = LINE('',#2927,#2928);
#2927 = CARTESIAN_POINT('',(0.E+000,-6.35));
#2928 = VECTOR('',#2929,1.);
#2929 = DIRECTION('',(1.,0.E+000));
#2930 = ( GEOMETRIC_REPRESENTATION_CONTEXT(2) 
PARAMETRIC_REPRESENTATION_CONTEXT() REPRESENTATION_CONTEXT('2D SPACE',''
  ) );
#2931 = ORIENTED_EDGE('',*,*,#2636,.T.);
#2932 = ORIENTED_EDGE('',*,*,#2562,.F.);
#2933 = ORIENTED_EDGE('',*,*,#2253,.F.);
#2934 = ORIENTED_EDGE('',*,*,#1457,.T.);
#2935 = ORIENTED_EDGE('',*,*,#2936,.T.);
#2936 = EDGE_CURVE('',#1423,#2937,#2939,.T.);
#2937 = VERTEX_POINT('',#2938);
#2938 = CARTESIAN_POINT('',(-3.81,1.5875,-3.175));
#2939 = SURFACE_CURVE('',#2940,(#2944,#2951),.PCURVE_S1.);
#2940 = LINE('',#2941,#2942);
#2941 = CARTESIAN_POINT('',(-5.08,1.5875,-3.175));
#2942 = VECTOR('',#2943,1.);
#2943 = DIRECTION('',(1.,0.E+000,0.E+000));
#2944 = PCURVE('',#1473,#2945);
#2945 = DEFINITIONAL_REPRESENTATION('',(#2946),#2950);
#2946 = LINE('',#2947,#2948);
#2947 = CARTESIAN_POINT('',(-3.175,0.E+000));
#2948 = VECTOR('',#2949,1.);
#2949 = DIRECTION('',(0.E+000,-1.));
#2950 = ( GEOMETRIC_REPRESENTATION_CONTEXT(2) 
PARAMETRIC_REPRESENTATION_CONTEXT() REPRESENTATION_CONTEXT('2D SPACE',''
  ) );
#2951 = PCURVE('',#1445,#2952);
#2952 = DEFINITIONAL_REPRESENTATION('',(#2953),#2957);
#2953 = LINE('',#2954,#2955);
#2954 = CARTESIAN_POINT('',(0.E+000,0.E+000));
#2955 = VECTOR('',#2956,1.);
#2956 = DIRECTION('',(1.,0.E+000));
#2957 = ( GEOMETRIC_REPRESENTATION_CONTEXT(2) 
PARAMETRIC_REPRESENTATION_CONTEXT() REPRESENTATION_CONTEXT('2D SPACE',''
  ) );
#2958 = ORIENTED_EDGE('',*,*,#2959,.T.);
#2959 = EDGE_CURVE('',#2937,#2960,#2962,.T.);
#2960 = VERTEX_POINT('',#2961);
#2961 = CARTESIAN_POINT('',(-3.81,6.5913,-3.175));
#2962 = SURFACE_CURVE('',#2963,(#2967,#2974),.PCURVE_S1.);
#2963 = LINE('',#2964,#2965);
#2964 = CARTESIAN_POINT('',(-3.81,1.5875,-3.175));
#2965 = VECTOR('',#2966,1.);
#2966 = DIRECTION('',(0.E+000,1.,0.E+000));
#2967 = PCURVE('',#1473,#2968);
#2968 = DEFINITIONAL_REPRESENTATION('',(#2969),#2973);
#2969 = LINE('',#2970,#2971);
#2970 = CARTESIAN_POINT('',(-3.175,-1.27));
#2971 = VECTOR('',#2972,1.);
#2972 = DIRECTION('',(-1.,0.E+000));
#2973 = ( GEOMETRIC_REPRESENTATION_CONTEXT(2) 
PARAMETRIC_REPRESENTATION_CONTEXT() REPRESENTATION_CONTEXT('2D SPACE',''
  ) );
#2974 = PCURVE('',#2975,#2980);
#2975 = PLANE('',#2976);
#2976 = AXIS2_PLACEMENT_3D('',#2977,#2978,#2979);
#2977 = CARTESIAN_POINT('',(-3.81,0.E+000,0.E+000));
#2978 = DIRECTION('',(1.,0.E+000,0.E+000));
#2979 = DIRECTION('',(0.E+000,1.,0.E+000));
#2980 = DEFINITIONAL_REPRESENTATION('',(#2981),#2985);
#2981 = LINE('',#2982,#2983);
#2982 = CARTESIAN_POINT('',(1.5875,-3.175));
#2983 = VECTOR('',#2984,1.);
#2984 = DIRECTION('',(1.,0.E+000));
#2985 = ( GEOMETRIC_REPRESENTATION_CONTEXT(2) 
PARAMETRIC_REPRESENTATION_CONTEXT() REPRESENTATION_CONTEXT('2D SPACE',''
  ) );
#2986 = ORIENTED_EDGE('',*,*,#2987,.T.);
#2987 = EDGE_CURVE('',#2960,#2988,#2990,.T.);
#2988 = VERTEX_POINT('',#2989);
#2989 = CARTESIAN_POINT('',(3.81,6.5913,-3.175));
#2990 = SURFACE_CURVE('',#2991,(#2995,#3002),.PCURVE_S1.);
#2991 = LINE('',#2992,#2993);
#2992 = CARTESIAN_POINT('',(-3.81,6.5913,-3.175));
#2993 = VECTOR('',#2994,1.);
#2994 = DIRECTION('',(1.,0.E+000,0.E+000));
#2995 = PCURVE('',#1473,#2996);
#2996 = DEFINITIONAL_REPRESENTATION('',(#2997),#3001);
#2997 = LINE('',#2998,#2999);
#2998 = CARTESIAN_POINT('',(-8.1788,-1.27));
#2999 = VECTOR('',#3000,1.);
#3000 = DIRECTION('',(0.E+000,-1.));
#3001 = ( GEOMETRIC_REPRESENTATION_CONTEXT(2) 
PARAMETRIC_REPRESENTATION_CONTEXT() REPRESENTATION_CONTEXT('2D SPACE',''
  ) );
#3002 = PCURVE('',#3003,#3008);
#3003 = PLANE('',#3004);
#3004 = AXIS2_PLACEMENT_3D('',#3005,#3006,#3007);
#3005 = CARTESIAN_POINT('',(-3.81,6.5913,-3.175));
#3006 = DIRECTION('',(0.E+000,1.,0.E+000));
#3007 = DIRECTION('',(1.,0.E+000,0.E+000));
#3008 = DEFINITIONAL_REPRESENTATION('',(#3009),#3013);
#3009 = LINE('',#3010,#3011);
#3010 = CARTESIAN_POINT('',(0.E+000,0.E+000));
#3011 = VECTOR('',#3012,1.);
#3012 = DIRECTION('',(1.,0.E+000));
#3013 = ( GEOMETRIC_REPRESENTATION_CONTEXT(2) 
PARAMETRIC_REPRESENTATION_CONTEXT() REPRESENTATION_CONTEXT('2D SPACE',''
  ) );
#3014 = ORIENTED_EDGE('',*,*,#3015,.F.);
#3015 = EDGE_CURVE('',#3016,#2988,#3018,.T.);
#3016 = VERTEX_POINT('',#3017);
#3017 = CARTESIAN_POINT('',(3.81,1.5875,-3.175));
#3018 = SURFACE_CURVE('',#3019,(#3023,#3030),.PCURVE_S1.);
#3019 = LINE('',#3020,#3021);
#3020 = CARTESIAN_POINT('',(3.81,1.5875,-3.175));
#3021 = VECTOR('',#3022,1.);
#3022 = DIRECTION('',(0.E+000,1.,0.E+000));
#3023 = PCURVE('',#1473,#3024);
#3024 = DEFINITIONAL_REPRESENTATION('',(#3025),#3029);
#3025 = LINE('',#3026,#3027);
#3026 = CARTESIAN_POINT('',(-3.175,-8.89));
#3027 = VECTOR('',#3028,1.);
#3028 = DIRECTION('',(-1.,0.E+000));
#3029 = ( GEOMETRIC_REPRESENTATION_CONTEXT(2) 
PARAMETRIC_REPRESENTATION_CONTEXT() REPRESENTATION_CONTEXT('2D SPACE',''
  ) );
#3030 = PCURVE('',#3031,#3036);
#3031 = PLANE('',#3032);
#3032 = AXIS2_PLACEMENT_3D('',#3033,#3034,#3035);
#3033 = CARTESIAN_POINT('',(3.81,0.E+000,0.E+000));
#3034 = DIRECTION('',(1.,0.E+000,0.E+000));
#3035 = DIRECTION('',(0.E+000,1.,0.E+000));
#3036 = DEFINITIONAL_REPRESENTATION('',(#3037),#3041);
#3037 = LINE('',#3038,#3039);
#3038 = CARTESIAN_POINT('',(1.5875,-3.175));
#3039 = VECTOR('',#3040,1.);
#3040 = DIRECTION('',(1.,0.E+000));
#3041 = ( GEOMETRIC_REPRESENTATION_CONTEXT(2) 
PARAMETRIC_REPRESENTATION_CONTEXT() REPRESENTATION_CONTEXT('2D SPACE',''
  ) );
#3042 = ORIENTED_EDGE('',*,*,#3043,.T.);
#3043 = EDGE_CURVE('',#3016,#3044,#3046,.T.);
#3044 = VERTEX_POINT('',#3045);
#3045 = CARTESIAN_POINT('',(5.08,1.5875,-3.175));
#3046 = SURFACE_CURVE('',#3047,(#3051,#3058),.PCURVE_S1.);
#3047 = LINE('',#3048,#3049);
#3048 = CARTESIAN_POINT('',(3.81,1.5875,-3.175));
#3049 = VECTOR('',#3050,1.);
#3050 = DIRECTION('',(1.,0.E+000,0.E+000));
#3051 = PCURVE('',#1473,#3052);
#3052 = DEFINITIONAL_REPRESENTATION('',(#3053),#3057);
#3053 = LINE('',#3054,#3055);
#3054 = CARTESIAN_POINT('',(-3.175,-8.89));
#3055 = VECTOR('',#3056,1.);
#3056 = DIRECTION('',(0.E+000,-1.));
#3057 = ( GEOMETRIC_REPRESENTATION_CONTEXT(2) 
PARAMETRIC_REPRESENTATION_CONTEXT() REPRESENTATION_CONTEXT('2D SPACE',''
  ) );
#3058 = PCURVE('',#1445,#3059);
#3059 = DEFINITIONAL_REPRESENTATION('',(#3060),#3064);
#3060 = LINE('',#3061,#3062);
#3061 = CARTESIAN_POINT('',(8.89,0.E+000));
#3062 = VECTOR('',#3063,1.);
#3063 = DIRECTION('',(1.,0.E+000));
#3064 = ( GEOMETRIC_REPRESENTATION_CONTEXT(2) 
PARAMETRIC_REPRESENTATION_CONTEXT() REPRESENTATION_CONTEXT('2D SPACE',''
  ) );
#3065 = ORIENTED_EDGE('',*,*,#3066,.F.);
#3066 = EDGE_CURVE('',#2494,#3044,#3067,.T.);
#3067 = SURFACE_CURVE('',#3068,(#3072,#3079),.PCURVE_S1.);
#3068 = LINE('',#3069,#3070);
#3069 = CARTESIAN_POINT('',(5.08,-1.5875,-3.175));
#3070 = VECTOR('',#3071,1.);
#3071 = DIRECTION('',(0.E+000,1.,0.E+000));
#3072 = PCURVE('',#1473,#3073);
#3073 = DEFINITIONAL_REPRESENTATION('',(#3074),#3078);
#3074 = LINE('',#3075,#3076);
#3075 = CARTESIAN_POINT('',(0.E+000,-10.16));
#3076 = VECTOR('',#3077,1.);
#3077 = DIRECTION('',(-1.,0.E+000));
#3078 = ( GEOMETRIC_REPRESENTATION_CONTEXT(2) 
PARAMETRIC_REPRESENTATION_CONTEXT() REPRESENTATION_CONTEXT('2D SPACE',''
  ) );
#3079 = PCURVE('',#1758,#3080);
#3080 = DEFINITIONAL_REPRESENTATION('',(#3081),#3085);
#3081 = LINE('',#3082,#3083);
#3082 = CARTESIAN_POINT('',(-1.5875,-3.175));
#3083 = VECTOR('',#3084,1.);
#3084 = DIRECTION('',(1.,0.E+000));
#3085 = ( GEOMETRIC_REPRESENTATION_CONTEXT(2) 
PARAMETRIC_REPRESENTATION_CONTEXT() REPRESENTATION_CONTEXT('2D SPACE',''
  ) );
#3086 = ORIENTED_EDGE('',*,*,#2491,.F.);
#3087 = ORIENTED_EDGE('',*,*,#3088,.T.);
#3088 = EDGE_CURVE('',#2492,#3089,#3091,.T.);
#3089 = VERTEX_POINT('',#3090);
#3090 = CARTESIAN_POINT('',(4.2545,-0.9525,-3.175));
#3091 = SURFACE_CURVE('',#3092,(#3096,#3103),.PCURVE_S1.);
#3092 = LINE('',#3093,#3094);
#3093 = CARTESIAN_POINT('',(4.2545,-1.5875,-3.175));
#3094 = VECTOR('',#3095,1.);
#3095 = DIRECTION('',(0.E+000,1.,0.E+000));
#3096 = PCURVE('',#1473,#3097);
#3097 = DEFINITIONAL_REPRESENTATION('',(#3098),#3102);
#3098 = LINE('',#3099,#3100);
#3099 = CARTESIAN_POINT('',(0.E+000,-9.3345));
#3100 = VECTOR('',#3101,1.);
#3101 = DIRECTION('',(-1.,0.E+000));
#3102 = ( GEOMETRIC_REPRESENTATION_CONTEXT(2) 
PARAMETRIC_REPRESENTATION_CONTEXT() REPRESENTATION_CONTEXT('2D SPACE',''
  ) );
#3103 = PCURVE('',#1702,#3104);
#3104 = DEFINITIONAL_REPRESENTATION('',(#3105),#3109);
#3105 = LINE('',#3106,#3107);
#3106 = CARTESIAN_POINT('',(0.E+000,-6.35));
#3107 = VECTOR('',#3108,1.);
#3108 = DIRECTION('',(1.,0.E+000));
#3109 = ( GEOMETRIC_REPRESENTATION_CONTEXT(2) 
PARAMETRIC_REPRESENTATION_CONTEXT() REPRESENTATION_CONTEXT('2D SPACE',''
  ) );
#3110 = ORIENTED_EDGE('',*,*,#3111,.T.);
#3111 = EDGE_CURVE('',#3089,#2183,#3112,.T.);
#3112 = SURFACE_CURVE('',#3113,(#3117,#3124),.PCURVE_S1.);
#3113 = LINE('',#3114,#3115);
#3114 = CARTESIAN_POINT('',(4.2545,-0.9525,-3.175));
#3115 = VECTOR('',#3116,1.);
#3116 = DIRECTION('',(-1.,0.E+000,0.E+000));
#3117 = PCURVE('',#1473,#3118);
#3118 = DEFINITIONAL_REPRESENTATION('',(#3119),#3123);
#3119 = LINE('',#3120,#3121);
#3120 = CARTESIAN_POINT('',(-0.635,-9.3345));
#3121 = VECTOR('',#3122,1.);
#3122 = DIRECTION('',(0.E+000,1.));
#3123 = ( GEOMETRIC_REPRESENTATION_CONTEXT(2) 
PARAMETRIC_REPRESENTATION_CONTEXT() REPRESENTATION_CONTEXT('2D SPACE',''
  ) );
#3124 = PCURVE('',#1674,#3125);
#3125 = DEFINITIONAL_REPRESENTATION('',(#3126),#3130);
#3126 = LINE('',#3127,#3128);
#3127 = CARTESIAN_POINT('',(0.E+000,6.35));
#3128 = VECTOR('',#3129,1.);
#3129 = DIRECTION('',(-1.,0.E+000));
#3130 = ( GEOMETRIC_REPRESENTATION_CONTEXT(2) 
PARAMETRIC_REPRESENTATION_CONTEXT() REPRESENTATION_CONTEXT('2D SPACE',''
  ) );
#3131 = ORIENTED_EDGE('',*,*,#2180,.F.);
#3132 = ADVANCED_FACE('',(#3133,#3159),#1674,.F.);
#3133 = FACE_BOUND('',#3134,.T.);
#3134 = EDGE_LOOP('',(#3135,#3156,#3157,#3158));
#3135 = ORIENTED_EDGE('',*,*,#3136,.F.);
#3136 = EDGE_CURVE('',#1657,#3089,#3137,.T.);
#3137 = SURFACE_CURVE('',#3138,(#3142,#3149),.PCURVE_S1.);
#3138 = LINE('',#3139,#3140);
#3139 = CARTESIAN_POINT('',(4.2545,-0.9525,3.175));
#3140 = VECTOR('',#3141,1.);
#3141 = DIRECTION('',(0.E+000,0.E+000,-1.));
#3142 = PCURVE('',#1674,#3143);
#3143 = DEFINITIONAL_REPRESENTATION('',(#3144),#3148);
#3144 = LINE('',#3145,#3146);
#3145 = CARTESIAN_POINT('',(0.E+000,0.E+000));
#3146 = VECTOR('',#3147,1.);
#3147 = DIRECTION('',(0.E+000,1.));
#3148 = ( GEOMETRIC_REPRESENTATION_CONTEXT(2) 
PARAMETRIC_REPRESENTATION_CONTEXT() REPRESENTATION_CONTEXT('2D SPACE',''
  ) );
#3149 = PCURVE('',#1702,#3150);
#3150 = DEFINITIONAL_REPRESENTATION('',(#3151),#3155);
#3151 = LINE('',#3152,#3153);
#3152 = CARTESIAN_POINT('',(0.635,0.E+000));
#3153 = VECTOR('',#3154,1.);
#3154 = DIRECTION('',(0.E+000,-1.));
#3155 = ( GEOMETRIC_REPRESENTATION_CONTEXT(2) 
PARAMETRIC_REPRESENTATION_CONTEXT() REPRESENTATION_CONTEXT('2D SPACE',''
  ) );
#3156 = ORIENTED_EDGE('',*,*,#1656,.T.);
#3157 = ORIENTED_EDGE('',*,*,#2205,.T.);
#3158 = ORIENTED_EDGE('',*,*,#3111,.F.);
#3159 = FACE_BOUND('',#3160,.T.);
#3160 = EDGE_LOOP('',(#3161,#3191,#3219,#3247));
#3161 = ORIENTED_EDGE('',*,*,#3162,.T.);
#3162 = EDGE_CURVE('',#3163,#3165,#3167,.T.);
#3163 = VERTEX_POINT('',#3164);
#3164 = CARTESIAN_POINT('',(3.4925,-0.9525,0.3175));
#3165 = VERTEX_POINT('',#3166);
#3166 = CARTESIAN_POINT('',(4.1275,-0.9525,0.3175));
#3167 = SURFACE_CURVE('',#3168,(#3172,#3179),.PCURVE_S1.);
#3168 = LINE('',#3169,#3170);
#3169 = CARTESIAN_POINT('',(3.4925,-0.9525,0.3175));
#3170 = VECTOR('',#3171,1.);
#3171 = DIRECTION('',(1.,0.E+000,0.E+000));
#3172 = PCURVE('',#1674,#3173);
#3173 = DEFINITIONAL_REPRESENTATION('',(#3174),#3178);
#3174 = LINE('',#3175,#3176);
#3175 = CARTESIAN_POINT('',(-0.762,2.8575));
#3176 = VECTOR('',#3177,1.);
#3177 = DIRECTION('',(1.,0.E+000));
#3178 = ( GEOMETRIC_REPRESENTATION_CONTEXT(2) 
PARAMETRIC_REPRESENTATION_CONTEXT() REPRESENTATION_CONTEXT('2D SPACE',''
  ) );
#3179 = PCURVE('',#3180,#3185);
#3180 = PLANE('',#3181);
#3181 = AXIS2_PLACEMENT_3D('',#3182,#3183,#3184);
#3182 = CARTESIAN_POINT('',(3.4925,-0.9525,0.3175));
#3183 = DIRECTION('',(0.E+000,0.E+000,1.));
#3184 = DIRECTION('',(1.,0.E+000,0.E+000));
#3185 = DEFINITIONAL_REPRESENTATION('',(#3186),#3190);
#3186 = LINE('',#3187,#3188);
#3187 = CARTESIAN_POINT('',(0.E+000,0.E+000));
#3188 = VECTOR('',#3189,1.);
#3189 = DIRECTION('',(1.,0.E+000));
#3190 = ( GEOMETRIC_REPRESENTATION_CONTEXT(2) 
PARAMETRIC_REPRESENTATION_CONTEXT() REPRESENTATION_CONTEXT('2D SPACE',''
  ) );
#3191 = ORIENTED_EDGE('',*,*,#3192,.T.);
#3192 = EDGE_CURVE('',#3165,#3193,#3195,.T.);
#3193 = VERTEX_POINT('',#3194);
#3194 = CARTESIAN_POINT('',(4.1275,-0.9525,-0.3175));
#3195 = SURFACE_CURVE('',#3196,(#3200,#3207),.PCURVE_S1.);
#3196 = LINE('',#3197,#3198);
#3197 = CARTESIAN_POINT('',(4.1275,-0.9525,0.3175));
#3198 = VECTOR('',#3199,1.);
#3199 = DIRECTION('',(0.E+000,0.E+000,-1.));
#3200 = PCURVE('',#1674,#3201);
#3201 = DEFINITIONAL_REPRESENTATION('',(#3202),#3206);
#3202 = LINE('',#3203,#3204);
#3203 = CARTESIAN_POINT('',(-0.127,2.8575));
#3204 = VECTOR('',#3205,1.);
#3205 = DIRECTION('',(0.E+000,1.));
#3206 = ( GEOMETRIC_REPRESENTATION_CONTEXT(2) 
PARAMETRIC_REPRESENTATION_CONTEXT() REPRESENTATION_CONTEXT('2D SPACE',''
  ) );
#3207 = PCURVE('',#3208,#3213);
#3208 = PLANE('',#3209);
#3209 = AXIS2_PLACEMENT_3D('',#3210,#3211,#3212);
#3210 = CARTESIAN_POINT('',(4.1275,-0.9525,3.175));
#3211 = DIRECTION('',(1.,0.E+000,0.E+000));
#3212 = DIRECTION('',(0.E+000,1.,0.E+000));
#3213 = DEFINITIONAL_REPRESENTATION('',(#3214),#3218);
#3214 = LINE('',#3215,#3216);
#3215 = CARTESIAN_POINT('',(0.E+000,-2.8575));
#3216 = VECTOR('',#3217,1.);
#3217 = DIRECTION('',(0.E+000,-1.));
#3218 = ( GEOMETRIC_REPRESENTATION_CONTEXT(2) 
PARAMETRIC_REPRESENTATION_CONTEXT() REPRESENTATION_CONTEXT('2D SPACE',''
  ) );
#3219 = ORIENTED_EDGE('',*,*,#3220,.F.);
#3220 = EDGE_CURVE('',#3221,#3193,#3223,.T.);
#3221 = VERTEX_POINT('',#3222);
#3222 = CARTESIAN_POINT('',(3.4925,-0.9525,-0.3175));
#3223 = SURFACE_CURVE('',#3224,(#3228,#3235),.PCURVE_S1.);
#3224 = LINE('',#3225,#3226);
#3225 = CARTESIAN_POINT('',(3.4925,-0.9525,-0.3175));
#3226 = VECTOR('',#3227,1.);
#3227 = DIRECTION('',(1.,0.E+000,0.E+000));
#3228 = PCURVE('',#1674,#3229);
#3229 = DEFINITIONAL_REPRESENTATION('',(#3230),#3234);
#3230 = LINE('',#3231,#3232);
#3231 = CARTESIAN_POINT('',(-0.762,3.4925));
#3232 = VECTOR('',#3233,1.);
#3233 = DIRECTION('',(1.,0.E+000));
#3234 = ( GEOMETRIC_REPRESENTATION_CONTEXT(2) 
PARAMETRIC_REPRESENTATION_CONTEXT() REPRESENTATION_CONTEXT('2D SPACE',''
  ) );
#3235 = PCURVE('',#3236,#3241);
#3236 = PLANE('',#3237);
#3237 = AXIS2_PLACEMENT_3D('',#3238,#3239,#3240);
#3238 = CARTESIAN_POINT('',(3.4925,-2.8321,-0.3175));
#3239 = DIRECTION('',(0.E+000,0.E+000,-1.));
#3240 = DIRECTION('',(0.E+000,-1.,0.E+000));
#3241 = DEFINITIONAL_REPRESENTATION('',(#3242),#3246);
#3242 = LINE('',#3243,#3244);
#3243 = CARTESIAN_POINT('',(-1.8796,0.E+000));
#3244 = VECTOR('',#3245,1.);
#3245 = DIRECTION('',(0.E+000,-1.));
#3246 = ( GEOMETRIC_REPRESENTATION_CONTEXT(2) 
PARAMETRIC_REPRESENTATION_CONTEXT() REPRESENTATION_CONTEXT('2D SPACE',''
  ) );
#3247 = ORIENTED_EDGE('',*,*,#3248,.F.);
#3248 = EDGE_CURVE('',#3163,#3221,#3249,.T.);
#3249 = SURFACE_CURVE('',#3250,(#3254,#3261),.PCURVE_S1.);
#3250 = LINE('',#3251,#3252);
#3251 = CARTESIAN_POINT('',(3.4925,-0.9525,0.3175));
#3252 = VECTOR('',#3253,1.);
#3253 = DIRECTION('',(0.E+000,0.E+000,-1.));
#3254 = PCURVE('',#1674,#3255);
#3255 = DEFINITIONAL_REPRESENTATION('',(#3256),#3260);
#3256 = LINE('',#3257,#3258);
#3257 = CARTESIAN_POINT('',(-0.762,2.8575));
#3258 = VECTOR('',#3259,1.);
#3259 = DIRECTION('',(0.E+000,1.));
#3260 = ( GEOMETRIC_REPRESENTATION_CONTEXT(2) 
PARAMETRIC_REPRESENTATION_CONTEXT() REPRESENTATION_CONTEXT('2D SPACE',''
  ) );
#3261 = PCURVE('',#3262,#3267);
#3262 = PLANE('',#3263);
#3263 = AXIS2_PLACEMENT_3D('',#3264,#3265,#3266);
#3264 = CARTESIAN_POINT('',(3.4925,-0.9525,3.175));
#3265 = DIRECTION('',(1.,0.E+000,0.E+000));
#3266 = DIRECTION('',(0.E+000,1.,0.E+000));
#3267 = DEFINITIONAL_REPRESENTATION('',(#3268),#3272);
#3268 = LINE('',#3269,#3270);
#3269 = CARTESIAN_POINT('',(0.E+000,-2.8575));
#3270 = VECTOR('',#3271,1.);
#3271 = DIRECTION('',(0.E+000,-1.));
#3272 = ( GEOMETRIC_REPRESENTATION_CONTEXT(2) 
PARAMETRIC_REPRESENTATION_CONTEXT() REPRESENTATION_CONTEXT('2D SPACE',''
  ) );
#3273 = ADVANCED_FACE('',(#3274),#1702,.F.);
#3274 = FACE_BOUND('',#3275,.T.);
#3275 = EDGE_LOOP('',(#3276,#3277,#3278,#3279));
#3276 = ORIENTED_EDGE('',*,*,#1686,.T.);
#3277 = ORIENTED_EDGE('',*,*,#3136,.T.);
#3278 = ORIENTED_EDGE('',*,*,#3088,.F.);
#3279 = ORIENTED_EDGE('',*,*,#2538,.F.);
#3280 = ADVANCED_FACE('',(#3281),#3295,.F.);
#3281 = FACE_BOUND('',#3282,.T.);
#3282 = EDGE_LOOP('',(#3283,#3318,#3346,#3374));
#3283 = ORIENTED_EDGE('',*,*,#3284,.F.);
#3284 = EDGE_CURVE('',#3285,#3287,#3289,.T.);
#3285 = VERTEX_POINT('',#3286);
#3286 = CARTESIAN_POINT('',(3.4925,8.1915,0.3175));
#3287 = VERTEX_POINT('',#3288);
#3288 = CARTESIAN_POINT('',(3.4925,1.5875,0.3175));
#3289 = SURFACE_CURVE('',#3290,(#3294,#3306),.PCURVE_S1.);
#3290 = LINE('',#3291,#3292);
#3291 = CARTESIAN_POINT('',(3.4925,8.1915,0.3175));
#3292 = VECTOR('',#3293,1.);
#3293 = DIRECTION('',(0.E+000,-1.,0.E+000));
#3294 = PCURVE('',#3295,#3300);
#3295 = PLANE('',#3296);
#3296 = AXIS2_PLACEMENT_3D('',#3297,#3298,#3299);
#3297 = CARTESIAN_POINT('',(3.4925,-0.9525,3.175));
#3298 = DIRECTION('',(1.,0.E+000,0.E+000));
#3299 = DIRECTION('',(0.E+000,1.,0.E+000));
#3300 = DEFINITIONAL_REPRESENTATION('',(#3301),#3305);
#3301 = LINE('',#3302,#3303);
#3302 = CARTESIAN_POINT('',(9.144,-2.8575));
#3303 = VECTOR('',#3304,1.);
#3304 = DIRECTION('',(-1.,0.E+000));
#3305 = ( GEOMETRIC_REPRESENTATION_CONTEXT(2) 
PARAMETRIC_REPRESENTATION_CONTEXT() REPRESENTATION_CONTEXT('2D SPACE',''
  ) );
#3306 = PCURVE('',#3307,#3312);
#3307 = PLANE('',#3308);
#3308 = AXIS2_PLACEMENT_3D('',#3309,#3310,#3311);
#3309 = CARTESIAN_POINT('',(3.4925,8.1915,0.3175));
#3310 = DIRECTION('',(0.E+000,0.E+000,1.));
#3311 = DIRECTION('',(1.,0.E+000,0.E+000));
#3312 = DEFINITIONAL_REPRESENTATION('',(#3313),#3317);
#3313 = LINE('',#3314,#3315);
#3314 = CARTESIAN_POINT('',(0.E+000,0.E+000));
#3315 = VECTOR('',#3316,1.);
#3316 = DIRECTION('',(0.E+000,-1.));
#3317 = ( GEOMETRIC_REPRESENTATION_CONTEXT(2) 
PARAMETRIC_REPRESENTATION_CONTEXT() REPRESENTATION_CONTEXT('2D SPACE',''
  ) );
#3318 = ORIENTED_EDGE('',*,*,#3319,.F.);
#3319 = EDGE_CURVE('',#3320,#3285,#3322,.T.);
#3320 = VERTEX_POINT('',#3321);
#3321 = CARTESIAN_POINT('',(3.4925,8.1915,-0.3175));
#3322 = SURFACE_CURVE('',#3323,(#3327,#3334),.PCURVE_S1.);
#3323 = LINE('',#3324,#3325);
#3324 = CARTESIAN_POINT('',(3.4925,8.1915,-0.3175));
#3325 = VECTOR('',#3326,1.);
#3326 = DIRECTION('',(0.E+000,0.E+000,1.));
#3327 = PCURVE('',#3295,#3328);
#3328 = DEFINITIONAL_REPRESENTATION('',(#3329),#3333);
#3329 = LINE('',#3330,#3331);
#3330 = CARTESIAN_POINT('',(9.144,-3.4925));
#3331 = VECTOR('',#3332,1.);
#3332 = DIRECTION('',(0.E+000,1.));
#3333 = ( GEOMETRIC_REPRESENTATION_CONTEXT(2) 
PARAMETRIC_REPRESENTATION_CONTEXT() REPRESENTATION_CONTEXT('2D SPACE',''
  ) );
#3334 = PCURVE('',#3335,#3340);
#3335 = PLANE('',#3336);
#3336 = AXIS2_PLACEMENT_3D('',#3337,#3338,#3339);
#3337 = CARTESIAN_POINT('',(3.4925,8.1915,-0.3175));
#3338 = DIRECTION('',(0.E+000,1.,0.E+000));
#3339 = DIRECTION('',(1.,0.E+000,0.E+000));
#3340 = DEFINITIONAL_REPRESENTATION('',(#3341),#3345);
#3341 = LINE('',#3342,#3343);
#3342 = CARTESIAN_POINT('',(0.E+000,0.E+000));
#3343 = VECTOR('',#3344,1.);
#3344 = DIRECTION('',(0.E+000,-1.));
#3345 = ( GEOMETRIC_REPRESENTATION_CONTEXT(2) 
PARAMETRIC_REPRESENTATION_CONTEXT() REPRESENTATION_CONTEXT('2D SPACE',''
  ) );
#3346 = ORIENTED_EDGE('',*,*,#3347,.F.);
#3347 = EDGE_CURVE('',#3348,#3320,#3350,.T.);
#3348 = VERTEX_POINT('',#3349);
#3349 = CARTESIAN_POINT('',(3.4925,1.5875,-0.3175));
#3350 = SURFACE_CURVE('',#3351,(#3355,#3362),.PCURVE_S1.);
#3351 = LINE('',#3352,#3353);
#3352 = CARTESIAN_POINT('',(3.4925,1.5875,-0.3175));
#3353 = VECTOR('',#3354,1.);
#3354 = DIRECTION('',(0.E+000,1.,0.E+000));
#3355 = PCURVE('',#3295,#3356);
#3356 = DEFINITIONAL_REPRESENTATION('',(#3357),#3361);
#3357 = LINE('',#3358,#3359);
#3358 = CARTESIAN_POINT('',(2.54,-3.4925));
#3359 = VECTOR('',#3360,1.);
#3360 = DIRECTION('',(1.,0.E+000));
#3361 = ( GEOMETRIC_REPRESENTATION_CONTEXT(2) 
PARAMETRIC_REPRESENTATION_CONTEXT() REPRESENTATION_CONTEXT('2D SPACE',''
  ) );
#3362 = PCURVE('',#3363,#3368);
#3363 = PLANE('',#3364);
#3364 = AXIS2_PLACEMENT_3D('',#3365,#3366,#3367);
#3365 = CARTESIAN_POINT('',(3.4925,1.5875,-0.3175));
#3366 = DIRECTION('',(0.E+000,0.E+000,-1.));
#3367 = DIRECTION('',(0.E+000,-1.,0.E+000));
#3368 = DEFINITIONAL_REPRESENTATION('',(#3369),#3373);
#3369 = LINE('',#3370,#3371);
#3370 = CARTESIAN_POINT('',(0.E+000,0.E+000));
#3371 = VECTOR('',#3372,1.);
#3372 = DIRECTION('',(-1.,0.E+000));
#3373 = ( GEOMETRIC_REPRESENTATION_CONTEXT(2) 
PARAMETRIC_REPRESENTATION_CONTEXT() REPRESENTATION_CONTEXT('2D SPACE',''
  ) );
#3374 = ORIENTED_EDGE('',*,*,#3375,.F.);
#3375 = EDGE_CURVE('',#3287,#3348,#3376,.T.);
#3376 = SURFACE_CURVE('',#3377,(#3381,#3388),.PCURVE_S1.);
#3377 = LINE('',#3378,#3379);
#3378 = CARTESIAN_POINT('',(3.4925,1.5875,0.3175));
#3379 = VECTOR('',#3380,1.);
#3380 = DIRECTION('',(0.E+000,0.E+000,-1.));
#3381 = PCURVE('',#3295,#3382);
#3382 = DEFINITIONAL_REPRESENTATION('',(#3383),#3387);
#3383 = LINE('',#3384,#3385);
#3384 = CARTESIAN_POINT('',(2.54,-2.8575));
#3385 = VECTOR('',#3386,1.);
#3386 = DIRECTION('',(0.E+000,-1.));
#3387 = ( GEOMETRIC_REPRESENTATION_CONTEXT(2) 
PARAMETRIC_REPRESENTATION_CONTEXT() REPRESENTATION_CONTEXT('2D SPACE',''
  ) );
#3388 = PCURVE('',#1445,#3389);
#3389 = DEFINITIONAL_REPRESENTATION('',(#3390),#3394);
#3390 = LINE('',#3391,#3392);
#3391 = CARTESIAN_POINT('',(8.5725,-3.4925));
#3392 = VECTOR('',#3393,1.);
#3393 = DIRECTION('',(0.E+000,1.));
#3394 = ( GEOMETRIC_REPRESENTATION_CONTEXT(2) 
PARAMETRIC_REPRESENTATION_CONTEXT() REPRESENTATION_CONTEXT('2D SPACE',''
  ) );
#3395 = ADVANCED_FACE('',(#3396),#3262,.F.);
#3396 = FACE_BOUND('',#3397,.T.);
#3397 = EDGE_LOOP('',(#3398,#3421,#3449,#3477,#3505,#3533,#3565,#3586));
#3398 = ORIENTED_EDGE('',*,*,#3399,.F.);
#3399 = EDGE_CURVE('',#3400,#3221,#3402,.T.);
#3400 = VERTEX_POINT('',#3401);
#3401 = CARTESIAN_POINT('',(3.4925,-2.8321,-0.3175));
#3402 = SURFACE_CURVE('',#3403,(#3407,#3414),.PCURVE_S1.);
#3403 = LINE('',#3404,#3405);
#3404 = CARTESIAN_POINT('',(3.4925,-2.8321,-0.3175));
#3405 = VECTOR('',#3406,1.);
#3406 = DIRECTION('',(0.E+000,1.,0.E+000));
#3407 = PCURVE('',#3262,#3408);
#3408 = DEFINITIONAL_REPRESENTATION('',(#3409),#3413);
#3409 = LINE('',#3410,#3411);
#3410 = CARTESIAN_POINT('',(-1.8796,-3.4925));
#3411 = VECTOR('',#3412,1.);
#3412 = DIRECTION('',(1.,0.E+000));
#3413 = ( GEOMETRIC_REPRESENTATION_CONTEXT(2) 
PARAMETRIC_REPRESENTATION_CONTEXT() REPRESENTATION_CONTEXT('2D SPACE',''
  ) );
#3414 = PCURVE('',#3236,#3415);
#3415 = DEFINITIONAL_REPRESENTATION('',(#3416),#3420);
#3416 = LINE('',#3417,#3418);
#3417 = CARTESIAN_POINT('',(0.E+000,0.E+000));
#3418 = VECTOR('',#3419,1.);
#3419 = DIRECTION('',(-1.,0.E+000));
#3420 = ( GEOMETRIC_REPRESENTATION_CONTEXT(2) 
PARAMETRIC_REPRESENTATION_CONTEXT() REPRESENTATION_CONTEXT('2D SPACE',''
  ) );
#3421 = ORIENTED_EDGE('',*,*,#3422,.F.);
#3422 = EDGE_CURVE('',#3423,#3400,#3425,.T.);
#3423 = VERTEX_POINT('',#3424);
#3424 = CARTESIAN_POINT('',(3.4925,-4.6355,1.4859));
#3425 = SURFACE_CURVE('',#3426,(#3431,#3438),.PCURVE_S1.);
#3426 = CIRCLE('',#3427,1.8034);
#3427 = AXIS2_PLACEMENT_3D('',#3428,#3429,#3430);
#3428 = CARTESIAN_POINT('',(3.4925,-2.8321,1.4859));
#3429 = DIRECTION('',(1.,0.E+000,0.E+000));
#3430 = DIRECTION('',(0.E+000,-1.,0.E+000));
#3431 = PCURVE('',#3262,#3432);
#3432 = DEFINITIONAL_REPRESENTATION('',(#3433),#3437);
#3433 = CIRCLE('',#3434,1.8034);
#3434 = AXIS2_PLACEMENT_2D('',#3435,#3436);
#3435 = CARTESIAN_POINT('',(-1.8796,-1.6891));
#3436 = DIRECTION('',(-1.,0.E+000));
#3437 = ( GEOMETRIC_REPRESENTATION_CONTEXT(2) 
PARAMETRIC_REPRESENTATION_CONTEXT() REPRESENTATION_CONTEXT('2D SPACE',''
  ) );
#3438 = PCURVE('',#3439,#3444);
#3439 = CYLINDRICAL_SURFACE('',#3440,1.8034);
#3440 = AXIS2_PLACEMENT_3D('',#3441,#3442,#3443);
#3441 = CARTESIAN_POINT('',(3.4925,-2.8321,1.4859));
#3442 = DIRECTION('',(-1.,0.E+000,0.E+000));
#3443 = DIRECTION('',(0.E+000,0.E+000,-1.));
#3444 = DEFINITIONAL_REPRESENTATION('',(#3445),#3448);
#3445 = B_SPLINE_CURVE_WITH_KNOTS('',1,(#3446,#3447),.UNSPECIFIED.,.F.,
  .F.,(2,2),(0.E+000,1.570796326795),.PIECEWISE_BEZIER_KNOTS.);
#3446 = CARTESIAN_POINT('',(1.570796326795,0.E+000));
#3447 = CARTESIAN_POINT('',(0.E+000,0.E+000));
#3448 = ( GEOMETRIC_REPRESENTATION_CONTEXT(2) 
PARAMETRIC_REPRESENTATION_CONTEXT() REPRESENTATION_CONTEXT('2D SPACE',''
  ) );
#3449 = ORIENTED_EDGE('',*,*,#3450,.F.);
#3450 = EDGE_CURVE('',#3451,#3423,#3453,.T.);
#3451 = VERTEX_POINT('',#3452);
#3452 = CARTESIAN_POINT('',(3.4925,-4.6355,6.7564));
#3453 = SURFACE_CURVE('',#3454,(#3458,#3465),.PCURVE_S1.);
#3454 = LINE('',#3455,#3456);
#3455 = CARTESIAN_POINT('',(3.4925,-4.6355,6.7564));
#3456 = VECTOR('',#3457,1.);
#3457 = DIRECTION('',(0.E+000,0.E+000,-1.));
#3458 = PCURVE('',#3262,#3459);
#3459 = DEFINITIONAL_REPRESENTATION('',(#3460),#3464);
#3460 = LINE('',#3461,#3462);
#3461 = CARTESIAN_POINT('',(-3.683,3.5814));
#3462 = VECTOR('',#3463,1.);
#3463 = DIRECTION('',(0.E+000,-1.));
#3464 = ( GEOMETRIC_REPRESENTATION_CONTEXT(2) 
PARAMETRIC_REPRESENTATION_CONTEXT() REPRESENTATION_CONTEXT('2D SPACE',''
  ) );
#3465 = PCURVE('',#3466,#3471);
#3466 = PLANE('',#3467);
#3467 = AXIS2_PLACEMENT_3D('',#3468,#3469,#3470);
#3468 = CARTESIAN_POINT('',(3.4925,-4.6355,6.7564));
#3469 = DIRECTION('',(0.E+000,-1.,0.E+000));
#3470 = DIRECTION('',(0.E+000,0.E+000,-1.));
#3471 = DEFINITIONAL_REPRESENTATION('',(#3472),#3476);
#3472 = LINE('',#3473,#3474);
#3473 = CARTESIAN_POINT('',(0.E+000,0.E+000));
#3474 = VECTOR('',#3475,1.);
#3475 = DIRECTION('',(1.,0.E+000));
#3476 = ( GEOMETRIC_REPRESENTATION_CONTEXT(2) 
PARAMETRIC_REPRESENTATION_CONTEXT() REPRESENTATION_CONTEXT('2D SPACE',''
  ) );
#3477 = ORIENTED_EDGE('',*,*,#3478,.F.);
#3478 = EDGE_CURVE('',#3479,#3451,#3481,.T.);
#3479 = VERTEX_POINT('',#3480);
#3480 = CARTESIAN_POINT('',(3.4925,-4.0005,6.7564));
#3481 = SURFACE_CURVE('',#3482,(#3486,#3493),.PCURVE_S1.);
#3482 = LINE('',#3483,#3484);
#3483 = CARTESIAN_POINT('',(3.4925,-4.0005,6.7564));
#3484 = VECTOR('',#3485,1.);
#3485 = DIRECTION('',(0.E+000,-1.,0.E+000));
#3486 = PCURVE('',#3262,#3487);
#3487 = DEFINITIONAL_REPRESENTATION('',(#3488),#3492);
#3488 = LINE('',#3489,#3490);
#3489 = CARTESIAN_POINT('',(-3.048,3.5814));
#3490 = VECTOR('',#3491,1.);
#3491 = DIRECTION('',(-1.,0.E+000));
#3492 = ( GEOMETRIC_REPRESENTATION_CONTEXT(2) 
PARAMETRIC_REPRESENTATION_CONTEXT() REPRESENTATION_CONTEXT('2D SPACE',''
  ) );
#3493 = PCURVE('',#3494,#3499);
#3494 = PLANE('',#3495);
#3495 = AXIS2_PLACEMENT_3D('',#3496,#3497,#3498);
#3496 = CARTESIAN_POINT('',(3.4925,-4.0005,6.7564));
#3497 = DIRECTION('',(0.E+000,0.E+000,1.));
#3498 = DIRECTION('',(1.,0.E+000,0.E+000));
#3499 = DEFINITIONAL_REPRESENTATION('',(#3500),#3504);
#3500 = LINE('',#3501,#3502);
#3501 = CARTESIAN_POINT('',(0.E+000,0.E+000));
#3502 = VECTOR('',#3503,1.);
#3503 = DIRECTION('',(0.E+000,-1.));
#3504 = ( GEOMETRIC_REPRESENTATION_CONTEXT(2) 
PARAMETRIC_REPRESENTATION_CONTEXT() REPRESENTATION_CONTEXT('2D SPACE',''
  ) );
#3505 = ORIENTED_EDGE('',*,*,#3506,.F.);
#3506 = EDGE_CURVE('',#3507,#3479,#3509,.T.);
#3507 = VERTEX_POINT('',#3508);
#3508 = CARTESIAN_POINT('',(3.4925,-4.0005,1.4859));
#3509 = SURFACE_CURVE('',#3510,(#3514,#3521),.PCURVE_S1.);
#3510 = LINE('',#3511,#3512);
#3511 = CARTESIAN_POINT('',(3.4925,-4.0005,1.4859));
#3512 = VECTOR('',#3513,1.);
#3513 = DIRECTION('',(0.E+000,0.E+000,1.));
#3514 = PCURVE('',#3262,#3515);
#3515 = DEFINITIONAL_REPRESENTATION('',(#3516),#3520);
#3516 = LINE('',#3517,#3518);
#3517 = CARTESIAN_POINT('',(-3.048,-1.6891));
#3518 = VECTOR('',#3519,1.);
#3519 = DIRECTION('',(0.E+000,1.));
#3520 = ( GEOMETRIC_REPRESENTATION_CONTEXT(2) 
PARAMETRIC_REPRESENTATION_CONTEXT() REPRESENTATION_CONTEXT('2D SPACE',''
  ) );
#3521 = PCURVE('',#3522,#3527);
#3522 = PLANE('',#3523);
#3523 = AXIS2_PLACEMENT_3D('',#3524,#3525,#3526);
#3524 = CARTESIAN_POINT('',(3.4925,-4.0005,1.4859));
#3525 = DIRECTION('',(0.E+000,1.,0.E+000));
#3526 = DIRECTION('',(1.,0.E+000,0.E+000));
#3527 = DEFINITIONAL_REPRESENTATION('',(#3528),#3532);
#3528 = LINE('',#3529,#3530);
#3529 = CARTESIAN_POINT('',(0.E+000,0.E+000));
#3530 = VECTOR('',#3531,1.);
#3531 = DIRECTION('',(0.E+000,-1.));
#3532 = ( GEOMETRIC_REPRESENTATION_CONTEXT(2) 
PARAMETRIC_REPRESENTATION_CONTEXT() REPRESENTATION_CONTEXT('2D SPACE',''
  ) );
#3533 = ORIENTED_EDGE('',*,*,#3534,.F.);
#3534 = EDGE_CURVE('',#3535,#3507,#3537,.T.);
#3535 = VERTEX_POINT('',#3536);
#3536 = CARTESIAN_POINT('',(3.4925,-2.8321,0.3175));
#3537 = SURFACE_CURVE('',#3538,(#3543,#3554),.PCURVE_S1.);
#3538 = CIRCLE('',#3539,1.1684);
#3539 = AXIS2_PLACEMENT_3D('',#3540,#3541,#3542);
#3540 = CARTESIAN_POINT('',(3.4925,-2.8321,1.4859));
#3541 = DIRECTION('',(-1.,0.E+000,0.E+000));
#3542 = DIRECTION('',(0.E+000,0.E+000,-1.));
#3543 = PCURVE('',#3262,#3544);
#3544 = DEFINITIONAL_REPRESENTATION('',(#3545),#3553);
#3545 = ( BOUNDED_CURVE() B_SPLINE_CURVE(2,(#3546,#3547,#3548,#3549,
#3550,#3551,#3552),.UNSPECIFIED.,.T.,.F.) B_SPLINE_CURVE_WITH_KNOTS((1,2
    ,2,2,2,1),(-2.094395102393,0.E+000,2.094395102393,4.188790204786,
6.28318530718,8.377580409573),.UNSPECIFIED.) CURVE() 
GEOMETRIC_REPRESENTATION_ITEM() RATIONAL_B_SPLINE_CURVE((1.,0.5,1.,0.5,
1.,0.5,1.)) REPRESENTATION_ITEM('') );
#3546 = CARTESIAN_POINT('',(-1.8796,-2.8575));
#3547 = CARTESIAN_POINT('',(-3.903328163563,-2.8575));
#3548 = CARTESIAN_POINT('',(-2.891464081782,-1.1049));
#3549 = CARTESIAN_POINT('',(-1.8796,0.6477));
#3550 = CARTESIAN_POINT('',(-0.867735918218,-1.1049));
#3551 = CARTESIAN_POINT('',(0.144128163563,-2.8575));
#3552 = CARTESIAN_POINT('',(-1.8796,-2.8575));
#3553 = ( GEOMETRIC_REPRESENTATION_CONTEXT(2) 
PARAMETRIC_REPRESENTATION_CONTEXT() REPRESENTATION_CONTEXT('2D SPACE',''
  ) );
#3554 = PCURVE('',#3555,#3560);
#3555 = CYLINDRICAL_SURFACE('',#3556,1.1684);
#3556 = AXIS2_PLACEMENT_3D('',#3557,#3558,#3559);
#3557 = CARTESIAN_POINT('',(3.4925,-2.8321,1.4859));
#3558 = DIRECTION('',(-1.,0.E+000,0.E+000));
#3559 = DIRECTION('',(0.E+000,0.E+000,-1.));
#3560 = DEFINITIONAL_REPRESENTATION('',(#3561),#3564);
#3561 = B_SPLINE_CURVE_WITH_KNOTS('',1,(#3562,#3563),.UNSPECIFIED.,.F.,
  .F.,(2,2),(0.E+000,1.570796326795),.PIECEWISE_BEZIER_KNOTS.);
#3562 = CARTESIAN_POINT('',(0.E+000,0.E+000));
#3563 = CARTESIAN_POINT('',(1.570796326795,0.E+000));
#3564 = ( GEOMETRIC_REPRESENTATION_CONTEXT(2) 
PARAMETRIC_REPRESENTATION_CONTEXT() REPRESENTATION_CONTEXT('2D SPACE',''
  ) );
#3565 = ORIENTED_EDGE('',*,*,#3566,.F.);
#3566 = EDGE_CURVE('',#3163,#3535,#3567,.T.);
#3567 = SURFACE_CURVE('',#3568,(#3572,#3579),.PCURVE_S1.);
#3568 = LINE('',#3569,#3570);
#3569 = CARTESIAN_POINT('',(3.4925,-0.9525,0.3175));
#3570 = VECTOR('',#3571,1.);
#3571 = DIRECTION('',(0.E+000,-1.,0.E+000));
#3572 = PCURVE('',#3262,#3573);
#3573 = DEFINITIONAL_REPRESENTATION('',(#3574),#3578);
#3574 = LINE('',#3575,#3576);
#3575 = CARTESIAN_POINT('',(0.E+000,-2.8575));
#3576 = VECTOR('',#3577,1.);
#3577 = DIRECTION('',(-1.,0.E+000));
#3578 = ( GEOMETRIC_REPRESENTATION_CONTEXT(2) 
PARAMETRIC_REPRESENTATION_CONTEXT() REPRESENTATION_CONTEXT('2D SPACE',''
  ) );
#3579 = PCURVE('',#3180,#3580);
#3580 = DEFINITIONAL_REPRESENTATION('',(#3581),#3585);
#3581 = LINE('',#3582,#3583);
#3582 = CARTESIAN_POINT('',(0.E+000,0.E+000));
#3583 = VECTOR('',#3584,1.);
#3584 = DIRECTION('',(0.E+000,-1.));
#3585 = ( GEOMETRIC_REPRESENTATION_CONTEXT(2) 
PARAMETRIC_REPRESENTATION_CONTEXT() REPRESENTATION_CONTEXT('2D SPACE',''
  ) );
#3586 = ORIENTED_EDGE('',*,*,#3248,.T.);
#3587 = ADVANCED_FACE('',(#3588,#3687,#3801,#3915,#4029),#1445,.T.);
#3588 = FACE_BOUND('',#3589,.T.);
#3589 = EDGE_LOOP('',(#3590,#3591,#3592,#3593,#3614,#3615,#3638,#3666));
#3590 = ORIENTED_EDGE('',*,*,#2936,.F.);
#3591 = ORIENTED_EDGE('',*,*,#1422,.T.);
#3592 = ORIENTED_EDGE('',*,*,#1770,.T.);
#3593 = ORIENTED_EDGE('',*,*,#3594,.F.);
#3594 = EDGE_CURVE('',#3044,#1743,#3595,.T.);
#3595 = SURFACE_CURVE('',#3596,(#3600,#3607),.PCURVE_S1.);
#3596 = LINE('',#3597,#3598);
#3597 = CARTESIAN_POINT('',(5.08,1.5875,-3.175));
#3598 = VECTOR('',#3599,1.);
#3599 = DIRECTION('',(0.E+000,0.E+000,1.));
#3600 = PCURVE('',#1445,#3601);
#3601 = DEFINITIONAL_REPRESENTATION('',(#3602),#3606);
#3602 = LINE('',#3603,#3604);
#3603 = CARTESIAN_POINT('',(10.16,0.E+000));
#3604 = VECTOR('',#3605,1.);
#3605 = DIRECTION('',(0.E+000,-1.));
#3606 = ( GEOMETRIC_REPRESENTATION_CONTEXT(2) 
PARAMETRIC_REPRESENTATION_CONTEXT() REPRESENTATION_CONTEXT('2D SPACE',''
  ) );
#3607 = PCURVE('',#1758,#3608);
#3608 = DEFINITIONAL_REPRESENTATION('',(#3609),#3613);
#3609 = LINE('',#3610,#3611);
#3610 = CARTESIAN_POINT('',(1.5875,-3.175));
#3611 = VECTOR('',#3612,1.);
#3612 = DIRECTION('',(0.E+000,1.));
#3613 = ( GEOMETRIC_REPRESENTATION_CONTEXT(2) 
PARAMETRIC_REPRESENTATION_CONTEXT() REPRESENTATION_CONTEXT('2D SPACE',''
  ) );
#3614 = ORIENTED_EDGE('',*,*,#3043,.F.);
#3615 = ORIENTED_EDGE('',*,*,#3616,.T.);
#3616 = EDGE_CURVE('',#3016,#3617,#3619,.T.);
#3617 = VERTEX_POINT('',#3618);
#3618 = CARTESIAN_POINT('',(3.81,1.5875,-2.286));
#3619 = SURFACE_CURVE('',#3620,(#3624,#3631),.PCURVE_S1.);
#3620 = LINE('',#3621,#3622);
#3621 = CARTESIAN_POINT('',(3.81,1.5875,-3.175));
#3622 = VECTOR('',#3623,1.);
#3623 = DIRECTION('',(0.E+000,0.E+000,1.));
#3624 = PCURVE('',#1445,#3625);
#3625 = DEFINITIONAL_REPRESENTATION('',(#3626),#3630);
#3626 = LINE('',#3627,#3628);
#3627 = CARTESIAN_POINT('',(8.89,0.E+000));
#3628 = VECTOR('',#3629,1.);
#3629 = DIRECTION('',(0.E+000,-1.));
#3630 = ( GEOMETRIC_REPRESENTATION_CONTEXT(2) 
PARAMETRIC_REPRESENTATION_CONTEXT() REPRESENTATION_CONTEXT('2D SPACE',''
  ) );
#3631 = PCURVE('',#3031,#3632);
#3632 = DEFINITIONAL_REPRESENTATION('',(#3633),#3637);
#3633 = LINE('',#3634,#3635);
#3634 = CARTESIAN_POINT('',(1.5875,-3.175));
#3635 = VECTOR('',#3636,1.);
#3636 = DIRECTION('',(0.E+000,1.));
#3637 = ( GEOMETRIC_REPRESENTATION_CONTEXT(2) 
PARAMETRIC_REPRESENTATION_CONTEXT() REPRESENTATION_CONTEXT('2D SPACE',''
  ) );
#3638 = ORIENTED_EDGE('',*,*,#3639,.F.);
#3639 = EDGE_CURVE('',#3640,#3617,#3642,.T.);
#3640 = VERTEX_POINT('',#3641);
#3641 = CARTESIAN_POINT('',(-3.81,1.5875,-2.286));
#3642 = SURFACE_CURVE('',#3643,(#3647,#3654),.PCURVE_S1.);
#3643 = LINE('',#3644,#3645);
#3644 = CARTESIAN_POINT('',(-3.81,1.5875,-2.286));
#3645 = VECTOR('',#3646,1.);
#3646 = DIRECTION('',(1.,0.E+000,0.E+000));
#3647 = PCURVE('',#1445,#3648);
#3648 = DEFINITIONAL_REPRESENTATION('',(#3649),#3653);
#3649 = LINE('',#3650,#3651);
#3650 = CARTESIAN_POINT('',(1.27,-0.889));
#3651 = VECTOR('',#3652,1.);
#3652 = DIRECTION('',(1.,0.E+000));
#3653 = ( GEOMETRIC_REPRESENTATION_CONTEXT(2) 
PARAMETRIC_REPRESENTATION_CONTEXT() REPRESENTATION_CONTEXT('2D SPACE',''
  ) );
#3654 = PCURVE('',#3655,#3660);
#3655 = PLANE('',#3656);
#3656 = AXIS2_PLACEMENT_3D('',#3657,#3658,#3659);
#3657 = CARTESIAN_POINT('',(-3.81,2.6035,-2.286));
#3658 = DIRECTION('',(0.E+000,0.E+000,1.));
#3659 = DIRECTION('',(1.,0.E+000,0.E+000));
#3660 = DEFINITIONAL_REPRESENTATION('',(#3661),#3665);
#3661 = LINE('',#3662,#3663);
#3662 = CARTESIAN_POINT('',(0.E+000,-1.016));
#3663 = VECTOR('',#3664,1.);
#3664 = DIRECTION('',(1.,0.E+000));
#3665 = ( GEOMETRIC_REPRESENTATION_CONTEXT(2) 
PARAMETRIC_REPRESENTATION_CONTEXT() REPRESENTATION_CONTEXT('2D SPACE',''
  ) );
#3666 = ORIENTED_EDGE('',*,*,#3667,.F.);
#3667 = EDGE_CURVE('',#2937,#3640,#3668,.T.);
#3668 = SURFACE_CURVE('',#3669,(#3673,#3680),.PCURVE_S1.);
#3669 = LINE('',#3670,#3671);
#3670 = CARTESIAN_POINT('',(-3.81,1.5875,-3.175));
#3671 = VECTOR('',#3672,1.);
#3672 = DIRECTION('',(0.E+000,0.E+000,1.));
#3673 = PCURVE('',#1445,#3674);
#3674 = DEFINITIONAL_REPRESENTATION('',(#3675),#3679);
#3675 = LINE('',#3676,#3677);
#3676 = CARTESIAN_POINT('',(1.27,0.E+000));
#3677 = VECTOR('',#3678,1.);
#3678 = DIRECTION('',(0.E+000,-1.));
#3679 = ( GEOMETRIC_REPRESENTATION_CONTEXT(2) 
PARAMETRIC_REPRESENTATION_CONTEXT() REPRESENTATION_CONTEXT('2D SPACE',''
  ) );
#3680 = PCURVE('',#2975,#3681);
#3681 = DEFINITIONAL_REPRESENTATION('',(#3682),#3686);
#3682 = LINE('',#3683,#3684);
#3683 = CARTESIAN_POINT('',(1.5875,-3.175));
#3684 = VECTOR('',#3685,1.);
#3685 = DIRECTION('',(0.E+000,1.));
#3686 = ( GEOMETRIC_REPRESENTATION_CONTEXT(2) 
PARAMETRIC_REPRESENTATION_CONTEXT() REPRESENTATION_CONTEXT('2D SPACE',''
  ) );
#3687 = FACE_BOUND('',#3688,.T.);
#3688 = EDGE_LOOP('',(#3689,#3719,#3747,#3775));
#3689 = ORIENTED_EDGE('',*,*,#3690,.T.);
#3690 = EDGE_CURVE('',#3691,#3693,#3695,.T.);
#3691 = VERTEX_POINT('',#3692);
#3692 = CARTESIAN_POINT('',(-4.1275,1.5875,-0.3175));
#3693 = VERTEX_POINT('',#3694);
#3694 = CARTESIAN_POINT('',(-3.4925,1.5875,-0.3175));
#3695 = SURFACE_CURVE('',#3696,(#3700,#3707),.PCURVE_S1.);
#3696 = LINE('',#3697,#3698);
#3697 = CARTESIAN_POINT('',(-4.1275,1.5875,-0.3175));
#3698 = VECTOR('',#3699,1.);
#3699 = DIRECTION('',(1.,0.E+000,0.E+000));
#3700 = PCURVE('',#1445,#3701);
#3701 = DEFINITIONAL_REPRESENTATION('',(#3702),#3706);
#3702 = LINE('',#3703,#3704);
#3703 = CARTESIAN_POINT('',(0.9525,-2.8575));
#3704 = VECTOR('',#3705,1.);
#3705 = DIRECTION('',(1.,0.E+000));
#3706 = ( GEOMETRIC_REPRESENTATION_CONTEXT(2) 
PARAMETRIC_REPRESENTATION_CONTEXT() REPRESENTATION_CONTEXT('2D SPACE',''
  ) );
#3707 = PCURVE('',#3708,#3713);
#3708 = PLANE('',#3709);
#3709 = AXIS2_PLACEMENT_3D('',#3710,#3711,#3712);
#3710 = CARTESIAN_POINT('',(-4.1275,1.5875,-0.3175));
#3711 = DIRECTION('',(0.E+000,0.E+000,-1.));
#3712 = DIRECTION('',(0.E+000,-1.,0.E+000));
#3713 = DEFINITIONAL_REPRESENTATION('',(#3714),#3718);
#3714 = LINE('',#3715,#3716);
#3715 = CARTESIAN_POINT('',(0.E+000,0.E+000));
#3716 = VECTOR('',#3717,1.);
#3717 = DIRECTION('',(0.E+000,-1.));
#3718 = ( GEOMETRIC_REPRESENTATION_CONTEXT(2) 
PARAMETRIC_REPRESENTATION_CONTEXT() REPRESENTATION_CONTEXT('2D SPACE',''
  ) );
#3719 = ORIENTED_EDGE('',*,*,#3720,.F.);
#3720 = EDGE_CURVE('',#3721,#3693,#3723,.T.);
#3721 = VERTEX_POINT('',#3722);
#3722 = CARTESIAN_POINT('',(-3.4925,1.5875,0.3175));
#3723 = SURFACE_CURVE('',#3724,(#3728,#3735),.PCURVE_S1.);
#3724 = LINE('',#3725,#3726);
#3725 = CARTESIAN_POINT('',(-3.4925,1.5875,0.3175));
#3726 = VECTOR('',#3727,1.);
#3727 = DIRECTION('',(0.E+000,0.E+000,-1.));
#3728 = PCURVE('',#1445,#3729);
#3729 = DEFINITIONAL_REPRESENTATION('',(#3730),#3734);
#3730 = LINE('',#3731,#3732);
#3731 = CARTESIAN_POINT('',(1.5875,-3.4925));
#3732 = VECTOR('',#3733,1.);
#3733 = DIRECTION('',(0.E+000,1.));
#3734 = ( GEOMETRIC_REPRESENTATION_CONTEXT(2) 
PARAMETRIC_REPRESENTATION_CONTEXT() REPRESENTATION_CONTEXT('2D SPACE',''
  ) );
#3735 = PCURVE('',#3736,#3741);
#3736 = PLANE('',#3737);
#3737 = AXIS2_PLACEMENT_3D('',#3738,#3739,#3740);
#3738 = CARTESIAN_POINT('',(-3.4925,-0.9525,3.175));
#3739 = DIRECTION('',(1.,0.E+000,0.E+000));
#3740 = DIRECTION('',(0.E+000,1.,0.E+000));
#3741 = DEFINITIONAL_REPRESENTATION('',(#3742),#3746);
#3742 = LINE('',#3743,#3744);
#3743 = CARTESIAN_POINT('',(2.54,-2.8575));
#3744 = VECTOR('',#3745,1.);
#3745 = DIRECTION('',(0.E+000,-1.));
#3746 = ( GEOMETRIC_REPRESENTATION_CONTEXT(2) 
PARAMETRIC_REPRESENTATION_CONTEXT() REPRESENTATION_CONTEXT('2D SPACE',''
  ) );
#3747 = ORIENTED_EDGE('',*,*,#3748,.F.);
#3748 = EDGE_CURVE('',#3749,#3721,#3751,.T.);
#3749 = VERTEX_POINT('',#3750);
#3750 = CARTESIAN_POINT('',(-4.1275,1.5875,0.3175));
#3751 = SURFACE_CURVE('',#3752,(#3756,#3763),.PCURVE_S1.);
#3752 = LINE('',#3753,#3754);
#3753 = CARTESIAN_POINT('',(-4.1275,1.5875,0.3175));
#3754 = VECTOR('',#3755,1.);
#3755 = DIRECTION('',(1.,0.E+000,0.E+000));
#3756 = PCURVE('',#1445,#3757);
#3757 = DEFINITIONAL_REPRESENTATION('',(#3758),#3762);
#3758 = LINE('',#3759,#3760);
#3759 = CARTESIAN_POINT('',(0.9525,-3.4925));
#3760 = VECTOR('',#3761,1.);
#3761 = DIRECTION('',(1.,0.E+000));
#3762 = ( GEOMETRIC_REPRESENTATION_CONTEXT(2) 
PARAMETRIC_REPRESENTATION_CONTEXT() REPRESENTATION_CONTEXT('2D SPACE',''
  ) );
#3763 = PCURVE('',#3764,#3769);
#3764 = PLANE('',#3765);
#3765 = AXIS2_PLACEMENT_3D('',#3766,#3767,#3768);
#3766 = CARTESIAN_POINT('',(-4.1275,8.1915,0.3175));
#3767 = DIRECTION('',(0.E+000,0.E+000,1.));
#3768 = DIRECTION('',(1.,0.E+000,0.E+000));
#3769 = DEFINITIONAL_REPRESENTATION('',(#3770),#3774);
#3770 = LINE('',#3771,#3772);
#3771 = CARTESIAN_POINT('',(0.E+000,-6.604));
#3772 = VECTOR('',#3773,1.);
#3773 = DIRECTION('',(1.,0.E+000));
#3774 = ( GEOMETRIC_REPRESENTATION_CONTEXT(2) 
PARAMETRIC_REPRESENTATION_CONTEXT() REPRESENTATION_CONTEXT('2D SPACE',''
  ) );
#3775 = ORIENTED_EDGE('',*,*,#3776,.T.);
#3776 = EDGE_CURVE('',#3749,#3691,#3777,.T.);
#3777 = SURFACE_CURVE('',#3778,(#3782,#3789),.PCURVE_S1.);
#3778 = LINE('',#3779,#3780);
#3779 = CARTESIAN_POINT('',(-4.1275,1.5875,0.3175));
#3780 = VECTOR('',#3781,1.);
#3781 = DIRECTION('',(0.E+000,0.E+000,-1.));
#3782 = PCURVE('',#1445,#3783);
#3783 = DEFINITIONAL_REPRESENTATION('',(#3784),#3788);
#3784 = LINE('',#3785,#3786);
#3785 = CARTESIAN_POINT('',(0.9525,-3.4925));
#3786 = VECTOR('',#3787,1.);
#3787 = DIRECTION('',(0.E+000,1.));
#3788 = ( GEOMETRIC_REPRESENTATION_CONTEXT(2) 
PARAMETRIC_REPRESENTATION_CONTEXT() REPRESENTATION_CONTEXT('2D SPACE',''
  ) );
#3789 = PCURVE('',#3790,#3795);
#3790 = PLANE('',#3791);
#3791 = AXIS2_PLACEMENT_3D('',#3792,#3793,#3794);
#3792 = CARTESIAN_POINT('',(-4.1275,-0.9525,3.175));
#3793 = DIRECTION('',(1.,0.E+000,0.E+000));
#3794 = DIRECTION('',(0.E+000,1.,0.E+000));
#3795 = DEFINITIONAL_REPRESENTATION('',(#3796),#3800);
#3796 = LINE('',#3797,#3798);
#3797 = CARTESIAN_POINT('',(2.54,-2.8575));
#3798 = VECTOR('',#3799,1.);
#3799 = DIRECTION('',(0.E+000,-1.));
#3800 = ( GEOMETRIC_REPRESENTATION_CONTEXT(2) 
PARAMETRIC_REPRESENTATION_CONTEXT() REPRESENTATION_CONTEXT('2D SPACE',''
  ) );
#3801 = FACE_BOUND('',#3802,.T.);
#3802 = EDGE_LOOP('',(#3803,#3833,#3861,#3889));
#3803 = ORIENTED_EDGE('',*,*,#3804,.T.);
#3804 = EDGE_CURVE('',#3805,#3807,#3809,.T.);
#3805 = VERTEX_POINT('',#3806);
#3806 = CARTESIAN_POINT('',(-1.5875,1.5875,-0.3175));
#3807 = VERTEX_POINT('',#3808);
#3808 = CARTESIAN_POINT('',(-0.9525,1.5875,-0.3175));
#3809 = SURFACE_CURVE('',#3810,(#3814,#3821),.PCURVE_S1.);
#3810 = LINE('',#3811,#3812);
#3811 = CARTESIAN_POINT('',(-1.5875,1.5875,-0.3175));
#3812 = VECTOR('',#3813,1.);
#3813 = DIRECTION('',(1.,0.E+000,0.E+000));
#3814 = PCURVE('',#1445,#3815);
#3815 = DEFINITIONAL_REPRESENTATION('',(#3816),#3820);
#3816 = LINE('',#3817,#3818);
#3817 = CARTESIAN_POINT('',(3.4925,-2.8575));
#3818 = VECTOR('',#3819,1.);
#3819 = DIRECTION('',(1.,0.E+000));
#3820 = ( GEOMETRIC_REPRESENTATION_CONTEXT(2) 
PARAMETRIC_REPRESENTATION_CONTEXT() REPRESENTATION_CONTEXT('2D SPACE',''
  ) );
#3821 = PCURVE('',#3822,#3827);
#3822 = PLANE('',#3823);
#3823 = AXIS2_PLACEMENT_3D('',#3824,#3825,#3826);
#3824 = CARTESIAN_POINT('',(-1.5875,1.5875,-0.3175));
#3825 = DIRECTION('',(0.E+000,0.E+000,-1.));
#3826 = DIRECTION('',(0.E+000,-1.,0.E+000));
#3827 = DEFINITIONAL_REPRESENTATION('',(#3828),#3832);
#3828 = LINE('',#3829,#3830);
#3829 = CARTESIAN_POINT('',(0.E+000,0.E+000));
#3830 = VECTOR('',#3831,1.);
#3831 = DIRECTION('',(0.E+000,-1.));
#3832 = ( GEOMETRIC_REPRESENTATION_CONTEXT(2) 
PARAMETRIC_REPRESENTATION_CONTEXT() REPRESENTATION_CONTEXT('2D SPACE',''
  ) );
#3833 = ORIENTED_EDGE('',*,*,#3834,.F.);
#3834 = EDGE_CURVE('',#3835,#3807,#3837,.T.);
#3835 = VERTEX_POINT('',#3836);
#3836 = CARTESIAN_POINT('',(-0.9525,1.5875,0.3175));
#3837 = SURFACE_CURVE('',#3838,(#3842,#3849),.PCURVE_S1.);
#3838 = LINE('',#3839,#3840);
#3839 = CARTESIAN_POINT('',(-0.9525,1.5875,0.3175));
#3840 = VECTOR('',#3841,1.);
#3841 = DIRECTION('',(0.E+000,0.E+000,-1.));
#3842 = PCURVE('',#1445,#3843);
#3843 = DEFINITIONAL_REPRESENTATION('',(#3844),#3848);
#3844 = LINE('',#3845,#3846);
#3845 = CARTESIAN_POINT('',(4.1275,-3.4925));
#3846 = VECTOR('',#3847,1.);
#3847 = DIRECTION('',(0.E+000,1.));
#3848 = ( GEOMETRIC_REPRESENTATION_CONTEXT(2) 
PARAMETRIC_REPRESENTATION_CONTEXT() REPRESENTATION_CONTEXT('2D SPACE',''
  ) );
#3849 = PCURVE('',#3850,#3855);
#3850 = PLANE('',#3851);
#3851 = AXIS2_PLACEMENT_3D('',#3852,#3853,#3854);
#3852 = CARTESIAN_POINT('',(-0.9525,-0.9525,3.175));
#3853 = DIRECTION('',(1.,0.E+000,0.E+000));
#3854 = DIRECTION('',(0.E+000,1.,0.E+000));
#3855 = DEFINITIONAL_REPRESENTATION('',(#3856),#3860);
#3856 = LINE('',#3857,#3858);
#3857 = CARTESIAN_POINT('',(2.54,-2.8575));
#3858 = VECTOR('',#3859,1.);
#3859 = DIRECTION('',(0.E+000,-1.));
#3860 = ( GEOMETRIC_REPRESENTATION_CONTEXT(2) 
PARAMETRIC_REPRESENTATION_CONTEXT() REPRESENTATION_CONTEXT('2D SPACE',''
  ) );
#3861 = ORIENTED_EDGE('',*,*,#3862,.F.);
#3862 = EDGE_CURVE('',#3863,#3835,#3865,.T.);
#3863 = VERTEX_POINT('',#3864);
#3864 = CARTESIAN_POINT('',(-1.5875,1.5875,0.3175));
#3865 = SURFACE_CURVE('',#3866,(#3870,#3877),.PCURVE_S1.);
#3866 = LINE('',#3867,#3868);
#3867 = CARTESIAN_POINT('',(-1.5875,1.5875,0.3175));
#3868 = VECTOR('',#3869,1.);
#3869 = DIRECTION('',(1.,0.E+000,0.E+000));
#3870 = PCURVE('',#1445,#3871);
#3871 = DEFINITIONAL_REPRESENTATION('',(#3872),#3876);
#3872 = LINE('',#3873,#3874);
#3873 = CARTESIAN_POINT('',(3.4925,-3.4925));
#3874 = VECTOR('',#3875,1.);
#3875 = DIRECTION('',(1.,0.E+000));
#3876 = ( GEOMETRIC_REPRESENTATION_CONTEXT(2) 
PARAMETRIC_REPRESENTATION_CONTEXT() REPRESENTATION_CONTEXT('2D SPACE',''
  ) );
#3877 = PCURVE('',#3878,#3883);
#3878 = PLANE('',#3879);
#3879 = AXIS2_PLACEMENT_3D('',#3880,#3881,#3882);
#3880 = CARTESIAN_POINT('',(-1.5875,8.1915,0.3175));
#3881 = DIRECTION('',(0.E+000,0.E+000,1.));
#3882 = DIRECTION('',(1.,0.E+000,0.E+000));
#3883 = DEFINITIONAL_REPRESENTATION('',(#3884),#3888);
#3884 = LINE('',#3885,#3886);
#3885 = CARTESIAN_POINT('',(0.E+000,-6.604));
#3886 = VECTOR('',#3887,1.);
#3887 = DIRECTION('',(1.,0.E+000));
#3888 = ( GEOMETRIC_REPRESENTATION_CONTEXT(2) 
PARAMETRIC_REPRESENTATION_CONTEXT() REPRESENTATION_CONTEXT('2D SPACE',''
  ) );
#3889 = ORIENTED_EDGE('',*,*,#3890,.T.);
#3890 = EDGE_CURVE('',#3863,#3805,#3891,.T.);
#3891 = SURFACE_CURVE('',#3892,(#3896,#3903),.PCURVE_S1.);
#3892 = LINE('',#3893,#3894);
#3893 = CARTESIAN_POINT('',(-1.5875,1.5875,0.3175));
#3894 = VECTOR('',#3895,1.);
#3895 = DIRECTION('',(0.E+000,0.E+000,-1.));
#3896 = PCURVE('',#1445,#3897);
#3897 = DEFINITIONAL_REPRESENTATION('',(#3898),#3902);
#3898 = LINE('',#3899,#3900);
#3899 = CARTESIAN_POINT('',(3.4925,-3.4925));
#3900 = VECTOR('',#3901,1.);
#3901 = DIRECTION('',(0.E+000,1.));
#3902 = ( GEOMETRIC_REPRESENTATION_CONTEXT(2) 
PARAMETRIC_REPRESENTATION_CONTEXT() REPRESENTATION_CONTEXT('2D SPACE',''
  ) );
#3903 = PCURVE('',#3904,#3909);
#3904 = PLANE('',#3905);
#3905 = AXIS2_PLACEMENT_3D('',#3906,#3907,#3908);
#3906 = CARTESIAN_POINT('',(-1.5875,-0.9525,3.175));
#3907 = DIRECTION('',(1.,0.E+000,0.E+000));
#3908 = DIRECTION('',(0.E+000,1.,0.E+000));
#3909 = DEFINITIONAL_REPRESENTATION('',(#3910),#3914);
#3910 = LINE('',#3911,#3912);
#3911 = CARTESIAN_POINT('',(2.54,-2.8575));
#3912 = VECTOR('',#3913,1.);
#3913 = DIRECTION('',(0.E+000,-1.));
#3914 = ( GEOMETRIC_REPRESENTATION_CONTEXT(2) 
PARAMETRIC_REPRESENTATION_CONTEXT() REPRESENTATION_CONTEXT('2D SPACE',''
  ) );
#3915 = FACE_BOUND('',#3916,.T.);
#3916 = EDGE_LOOP('',(#3917,#3947,#3975,#4003));
#3917 = ORIENTED_EDGE('',*,*,#3918,.T.);
#3918 = EDGE_CURVE('',#3919,#3921,#3923,.T.);
#3919 = VERTEX_POINT('',#3920);
#3920 = CARTESIAN_POINT('',(0.9525,1.5875,-0.3175));
#3921 = VERTEX_POINT('',#3922);
#3922 = CARTESIAN_POINT('',(1.5875,1.5875,-0.3175));
#3923 = SURFACE_CURVE('',#3924,(#3928,#3935),.PCURVE_S1.);
#3924 = LINE('',#3925,#3926);
#3925 = CARTESIAN_POINT('',(0.9525,1.5875,-0.3175));
#3926 = VECTOR('',#3927,1.);
#3927 = DIRECTION('',(1.,0.E+000,0.E+000));
#3928 = PCURVE('',#1445,#3929);
#3929 = DEFINITIONAL_REPRESENTATION('',(#3930),#3934);
#3930 = LINE('',#3931,#3932);
#3931 = CARTESIAN_POINT('',(6.0325,-2.8575));
#3932 = VECTOR('',#3933,1.);
#3933 = DIRECTION('',(1.,0.E+000));
#3934 = ( GEOMETRIC_REPRESENTATION_CONTEXT(2) 
PARAMETRIC_REPRESENTATION_CONTEXT() REPRESENTATION_CONTEXT('2D SPACE',''
  ) );
#3935 = PCURVE('',#3936,#3941);
#3936 = PLANE('',#3937);
#3937 = AXIS2_PLACEMENT_3D('',#3938,#3939,#3940);
#3938 = CARTESIAN_POINT('',(0.9525,1.5875,-0.3175));
#3939 = DIRECTION('',(0.E+000,0.E+000,-1.));
#3940 = DIRECTION('',(0.E+000,-1.,0.E+000));
#3941 = DEFINITIONAL_REPRESENTATION('',(#3942),#3946);
#3942 = LINE('',#3943,#3944);
#3943 = CARTESIAN_POINT('',(0.E+000,0.E+000));
#3944 = VECTOR('',#3945,1.);
#3945 = DIRECTION('',(0.E+000,-1.));
#3946 = ( GEOMETRIC_REPRESENTATION_CONTEXT(2) 
PARAMETRIC_REPRESENTATION_CONTEXT() REPRESENTATION_CONTEXT('2D SPACE',''
  ) );
#3947 = ORIENTED_EDGE('',*,*,#3948,.F.);
#3948 = EDGE_CURVE('',#3949,#3921,#3951,.T.);
#3949 = VERTEX_POINT('',#3950);
#3950 = CARTESIAN_POINT('',(1.5875,1.5875,0.3175));
#3951 = SURFACE_CURVE('',#3952,(#3956,#3963),.PCURVE_S1.);
#3952 = LINE('',#3953,#3954);
#3953 = CARTESIAN_POINT('',(1.5875,1.5875,0.3175));
#3954 = VECTOR('',#3955,1.);
#3955 = DIRECTION('',(0.E+000,0.E+000,-1.));
#3956 = PCURVE('',#1445,#3957);
#3957 = DEFINITIONAL_REPRESENTATION('',(#3958),#3962);
#3958 = LINE('',#3959,#3960);
#3959 = CARTESIAN_POINT('',(6.6675,-3.4925));
#3960 = VECTOR('',#3961,1.);
#3961 = DIRECTION('',(0.E+000,1.));
#3962 = ( GEOMETRIC_REPRESENTATION_CONTEXT(2) 
PARAMETRIC_REPRESENTATION_CONTEXT() REPRESENTATION_CONTEXT('2D SPACE',''
  ) );
#3963 = PCURVE('',#3964,#3969);
#3964 = PLANE('',#3965);
#3965 = AXIS2_PLACEMENT_3D('',#3966,#3967,#3968);
#3966 = CARTESIAN_POINT('',(1.5875,-0.9525,3.175));
#3967 = DIRECTION('',(1.,0.E+000,0.E+000));
#3968 = DIRECTION('',(0.E+000,1.,0.E+000));
#3969 = DEFINITIONAL_REPRESENTATION('',(#3970),#3974);
#3970 = LINE('',#3971,#3972);
#3971 = CARTESIAN_POINT('',(2.54,-2.8575));
#3972 = VECTOR('',#3973,1.);
#3973 = DIRECTION('',(0.E+000,-1.));
#3974 = ( GEOMETRIC_REPRESENTATION_CONTEXT(2) 
PARAMETRIC_REPRESENTATION_CONTEXT() REPRESENTATION_CONTEXT('2D SPACE',''
  ) );
#3975 = ORIENTED_EDGE('',*,*,#3976,.F.);
#3976 = EDGE_CURVE('',#3977,#3949,#3979,.T.);
#3977 = VERTEX_POINT('',#3978);
#3978 = CARTESIAN_POINT('',(0.9525,1.5875,0.3175));
#3979 = SURFACE_CURVE('',#3980,(#3984,#3991),.PCURVE_S1.);
#3980 = LINE('',#3981,#3982);
#3981 = CARTESIAN_POINT('',(0.9525,1.5875,0.3175));
#3982 = VECTOR('',#3983,1.);
#3983 = DIRECTION('',(1.,0.E+000,0.E+000));
#3984 = PCURVE('',#1445,#3985);
#3985 = DEFINITIONAL_REPRESENTATION('',(#3986),#3990);
#3986 = LINE('',#3987,#3988);
#3987 = CARTESIAN_POINT('',(6.0325,-3.4925));
#3988 = VECTOR('',#3989,1.);
#3989 = DIRECTION('',(1.,0.E+000));
#3990 = ( GEOMETRIC_REPRESENTATION_CONTEXT(2) 
PARAMETRIC_REPRESENTATION_CONTEXT() REPRESENTATION_CONTEXT('2D SPACE',''
  ) );
#3991 = PCURVE('',#3992,#3997);
#3992 = PLANE('',#3993);
#3993 = AXIS2_PLACEMENT_3D('',#3994,#3995,#3996);
#3994 = CARTESIAN_POINT('',(0.9525,8.1915,0.3175));
#3995 = DIRECTION('',(0.E+000,0.E+000,1.));
#3996 = DIRECTION('',(1.,0.E+000,0.E+000));
#3997 = DEFINITIONAL_REPRESENTATION('',(#3998),#4002);
#3998 = LINE('',#3999,#4000);
#3999 = CARTESIAN_POINT('',(0.E+000,-6.604));
#4000 = VECTOR('',#4001,1.);
#4001 = DIRECTION('',(1.,0.E+000));
#4002 = ( GEOMETRIC_REPRESENTATION_CONTEXT(2) 
PARAMETRIC_REPRESENTATION_CONTEXT() REPRESENTATION_CONTEXT('2D SPACE',''
  ) );
#4003 = ORIENTED_EDGE('',*,*,#4004,.T.);
#4004 = EDGE_CURVE('',#3977,#3919,#4005,.T.);
#4005 = SURFACE_CURVE('',#4006,(#4010,#4017),.PCURVE_S1.);
#4006 = LINE('',#4007,#4008);
#4007 = CARTESIAN_POINT('',(0.9525,1.5875,0.3175));
#4008 = VECTOR('',#4009,1.);
#4009 = DIRECTION('',(0.E+000,0.E+000,-1.));
#4010 = PCURVE('',#1445,#4011);
#4011 = DEFINITIONAL_REPRESENTATION('',(#4012),#4016);
#4012 = LINE('',#4013,#4014);
#4013 = CARTESIAN_POINT('',(6.0325,-3.4925));
#4014 = VECTOR('',#4015,1.);
#4015 = DIRECTION('',(0.E+000,1.));
#4016 = ( GEOMETRIC_REPRESENTATION_CONTEXT(2) 
PARAMETRIC_REPRESENTATION_CONTEXT() REPRESENTATION_CONTEXT('2D SPACE',''
  ) );
#4017 = PCURVE('',#4018,#4023);
#4018 = PLANE('',#4019);
#4019 = AXIS2_PLACEMENT_3D('',#4020,#4021,#4022);
#4020 = CARTESIAN_POINT('',(0.9525,-0.9525,3.175));
#4021 = DIRECTION('',(1.,0.E+000,0.E+000));
#4022 = DIRECTION('',(0.E+000,1.,0.E+000));
#4023 = DEFINITIONAL_REPRESENTATION('',(#4024),#4028);
#4024 = LINE('',#4025,#4026);
#4025 = CARTESIAN_POINT('',(2.54,-2.8575));
#4026 = VECTOR('',#4027,1.);
#4027 = DIRECTION('',(0.E+000,-1.));
#4028 = ( GEOMETRIC_REPRESENTATION_CONTEXT(2) 
PARAMETRIC_REPRESENTATION_CONTEXT() REPRESENTATION_CONTEXT('2D SPACE',''
  ) );
#4029 = FACE_BOUND('',#4030,.T.);
#4030 = EDGE_LOOP('',(#4031,#4054,#4082,#4103));
#4031 = ORIENTED_EDGE('',*,*,#4032,.T.);
#4032 = EDGE_CURVE('',#3348,#4033,#4035,.T.);
#4033 = VERTEX_POINT('',#4034);
#4034 = CARTESIAN_POINT('',(4.1275,1.5875,-0.3175));
#4035 = SURFACE_CURVE('',#4036,(#4040,#4047),.PCURVE_S1.);
#4036 = LINE('',#4037,#4038);
#4037 = CARTESIAN_POINT('',(3.4925,1.5875,-0.3175));
#4038 = VECTOR('',#4039,1.);
#4039 = DIRECTION('',(1.,0.E+000,0.E+000));
#4040 = PCURVE('',#1445,#4041);
#4041 = DEFINITIONAL_REPRESENTATION('',(#4042),#4046);
#4042 = LINE('',#4043,#4044);
#4043 = CARTESIAN_POINT('',(8.5725,-2.8575));
#4044 = VECTOR('',#4045,1.);
#4045 = DIRECTION('',(1.,0.E+000));
#4046 = ( GEOMETRIC_REPRESENTATION_CONTEXT(2) 
PARAMETRIC_REPRESENTATION_CONTEXT() REPRESENTATION_CONTEXT('2D SPACE',''
  ) );
#4047 = PCURVE('',#3363,#4048);
#4048 = DEFINITIONAL_REPRESENTATION('',(#4049),#4053);
#4049 = LINE('',#4050,#4051);
#4050 = CARTESIAN_POINT('',(0.E+000,0.E+000));
#4051 = VECTOR('',#4052,1.);
#4052 = DIRECTION('',(0.E+000,-1.));
#4053 = ( GEOMETRIC_REPRESENTATION_CONTEXT(2) 
PARAMETRIC_REPRESENTATION_CONTEXT() REPRESENTATION_CONTEXT('2D SPACE',''
  ) );
#4054 = ORIENTED_EDGE('',*,*,#4055,.F.);
#4055 = EDGE_CURVE('',#4056,#4033,#4058,.T.);
#4056 = VERTEX_POINT('',#4057);
#4057 = CARTESIAN_POINT('',(4.1275,1.5875,0.3175));
#4058 = SURFACE_CURVE('',#4059,(#4063,#4070),.PCURVE_S1.);
#4059 = LINE('',#4060,#4061);
#4060 = CARTESIAN_POINT('',(4.1275,1.5875,0.3175));
#4061 = VECTOR('',#4062,1.);
#4062 = DIRECTION('',(0.E+000,0.E+000,-1.));
#4063 = PCURVE('',#1445,#4064);
#4064 = DEFINITIONAL_REPRESENTATION('',(#4065),#4069);
#4065 = LINE('',#4066,#4067);
#4066 = CARTESIAN_POINT('',(9.2075,-3.4925));
#4067 = VECTOR('',#4068,1.);
#4068 = DIRECTION('',(0.E+000,1.));
#4069 = ( GEOMETRIC_REPRESENTATION_CONTEXT(2) 
PARAMETRIC_REPRESENTATION_CONTEXT() REPRESENTATION_CONTEXT('2D SPACE',''
  ) );
#4070 = PCURVE('',#4071,#4076);
#4071 = PLANE('',#4072);
#4072 = AXIS2_PLACEMENT_3D('',#4073,#4074,#4075);
#4073 = CARTESIAN_POINT('',(4.1275,-0.9525,3.175));
#4074 = DIRECTION('',(1.,0.E+000,0.E+000));
#4075 = DIRECTION('',(0.E+000,1.,0.E+000));
#4076 = DEFINITIONAL_REPRESENTATION('',(#4077),#4081);
#4077 = LINE('',#4078,#4079);
#4078 = CARTESIAN_POINT('',(2.54,-2.8575));
#4079 = VECTOR('',#4080,1.);
#4080 = DIRECTION('',(0.E+000,-1.));
#4081 = ( GEOMETRIC_REPRESENTATION_CONTEXT(2) 
PARAMETRIC_REPRESENTATION_CONTEXT() REPRESENTATION_CONTEXT('2D SPACE',''
  ) );
#4082 = ORIENTED_EDGE('',*,*,#4083,.F.);
#4083 = EDGE_CURVE('',#3287,#4056,#4084,.T.);
#4084 = SURFACE_CURVE('',#4085,(#4089,#4096),.PCURVE_S1.);
#4085 = LINE('',#4086,#4087);
#4086 = CARTESIAN_POINT('',(3.4925,1.5875,0.3175));
#4087 = VECTOR('',#4088,1.);
#4088 = DIRECTION('',(1.,0.E+000,0.E+000));
#4089 = PCURVE('',#1445,#4090);
#4090 = DEFINITIONAL_REPRESENTATION('',(#4091),#4095);
#4091 = LINE('',#4092,#4093);
#4092 = CARTESIAN_POINT('',(8.5725,-3.4925));
#4093 = VECTOR('',#4094,1.);
#4094 = DIRECTION('',(1.,0.E+000));
#4095 = ( GEOMETRIC_REPRESENTATION_CONTEXT(2) 
PARAMETRIC_REPRESENTATION_CONTEXT() REPRESENTATION_CONTEXT('2D SPACE',''
  ) );
#4096 = PCURVE('',#3307,#4097);
#4097 = DEFINITIONAL_REPRESENTATION('',(#4098),#4102);
#4098 = LINE('',#4099,#4100);
#4099 = CARTESIAN_POINT('',(0.E+000,-6.604));
#4100 = VECTOR('',#4101,1.);
#4101 = DIRECTION('',(1.,0.E+000));
#4102 = ( GEOMETRIC_REPRESENTATION_CONTEXT(2) 
PARAMETRIC_REPRESENTATION_CONTEXT() REPRESENTATION_CONTEXT('2D SPACE',''
  ) );
#4103 = ORIENTED_EDGE('',*,*,#3375,.T.);
#4104 = ADVANCED_FACE('',(#4105),#2975,.F.);
#4105 = FACE_BOUND('',#4106,.T.);
#4106 = EDGE_LOOP('',(#4107,#4130,#4158,#4186,#4214,#4235,#4236));
#4107 = ORIENTED_EDGE('',*,*,#4108,.F.);
#4108 = EDGE_CURVE('',#4109,#3640,#4111,.T.);
#4109 = VERTEX_POINT('',#4110);
#4110 = CARTESIAN_POINT('',(-3.81,2.6035,-2.286));
#4111 = SURFACE_CURVE('',#4112,(#4116,#4123),.PCURVE_S1.);
#4112 = LINE('',#4113,#4114);
#4113 = CARTESIAN_POINT('',(-3.81,2.6035,-2.286));
#4114 = VECTOR('',#4115,1.);
#4115 = DIRECTION('',(0.E+000,-1.,0.E+000));
#4116 = PCURVE('',#2975,#4117);
#4117 = DEFINITIONAL_REPRESENTATION('',(#4118),#4122);
#4118 = LINE('',#4119,#4120);
#4119 = CARTESIAN_POINT('',(2.6035,-2.286));
#4120 = VECTOR('',#4121,1.);
#4121 = DIRECTION('',(-1.,0.E+000));
#4122 = ( GEOMETRIC_REPRESENTATION_CONTEXT(2) 
PARAMETRIC_REPRESENTATION_CONTEXT() REPRESENTATION_CONTEXT('2D SPACE',''
  ) );
#4123 = PCURVE('',#3655,#4124);
#4124 = DEFINITIONAL_REPRESENTATION('',(#4125),#4129);
#4125 = LINE('',#4126,#4127);
#4126 = CARTESIAN_POINT('',(0.E+000,0.E+000));
#4127 = VECTOR('',#4128,1.);
#4128 = DIRECTION('',(0.E+000,-1.));
#4129 = ( GEOMETRIC_REPRESENTATION_CONTEXT(2) 
PARAMETRIC_REPRESENTATION_CONTEXT() REPRESENTATION_CONTEXT('2D SPACE',''
  ) );
#4130 = ORIENTED_EDGE('',*,*,#4131,.F.);
#4131 = EDGE_CURVE('',#4132,#4109,#4134,.T.);
#4132 = VERTEX_POINT('',#4133);
#4133 = CARTESIAN_POINT('',(-3.81,3.3655,-1.3843));
#4134 = SURFACE_CURVE('',#4135,(#4139,#4146),.PCURVE_S1.);
#4135 = LINE('',#4136,#4137);
#4136 = CARTESIAN_POINT('',(-3.81,3.3655,-1.3843));
#4137 = VECTOR('',#4138,1.);
#4138 = DIRECTION('',(0.E+000,-0.645459872447,-0.763794182395));
#4139 = PCURVE('',#2975,#4140);
#4140 = DEFINITIONAL_REPRESENTATION('',(#4141),#4145);
#4141 = LINE('',#4142,#4143);
#4142 = CARTESIAN_POINT('',(3.3655,-1.3843));
#4143 = VECTOR('',#4144,1.);
#4144 = DIRECTION('',(-0.645459872447,-0.763794182395));
#4145 = ( GEOMETRIC_REPRESENTATION_CONTEXT(2) 
PARAMETRIC_REPRESENTATION_CONTEXT() REPRESENTATION_CONTEXT('2D SPACE',''
  ) );
#4146 = PCURVE('',#4147,#4152);
#4147 = PLANE('',#4148);
#4148 = AXIS2_PLACEMENT_3D('',#4149,#4150,#4151);
#4149 = CARTESIAN_POINT('',(-3.81,3.3655,-1.3843));
#4150 = DIRECTION('',(0.E+000,-0.763794182395,0.645459872447));
#4151 = DIRECTION('',(-1.,0.E+000,0.E+000));
#4152 = DEFINITIONAL_REPRESENTATION('',(#4153),#4157);
#4153 = LINE('',#4154,#4155);
#4154 = CARTESIAN_POINT('',(0.E+000,0.E+000));
#4155 = VECTOR('',#4156,1.);
#4156 = DIRECTION('',(0.E+000,1.));
#4157 = ( GEOMETRIC_REPRESENTATION_CONTEXT(2) 
PARAMETRIC_REPRESENTATION_CONTEXT() REPRESENTATION_CONTEXT('2D SPACE',''
  ) );
#4158 = ORIENTED_EDGE('',*,*,#4159,.F.);
#4159 = EDGE_CURVE('',#4160,#4132,#4162,.T.);
#4160 = VERTEX_POINT('',#4161);
#4161 = CARTESIAN_POINT('',(-3.81,5.3213,-1.3843));
#4162 = SURFACE_CURVE('',#4163,(#4167,#4174),.PCURVE_S1.);
#4163 = LINE('',#4164,#4165);
#4164 = CARTESIAN_POINT('',(-3.81,5.3213,-1.3843));
#4165 = VECTOR('',#4166,1.);
#4166 = DIRECTION('',(0.E+000,-1.,0.E+000));
#4167 = PCURVE('',#2975,#4168);
#4168 = DEFINITIONAL_REPRESENTATION('',(#4169),#4173);
#4169 = LINE('',#4170,#4171);
#4170 = CARTESIAN_POINT('',(5.3213,-1.3843));
#4171 = VECTOR('',#4172,1.);
#4172 = DIRECTION('',(-1.,0.E+000));
#4173 = ( GEOMETRIC_REPRESENTATION_CONTEXT(2) 
PARAMETRIC_REPRESENTATION_CONTEXT() REPRESENTATION_CONTEXT('2D SPACE',''
  ) );
#4174 = PCURVE('',#4175,#4180);
#4175 = PLANE('',#4176);
#4176 = AXIS2_PLACEMENT_3D('',#4177,#4178,#4179);
#4177 = CARTESIAN_POINT('',(-3.81,5.3213,-1.3843));
#4178 = DIRECTION('',(0.E+000,0.E+000,1.));
#4179 = DIRECTION('',(1.,0.E+000,0.E+000));
#4180 = DEFINITIONAL_REPRESENTATION('',(#4181),#4185);
#4181 = LINE('',#4182,#4183);
#4182 = CARTESIAN_POINT('',(0.E+000,0.E+000));
#4183 = VECTOR('',#4184,1.);
#4184 = DIRECTION('',(0.E+000,-1.));
#4185 = ( GEOMETRIC_REPRESENTATION_CONTEXT(2) 
PARAMETRIC_REPRESENTATION_CONTEXT() REPRESENTATION_CONTEXT('2D SPACE',''
  ) );
#4186 = ORIENTED_EDGE('',*,*,#4187,.F.);
#4187 = EDGE_CURVE('',#4188,#4160,#4190,.T.);
#4188 = VERTEX_POINT('',#4189);
#4189 = CARTESIAN_POINT('',(-3.81,6.5913,-2.45753943662));
#4190 = SURFACE_CURVE('',#4191,(#4195,#4202),.PCURVE_S1.);
#4191 = LINE('',#4192,#4193);
#4192 = CARTESIAN_POINT('',(-3.81,6.5913,-2.45753943662));
#4193 = VECTOR('',#4194,1.);
#4194 = DIRECTION('',(0.E+000,-0.763794182395,0.645459872447));
#4195 = PCURVE('',#2975,#4196);
#4196 = DEFINITIONAL_REPRESENTATION('',(#4197),#4201);
#4197 = LINE('',#4198,#4199);
#4198 = CARTESIAN_POINT('',(6.5913,-2.45753943662));
#4199 = VECTOR('',#4200,1.);
#4200 = DIRECTION('',(-0.763794182395,0.645459872447));
#4201 = ( GEOMETRIC_REPRESENTATION_CONTEXT(2) 
PARAMETRIC_REPRESENTATION_CONTEXT() REPRESENTATION_CONTEXT('2D SPACE',''
  ) );
#4202 = PCURVE('',#4203,#4208);
#4203 = PLANE('',#4204);
#4204 = AXIS2_PLACEMENT_3D('',#4205,#4206,#4207);
#4205 = CARTESIAN_POINT('',(-3.81,6.5913,-2.45753943662));
#4206 = DIRECTION('',(0.E+000,0.645459872447,0.763794182395));
#4207 = DIRECTION('',(1.,0.E+000,0.E+000));
#4208 = DEFINITIONAL_REPRESENTATION('',(#4209),#4213);
#4209 = LINE('',#4210,#4211);
#4210 = CARTESIAN_POINT('',(0.E+000,0.E+000));
#4211 = VECTOR('',#4212,1.);
#4212 = DIRECTION('',(0.E+000,-1.));
#4213 = ( GEOMETRIC_REPRESENTATION_CONTEXT(2) 
PARAMETRIC_REPRESENTATION_CONTEXT() REPRESENTATION_CONTEXT('2D SPACE',''
  ) );
#4214 = ORIENTED_EDGE('',*,*,#4215,.F.);
#4215 = EDGE_CURVE('',#2960,#4188,#4216,.T.);
#4216 = SURFACE_CURVE('',#4217,(#4221,#4228),.PCURVE_S1.);
#4217 = LINE('',#4218,#4219);
#4218 = CARTESIAN_POINT('',(-3.81,6.5913,-3.175));
#4219 = VECTOR('',#4220,1.);
#4220 = DIRECTION('',(0.E+000,0.E+000,1.));
#4221 = PCURVE('',#2975,#4222);
#4222 = DEFINITIONAL_REPRESENTATION('',(#4223),#4227);
#4223 = LINE('',#4224,#4225);
#4224 = CARTESIAN_POINT('',(6.5913,-3.175));
#4225 = VECTOR('',#4226,1.);
#4226 = DIRECTION('',(0.E+000,1.));
#4227 = ( GEOMETRIC_REPRESENTATION_CONTEXT(2) 
PARAMETRIC_REPRESENTATION_CONTEXT() REPRESENTATION_CONTEXT('2D SPACE',''
  ) );
#4228 = PCURVE('',#3003,#4229);
#4229 = DEFINITIONAL_REPRESENTATION('',(#4230),#4234);
#4230 = LINE('',#4231,#4232);
#4231 = CARTESIAN_POINT('',(0.E+000,0.E+000));
#4232 = VECTOR('',#4233,1.);
#4233 = DIRECTION('',(0.E+000,-1.));
#4234 = ( GEOMETRIC_REPRESENTATION_CONTEXT(2) 
PARAMETRIC_REPRESENTATION_CONTEXT() REPRESENTATION_CONTEXT('2D SPACE',''
  ) );
#4235 = ORIENTED_EDGE('',*,*,#2959,.F.);
#4236 = ORIENTED_EDGE('',*,*,#3667,.T.);
#4237 = ADVANCED_FACE('',(#4238),#3003,.T.);
#4238 = FACE_BOUND('',#4239,.T.);
#4239 = EDGE_LOOP('',(#4240,#4263,#4284,#4285));
#4240 = ORIENTED_EDGE('',*,*,#4241,.T.);
#4241 = EDGE_CURVE('',#4188,#4242,#4244,.T.);
#4242 = VERTEX_POINT('',#4243);
#4243 = CARTESIAN_POINT('',(3.81,6.5913,-2.45753943662));
#4244 = SURFACE_CURVE('',#4245,(#4249,#4256),.PCURVE_S1.);
#4245 = LINE('',#4246,#4247);
#4246 = CARTESIAN_POINT('',(-3.81,6.5913,-2.45753943662));
#4247 = VECTOR('',#4248,1.);
#4248 = DIRECTION('',(1.,0.E+000,0.E+000));
#4249 = PCURVE('',#3003,#4250);
#4250 = DEFINITIONAL_REPRESENTATION('',(#4251),#4255);
#4251 = LINE('',#4252,#4253);
#4252 = CARTESIAN_POINT('',(0.E+000,-0.71746056338));
#4253 = VECTOR('',#4254,1.);
#4254 = DIRECTION('',(1.,0.E+000));
#4255 = ( GEOMETRIC_REPRESENTATION_CONTEXT(2) 
PARAMETRIC_REPRESENTATION_CONTEXT() REPRESENTATION_CONTEXT('2D SPACE',''
  ) );
#4256 = PCURVE('',#4203,#4257);
#4257 = DEFINITIONAL_REPRESENTATION('',(#4258),#4262);
#4258 = LINE('',#4259,#4260);
#4259 = CARTESIAN_POINT('',(0.E+000,0.E+000));
#4260 = VECTOR('',#4261,1.);
#4261 = DIRECTION('',(1.,0.E+000));
#4262 = ( GEOMETRIC_REPRESENTATION_CONTEXT(2) 
PARAMETRIC_REPRESENTATION_CONTEXT() REPRESENTATION_CONTEXT('2D SPACE',''
  ) );
#4263 = ORIENTED_EDGE('',*,*,#4264,.F.);
#4264 = EDGE_CURVE('',#2988,#4242,#4265,.T.);
#4265 = SURFACE_CURVE('',#4266,(#4270,#4277),.PCURVE_S1.);
#4266 = LINE('',#4267,#4268);
#4267 = CARTESIAN_POINT('',(3.81,6.5913,-3.175));
#4268 = VECTOR('',#4269,1.);
#4269 = DIRECTION('',(0.E+000,0.E+000,1.));
#4270 = PCURVE('',#3003,#4271);
#4271 = DEFINITIONAL_REPRESENTATION('',(#4272),#4276);
#4272 = LINE('',#4273,#4274);
#4273 = CARTESIAN_POINT('',(7.62,0.E+000));
#4274 = VECTOR('',#4275,1.);
#4275 = DIRECTION('',(0.E+000,-1.));
#4276 = ( GEOMETRIC_REPRESENTATION_CONTEXT(2) 
PARAMETRIC_REPRESENTATION_CONTEXT() REPRESENTATION_CONTEXT('2D SPACE',''
  ) );
#4277 = PCURVE('',#3031,#4278);
#4278 = DEFINITIONAL_REPRESENTATION('',(#4279),#4283);
#4279 = LINE('',#4280,#4281);
#4280 = CARTESIAN_POINT('',(6.5913,-3.175));
#4281 = VECTOR('',#4282,1.);
#4282 = DIRECTION('',(0.E+000,1.));
#4283 = ( GEOMETRIC_REPRESENTATION_CONTEXT(2) 
PARAMETRIC_REPRESENTATION_CONTEXT() REPRESENTATION_CONTEXT('2D SPACE',''
  ) );
#4284 = ORIENTED_EDGE('',*,*,#2987,.F.);
#4285 = ORIENTED_EDGE('',*,*,#4215,.T.);
#4286 = ADVANCED_FACE('',(#4287),#3031,.T.);
#4287 = FACE_BOUND('',#4288,.T.);
#4288 = EDGE_LOOP('',(#4289,#4290,#4291,#4314,#4337,#4360,#4381));
#4289 = ORIENTED_EDGE('',*,*,#3015,.T.);
#4290 = ORIENTED_EDGE('',*,*,#4264,.T.);
#4291 = ORIENTED_EDGE('',*,*,#4292,.T.);
#4292 = EDGE_CURVE('',#4242,#4293,#4295,.T.);
#4293 = VERTEX_POINT('',#4294);
#4294 = CARTESIAN_POINT('',(3.81,5.3213,-1.3843));
#4295 = SURFACE_CURVE('',#4296,(#4300,#4307),.PCURVE_S1.);
#4296 = LINE('',#4297,#4298);
#4297 = CARTESIAN_POINT('',(3.81,6.5913,-2.45753943662));
#4298 = VECTOR('',#4299,1.);
#4299 = DIRECTION('',(0.E+000,-0.763794182395,0.645459872447));
#4300 = PCURVE('',#3031,#4301);
#4301 = DEFINITIONAL_REPRESENTATION('',(#4302),#4306);
#4302 = LINE('',#4303,#4304);
#4303 = CARTESIAN_POINT('',(6.5913,-2.45753943662));
#4304 = VECTOR('',#4305,1.);
#4305 = DIRECTION('',(-0.763794182395,0.645459872447));
#4306 = ( GEOMETRIC_REPRESENTATION_CONTEXT(2) 
PARAMETRIC_REPRESENTATION_CONTEXT() REPRESENTATION_CONTEXT('2D SPACE',''
  ) );
#4307 = PCURVE('',#4203,#4308);
#4308 = DEFINITIONAL_REPRESENTATION('',(#4309),#4313);
#4309 = LINE('',#4310,#4311);
#4310 = CARTESIAN_POINT('',(7.62,0.E+000));
#4311 = VECTOR('',#4312,1.);
#4312 = DIRECTION('',(0.E+000,-1.));
#4313 = ( GEOMETRIC_REPRESENTATION_CONTEXT(2) 
PARAMETRIC_REPRESENTATION_CONTEXT() REPRESENTATION_CONTEXT('2D SPACE',''
  ) );
#4314 = ORIENTED_EDGE('',*,*,#4315,.T.);
#4315 = EDGE_CURVE('',#4293,#4316,#4318,.T.);
#4316 = VERTEX_POINT('',#4317);
#4317 = CARTESIAN_POINT('',(3.81,3.3655,-1.3843));
#4318 = SURFACE_CURVE('',#4319,(#4323,#4330),.PCURVE_S1.);
#4319 = LINE('',#4320,#4321);
#4320 = CARTESIAN_POINT('',(3.81,5.3213,-1.3843));
#4321 = VECTOR('',#4322,1.);
#4322 = DIRECTION('',(0.E+000,-1.,0.E+000));
#4323 = PCURVE('',#3031,#4324);
#4324 = DEFINITIONAL_REPRESENTATION('',(#4325),#4329);
#4325 = LINE('',#4326,#4327);
#4326 = CARTESIAN_POINT('',(5.3213,-1.3843));
#4327 = VECTOR('',#4328,1.);
#4328 = DIRECTION('',(-1.,0.E+000));
#4329 = ( GEOMETRIC_REPRESENTATION_CONTEXT(2) 
PARAMETRIC_REPRESENTATION_CONTEXT() REPRESENTATION_CONTEXT('2D SPACE',''
  ) );
#4330 = PCURVE('',#4175,#4331);
#4331 = DEFINITIONAL_REPRESENTATION('',(#4332),#4336);
#4332 = LINE('',#4333,#4334);
#4333 = CARTESIAN_POINT('',(7.62,0.E+000));
#4334 = VECTOR('',#4335,1.);
#4335 = DIRECTION('',(0.E+000,-1.));
#4336 = ( GEOMETRIC_REPRESENTATION_CONTEXT(2) 
PARAMETRIC_REPRESENTATION_CONTEXT() REPRESENTATION_CONTEXT('2D SPACE',''
  ) );
#4337 = ORIENTED_EDGE('',*,*,#4338,.T.);
#4338 = EDGE_CURVE('',#4316,#4339,#4341,.T.);
#4339 = VERTEX_POINT('',#4340);
#4340 = CARTESIAN_POINT('',(3.81,2.6035,-2.286));
#4341 = SURFACE_CURVE('',#4342,(#4346,#4353),.PCURVE_S1.);
#4342 = LINE('',#4343,#4344);
#4343 = CARTESIAN_POINT('',(3.81,3.3655,-1.3843));
#4344 = VECTOR('',#4345,1.);
#4345 = DIRECTION('',(0.E+000,-0.645459872447,-0.763794182395));
#4346 = PCURVE('',#3031,#4347);
#4347 = DEFINITIONAL_REPRESENTATION('',(#4348),#4352);
#4348 = LINE('',#4349,#4350);
#4349 = CARTESIAN_POINT('',(3.3655,-1.3843));
#4350 = VECTOR('',#4351,1.);
#4351 = DIRECTION('',(-0.645459872447,-0.763794182395));
#4352 = ( GEOMETRIC_REPRESENTATION_CONTEXT(2) 
PARAMETRIC_REPRESENTATION_CONTEXT() REPRESENTATION_CONTEXT('2D SPACE',''
  ) );
#4353 = PCURVE('',#4147,#4354);
#4354 = DEFINITIONAL_REPRESENTATION('',(#4355),#4359);
#4355 = LINE('',#4356,#4357);
#4356 = CARTESIAN_POINT('',(-7.62,0.E+000));
#4357 = VECTOR('',#4358,1.);
#4358 = DIRECTION('',(0.E+000,1.));
#4359 = ( GEOMETRIC_REPRESENTATION_CONTEXT(2) 
PARAMETRIC_REPRESENTATION_CONTEXT() REPRESENTATION_CONTEXT('2D SPACE',''
  ) );
#4360 = ORIENTED_EDGE('',*,*,#4361,.T.);
#4361 = EDGE_CURVE('',#4339,#3617,#4362,.T.);
#4362 = SURFACE_CURVE('',#4363,(#4367,#4374),.PCURVE_S1.);
#4363 = LINE('',#4364,#4365);
#4364 = CARTESIAN_POINT('',(3.81,2.6035,-2.286));
#4365 = VECTOR('',#4366,1.);
#4366 = DIRECTION('',(0.E+000,-1.,0.E+000));
#4367 = PCURVE('',#3031,#4368);
#4368 = DEFINITIONAL_REPRESENTATION('',(#4369),#4373);
#4369 = LINE('',#4370,#4371);
#4370 = CARTESIAN_POINT('',(2.6035,-2.286));
#4371 = VECTOR('',#4372,1.);
#4372 = DIRECTION('',(-1.,0.E+000));
#4373 = ( GEOMETRIC_REPRESENTATION_CONTEXT(2) 
PARAMETRIC_REPRESENTATION_CONTEXT() REPRESENTATION_CONTEXT('2D SPACE',''
  ) );
#4374 = PCURVE('',#3655,#4375);
#4375 = DEFINITIONAL_REPRESENTATION('',(#4376),#4380);
#4376 = LINE('',#4377,#4378);
#4377 = CARTESIAN_POINT('',(7.62,0.E+000));
#4378 = VECTOR('',#4379,1.);
#4379 = DIRECTION('',(0.E+000,-1.));
#4380 = ( GEOMETRIC_REPRESENTATION_CONTEXT(2) 
PARAMETRIC_REPRESENTATION_CONTEXT() REPRESENTATION_CONTEXT('2D SPACE',''
  ) );
#4381 = ORIENTED_EDGE('',*,*,#3616,.F.);
#4382 = ADVANCED_FACE('',(#4383),#3655,.T.);
#4383 = FACE_BOUND('',#4384,.T.);
#4384 = EDGE_LOOP('',(#4385,#4386,#4407,#4408));
#4385 = ORIENTED_EDGE('',*,*,#4361,.F.);
#4386 = ORIENTED_EDGE('',*,*,#4387,.F.);
#4387 = EDGE_CURVE('',#4109,#4339,#4388,.T.);
#4388 = SURFACE_CURVE('',#4389,(#4393,#4400),.PCURVE_S1.);
#4389 = LINE('',#4390,#4391);
#4390 = CARTESIAN_POINT('',(-3.81,2.6035,-2.286));
#4391 = VECTOR('',#4392,1.);
#4392 = DIRECTION('',(1.,0.E+000,0.E+000));
#4393 = PCURVE('',#3655,#4394);
#4394 = DEFINITIONAL_REPRESENTATION('',(#4395),#4399);
#4395 = LINE('',#4396,#4397);
#4396 = CARTESIAN_POINT('',(0.E+000,0.E+000));
#4397 = VECTOR('',#4398,1.);
#4398 = DIRECTION('',(1.,0.E+000));
#4399 = ( GEOMETRIC_REPRESENTATION_CONTEXT(2) 
PARAMETRIC_REPRESENTATION_CONTEXT() REPRESENTATION_CONTEXT('2D SPACE',''
  ) );
#4400 = PCURVE('',#4147,#4401);
#4401 = DEFINITIONAL_REPRESENTATION('',(#4402),#4406);
#4402 = LINE('',#4403,#4404);
#4403 = CARTESIAN_POINT('',(0.E+000,1.18055363707));
#4404 = VECTOR('',#4405,1.);
#4405 = DIRECTION('',(-1.,0.E+000));
#4406 = ( GEOMETRIC_REPRESENTATION_CONTEXT(2) 
PARAMETRIC_REPRESENTATION_CONTEXT() REPRESENTATION_CONTEXT('2D SPACE',''
  ) );
#4407 = ORIENTED_EDGE('',*,*,#4108,.T.);
#4408 = ORIENTED_EDGE('',*,*,#3639,.T.);
#4409 = ADVANCED_FACE('',(#4410),#4147,.T.);
#4410 = FACE_BOUND('',#4411,.T.);
#4411 = EDGE_LOOP('',(#4412,#4413,#4414,#4435));
#4412 = ORIENTED_EDGE('',*,*,#4387,.T.);
#4413 = ORIENTED_EDGE('',*,*,#4338,.F.);
#4414 = ORIENTED_EDGE('',*,*,#4415,.F.);
#4415 = EDGE_CURVE('',#4132,#4316,#4416,.T.);
#4416 = SURFACE_CURVE('',#4417,(#4421,#4428),.PCURVE_S1.);
#4417 = LINE('',#4418,#4419);
#4418 = CARTESIAN_POINT('',(-3.81,3.3655,-1.3843));
#4419 = VECTOR('',#4420,1.);
#4420 = DIRECTION('',(1.,0.E+000,0.E+000));
#4421 = PCURVE('',#4147,#4422);
#4422 = DEFINITIONAL_REPRESENTATION('',(#4423),#4427);
#4423 = LINE('',#4424,#4425);
#4424 = CARTESIAN_POINT('',(0.E+000,0.E+000));
#4425 = VECTOR('',#4426,1.);
#4426 = DIRECTION('',(-1.,0.E+000));
#4427 = ( GEOMETRIC_REPRESENTATION_CONTEXT(2) 
PARAMETRIC_REPRESENTATION_CONTEXT() REPRESENTATION_CONTEXT('2D SPACE',''
  ) );
#4428 = PCURVE('',#4175,#4429);
#4429 = DEFINITIONAL_REPRESENTATION('',(#4430),#4434);
#4430 = LINE('',#4431,#4432);
#4431 = CARTESIAN_POINT('',(0.E+000,-1.9558));
#4432 = VECTOR('',#4433,1.);
#4433 = DIRECTION('',(1.,0.E+000));
#4434 = ( GEOMETRIC_REPRESENTATION_CONTEXT(2) 
PARAMETRIC_REPRESENTATION_CONTEXT() REPRESENTATION_CONTEXT('2D SPACE',''
  ) );
#4435 = ORIENTED_EDGE('',*,*,#4131,.T.);
#4436 = ADVANCED_FACE('',(#4437),#4175,.T.);
#4437 = FACE_BOUND('',#4438,.T.);
#4438 = EDGE_LOOP('',(#4439,#4440,#4441,#4462));
#4439 = ORIENTED_EDGE('',*,*,#4415,.T.);
#4440 = ORIENTED_EDGE('',*,*,#4315,.F.);
#4441 = ORIENTED_EDGE('',*,*,#4442,.F.);
#4442 = EDGE_CURVE('',#4160,#4293,#4443,.T.);
#4443 = SURFACE_CURVE('',#4444,(#4448,#4455),.PCURVE_S1.);
#4444 = LINE('',#4445,#4446);
#4445 = CARTESIAN_POINT('',(-3.81,5.3213,-1.3843));
#4446 = VECTOR('',#4447,1.);
#4447 = DIRECTION('',(1.,0.E+000,0.E+000));
#4448 = PCURVE('',#4175,#4449);
#4449 = DEFINITIONAL_REPRESENTATION('',(#4450),#4454);
#4450 = LINE('',#4451,#4452);
#4451 = CARTESIAN_POINT('',(0.E+000,0.E+000));
#4452 = VECTOR('',#4453,1.);
#4453 = DIRECTION('',(1.,0.E+000));
#4454 = ( GEOMETRIC_REPRESENTATION_CONTEXT(2) 
PARAMETRIC_REPRESENTATION_CONTEXT() REPRESENTATION_CONTEXT('2D SPACE',''
  ) );
#4455 = PCURVE('',#4203,#4456);
#4456 = DEFINITIONAL_REPRESENTATION('',(#4457),#4461);
#4457 = LINE('',#4458,#4459);
#4458 = CARTESIAN_POINT('',(0.E+000,-1.662751601508));
#4459 = VECTOR('',#4460,1.);
#4460 = DIRECTION('',(1.,0.E+000));
#4461 = ( GEOMETRIC_REPRESENTATION_CONTEXT(2) 
PARAMETRIC_REPRESENTATION_CONTEXT() REPRESENTATION_CONTEXT('2D SPACE',''
  ) );
#4462 = ORIENTED_EDGE('',*,*,#4159,.T.);
#4463 = ADVANCED_FACE('',(#4464),#4203,.T.);
#4464 = FACE_BOUND('',#4465,.T.);
#4465 = EDGE_LOOP('',(#4466,#4467,#4468,#4469));
#4466 = ORIENTED_EDGE('',*,*,#4442,.T.);
#4467 = ORIENTED_EDGE('',*,*,#4292,.F.);
#4468 = ORIENTED_EDGE('',*,*,#4241,.F.);
#4469 = ORIENTED_EDGE('',*,*,#4187,.T.);
#4470 = ADVANCED_FACE('',(#4471,#4477),#1758,.T.);
#4471 = FACE_BOUND('',#4472,.T.);
#4472 = EDGE_LOOP('',(#4473,#4474,#4475,#4476));
#4473 = ORIENTED_EDGE('',*,*,#2516,.T.);
#4474 = ORIENTED_EDGE('',*,*,#3066,.T.);
#4475 = ORIENTED_EDGE('',*,*,#3594,.T.);
#4476 = ORIENTED_EDGE('',*,*,#1742,.T.);
#4477 = FACE_BOUND('',#4478,.T.);
#4478 = EDGE_LOOP('',(#4479,#4509,#4537,#4565));
#4479 = ORIENTED_EDGE('',*,*,#4480,.T.);
#4480 = EDGE_CURVE('',#4481,#4483,#4485,.T.);
#4481 = VERTEX_POINT('',#4482);
#4482 = CARTESIAN_POINT('',(5.08,-0.254,-2.286));
#4483 = VERTEX_POINT('',#4484);
#4484 = CARTESIAN_POINT('',(5.08,-0.254,2.286));
#4485 = SURFACE_CURVE('',#4486,(#4490,#4497),.PCURVE_S1.);
#4486 = LINE('',#4487,#4488);
#4487 = CARTESIAN_POINT('',(5.08,-0.254,-2.286));
#4488 = VECTOR('',#4489,1.);
#4489 = DIRECTION('',(0.E+000,0.E+000,1.));
#4490 = PCURVE('',#1758,#4491);
#4491 = DEFINITIONAL_REPRESENTATION('',(#4492),#4496);
#4492 = LINE('',#4493,#4494);
#4493 = CARTESIAN_POINT('',(-0.254,-2.286));
#4494 = VECTOR('',#4495,1.);
#4495 = DIRECTION('',(0.E+000,1.));
#4496 = ( GEOMETRIC_REPRESENTATION_CONTEXT(2) 
PARAMETRIC_REPRESENTATION_CONTEXT() REPRESENTATION_CONTEXT('2D SPACE',''
  ) );
#4497 = PCURVE('',#4498,#4503);
#4498 = PLANE('',#4499);
#4499 = AXIS2_PLACEMENT_3D('',#4500,#4501,#4502);
#4500 = CARTESIAN_POINT('',(4.826,-0.127,-2.286));
#4501 = DIRECTION('',(-0.4472135955,-0.894427191,0.E+000));
#4502 = DIRECTION('',(-0.894427191,0.4472135955,0.E+000));
#4503 = DEFINITIONAL_REPRESENTATION('',(#4504),#4508);
#4504 = LINE('',#4505,#4506);
#4505 = CARTESIAN_POINT('',(-0.283980633142,0.E+000));
#4506 = VECTOR('',#4507,1.);
#4507 = DIRECTION('',(0.E+000,-1.));
#4508 = ( GEOMETRIC_REPRESENTATION_CONTEXT(2) 
PARAMETRIC_REPRESENTATION_CONTEXT() REPRESENTATION_CONTEXT('2D SPACE',''
  ) );
#4509 = ORIENTED_EDGE('',*,*,#4510,.T.);
#4510 = EDGE_CURVE('',#4483,#4511,#4513,.T.);
#4511 = VERTEX_POINT('',#4512);
#4512 = CARTESIAN_POINT('',(5.08,0.762,2.286));
#4513 = SURFACE_CURVE('',#4514,(#4518,#4525),.PCURVE_S1.);
#4514 = LINE('',#4515,#4516);
#4515 = CARTESIAN_POINT('',(5.08,-0.254,2.286));
#4516 = VECTOR('',#4517,1.);
#4517 = DIRECTION('',(0.E+000,1.,0.E+000));
#4518 = PCURVE('',#1758,#4519);
#4519 = DEFINITIONAL_REPRESENTATION('',(#4520),#4524);
#4520 = LINE('',#4521,#4522);
#4521 = CARTESIAN_POINT('',(-0.254,2.286));
#4522 = VECTOR('',#4523,1.);
#4523 = DIRECTION('',(1.,0.E+000));
#4524 = ( GEOMETRIC_REPRESENTATION_CONTEXT(2) 
PARAMETRIC_REPRESENTATION_CONTEXT() REPRESENTATION_CONTEXT('2D SPACE',''
  ) );
#4525 = PCURVE('',#4526,#4531);
#4526 = PLANE('',#4527);
#4527 = AXIS2_PLACEMENT_3D('',#4528,#4529,#4530);
#4528 = CARTESIAN_POINT('',(0.E+000,0.E+000,2.286));
#4529 = DIRECTION('',(0.E+000,0.E+000,1.));
#4530 = DIRECTION('',(1.,0.E+000,0.E+000));
#4531 = DEFINITIONAL_REPRESENTATION('',(#4532),#4536);
#4532 = LINE('',#4533,#4534);
#4533 = CARTESIAN_POINT('',(5.08,-0.254));
#4534 = VECTOR('',#4535,1.);
#4535 = DIRECTION('',(0.E+000,1.));
#4536 = ( GEOMETRIC_REPRESENTATION_CONTEXT(2) 
PARAMETRIC_REPRESENTATION_CONTEXT() REPRESENTATION_CONTEXT('2D SPACE',''
  ) );
#4537 = ORIENTED_EDGE('',*,*,#4538,.F.);
#4538 = EDGE_CURVE('',#4539,#4511,#4541,.T.);
#4539 = VERTEX_POINT('',#4540);
#4540 = CARTESIAN_POINT('',(5.08,0.762,-2.286));
#4541 = SURFACE_CURVE('',#4542,(#4546,#4553),.PCURVE_S1.);
#4542 = LINE('',#4543,#4544);
#4543 = CARTESIAN_POINT('',(5.08,0.762,-2.286));
#4544 = VECTOR('',#4545,1.);
#4545 = DIRECTION('',(0.E+000,0.E+000,1.));
#4546 = PCURVE('',#1758,#4547);
#4547 = DEFINITIONAL_REPRESENTATION('',(#4548),#4552);
#4548 = LINE('',#4549,#4550);
#4549 = CARTESIAN_POINT('',(0.762,-2.286));
#4550 = VECTOR('',#4551,1.);
#4551 = DIRECTION('',(0.E+000,1.));
#4552 = ( GEOMETRIC_REPRESENTATION_CONTEXT(2) 
PARAMETRIC_REPRESENTATION_CONTEXT() REPRESENTATION_CONTEXT('2D SPACE',''
  ) );
#4553 = PCURVE('',#4554,#4559);
#4554 = PLANE('',#4555);
#4555 = AXIS2_PLACEMENT_3D('',#4556,#4557,#4558);
#4556 = CARTESIAN_POINT('',(5.08,0.762,-2.286));
#4557 = DIRECTION('',(-0.4472135955,0.894427191,0.E+000));
#4558 = DIRECTION('',(0.E+000,0.E+000,1.));
#4559 = DEFINITIONAL_REPRESENTATION('',(#4560),#4564);
#4560 = LINE('',#4561,#4562);
#4561 = CARTESIAN_POINT('',(0.E+000,0.E+000));
#4562 = VECTOR('',#4563,1.);
#4563 = DIRECTION('',(1.,0.E+000));
#4564 = ( GEOMETRIC_REPRESENTATION_CONTEXT(2) 
PARAMETRIC_REPRESENTATION_CONTEXT() REPRESENTATION_CONTEXT('2D SPACE',''
  ) );
#4565 = ORIENTED_EDGE('',*,*,#4566,.F.);
#4566 = EDGE_CURVE('',#4481,#4539,#4567,.T.);
#4567 = SURFACE_CURVE('',#4568,(#4572,#4579),.PCURVE_S1.);
#4568 = LINE('',#4569,#4570);
#4569 = CARTESIAN_POINT('',(5.08,-0.254,-2.286));
#4570 = VECTOR('',#4571,1.);
#4571 = DIRECTION('',(0.E+000,1.,0.E+000));
#4572 = PCURVE('',#1758,#4573);
#4573 = DEFINITIONAL_REPRESENTATION('',(#4574),#4578);
#4574 = LINE('',#4575,#4576);
#4575 = CARTESIAN_POINT('',(-0.254,-2.286));
#4576 = VECTOR('',#4577,1.);
#4577 = DIRECTION('',(1.,0.E+000));
#4578 = ( GEOMETRIC_REPRESENTATION_CONTEXT(2) 
PARAMETRIC_REPRESENTATION_CONTEXT() REPRESENTATION_CONTEXT('2D SPACE',''
  ) );
#4579 = PCURVE('',#4580,#4585);
#4580 = PLANE('',#4581);
#4581 = AXIS2_PLACEMENT_3D('',#4582,#4583,#4584);
#4582 = CARTESIAN_POINT('',(0.E+000,0.E+000,-2.286));
#4583 = DIRECTION('',(0.E+000,0.E+000,1.));
#4584 = DIRECTION('',(1.,0.E+000,0.E+000));
#4585 = DEFINITIONAL_REPRESENTATION('',(#4586),#4590);
#4586 = LINE('',#4587,#4588);
#4587 = CARTESIAN_POINT('',(5.08,-0.254));
#4588 = VECTOR('',#4589,1.);
#4589 = DIRECTION('',(0.E+000,1.));
#4590 = ( GEOMETRIC_REPRESENTATION_CONTEXT(2) 
PARAMETRIC_REPRESENTATION_CONTEXT() REPRESENTATION_CONTEXT('2D SPACE',''
  ) );
#4591 = ADVANCED_FACE('',(#4592),#1641,.T.);
#4592 = FACE_BOUND('',#4593,.T.);
#4593 = EDGE_LOOP('',(#4594,#4617,#4645,#4666));
#4594 = ORIENTED_EDGE('',*,*,#4595,.T.);
#4595 = EDGE_CURVE('',#1600,#4596,#4598,.T.);
#4596 = VERTEX_POINT('',#4597);
#4597 = CARTESIAN_POINT('',(-4.826,-0.127,-2.286));
#4598 = SURFACE_CURVE('',#4599,(#4603,#4610),.PCURVE_S1.);
#4599 = LINE('',#4600,#4601);
#4600 = CARTESIAN_POINT('',(-5.08,-0.254,-2.286));
#4601 = VECTOR('',#4602,1.);
#4602 = DIRECTION('',(0.894427191,0.4472135955,0.E+000));
#4603 = PCURVE('',#1641,#4604);
#4604 = DEFINITIONAL_REPRESENTATION('',(#4605),#4609);
#4605 = LINE('',#4606,#4607);
#4606 = CARTESIAN_POINT('',(-5.08,-0.254));
#4607 = VECTOR('',#4608,1.);
#4608 = DIRECTION('',(0.894427191,0.4472135955));
#4609 = ( GEOMETRIC_REPRESENTATION_CONTEXT(2) 
PARAMETRIC_REPRESENTATION_CONTEXT() REPRESENTATION_CONTEXT('2D SPACE',''
  ) );
#4610 = PCURVE('',#1615,#4611);
#4611 = DEFINITIONAL_REPRESENTATION('',(#4612),#4616);
#4612 = LINE('',#4613,#4614);
#4613 = CARTESIAN_POINT('',(0.E+000,0.E+000));
#4614 = VECTOR('',#4615,1.);
#4615 = DIRECTION('',(0.E+000,1.));
#4616 = ( GEOMETRIC_REPRESENTATION_CONTEXT(2) 
PARAMETRIC_REPRESENTATION_CONTEXT() REPRESENTATION_CONTEXT('2D SPACE',''
  ) );
#4617 = ORIENTED_EDGE('',*,*,#4618,.F.);
#4618 = EDGE_CURVE('',#4619,#4596,#4621,.T.);
#4619 = VERTEX_POINT('',#4620);
#4620 = CARTESIAN_POINT('',(-4.826,0.635,-2.286));
#4621 = SURFACE_CURVE('',#4622,(#4626,#4633),.PCURVE_S1.);
#4622 = LINE('',#4623,#4624);
#4623 = CARTESIAN_POINT('',(-4.826,0.635,-2.286));
#4624 = VECTOR('',#4625,1.);
#4625 = DIRECTION('',(0.E+000,-1.,0.E+000));
#4626 = PCURVE('',#1641,#4627);
#4627 = DEFINITIONAL_REPRESENTATION('',(#4628),#4632);
#4628 = LINE('',#4629,#4630);
#4629 = CARTESIAN_POINT('',(-4.826,0.635));
#4630 = VECTOR('',#4631,1.);
#4631 = DIRECTION('',(0.E+000,-1.));
#4632 = ( GEOMETRIC_REPRESENTATION_CONTEXT(2) 
PARAMETRIC_REPRESENTATION_CONTEXT() REPRESENTATION_CONTEXT('2D SPACE',''
  ) );
#4633 = PCURVE('',#4634,#4639);
#4634 = PLANE('',#4635);
#4635 = AXIS2_PLACEMENT_3D('',#4636,#4637,#4638);
#4636 = CARTESIAN_POINT('',(-4.826,-0.127,-2.286));
#4637 = DIRECTION('',(1.,0.E+000,0.E+000));
#4638 = DIRECTION('',(0.E+000,1.,0.E+000));
#4639 = DEFINITIONAL_REPRESENTATION('',(#4640),#4644);
#4640 = LINE('',#4641,#4642);
#4641 = CARTESIAN_POINT('',(0.762,0.E+000));
#4642 = VECTOR('',#4643,1.);
#4643 = DIRECTION('',(-1.,0.E+000));
#4644 = ( GEOMETRIC_REPRESENTATION_CONTEXT(2) 
PARAMETRIC_REPRESENTATION_CONTEXT() REPRESENTATION_CONTEXT('2D SPACE',''
  ) );
#4645 = ORIENTED_EDGE('',*,*,#4646,.T.);
#4646 = EDGE_CURVE('',#4619,#1542,#4647,.T.);
#4647 = SURFACE_CURVE('',#4648,(#4652,#4659),.PCURVE_S1.);
#4648 = LINE('',#4649,#4650);
#4649 = CARTESIAN_POINT('',(-4.826,0.635,-2.286));
#4650 = VECTOR('',#4651,1.);
#4651 = DIRECTION('',(-0.894427191,0.4472135955,0.E+000));
#4652 = PCURVE('',#1641,#4653);
#4653 = DEFINITIONAL_REPRESENTATION('',(#4654),#4658);
#4654 = LINE('',#4655,#4656);
#4655 = CARTESIAN_POINT('',(-4.826,0.635));
#4656 = VECTOR('',#4657,1.);
#4657 = DIRECTION('',(-0.894427191,0.4472135955));
#4658 = ( GEOMETRIC_REPRESENTATION_CONTEXT(2) 
PARAMETRIC_REPRESENTATION_CONTEXT() REPRESENTATION_CONTEXT('2D SPACE',''
  ) );
#4659 = PCURVE('',#1559,#4660);
#4660 = DEFINITIONAL_REPRESENTATION('',(#4661),#4665);
#4661 = LINE('',#4662,#4663);
#4662 = CARTESIAN_POINT('',(0.E+000,0.E+000));
#4663 = VECTOR('',#4664,1.);
#4664 = DIRECTION('',(0.E+000,1.));
#4665 = ( GEOMETRIC_REPRESENTATION_CONTEXT(2) 
PARAMETRIC_REPRESENTATION_CONTEXT() REPRESENTATION_CONTEXT('2D SPACE',''
  ) );
#4666 = ORIENTED_EDGE('',*,*,#1627,.F.);
#4667 = ADVANCED_FACE('',(#4668),#4580,.T.);
#4668 = FACE_BOUND('',#4669,.T.);
#4669 = EDGE_LOOP('',(#4670,#4693,#4721,#4742));
#4670 = ORIENTED_EDGE('',*,*,#4671,.T.);
#4671 = EDGE_CURVE('',#4539,#4672,#4674,.T.);
#4672 = VERTEX_POINT('',#4673);
#4673 = CARTESIAN_POINT('',(4.826,0.635,-2.286));
#4674 = SURFACE_CURVE('',#4675,(#4679,#4686),.PCURVE_S1.);
#4675 = LINE('',#4676,#4677);
#4676 = CARTESIAN_POINT('',(5.08,0.762,-2.286));
#4677 = VECTOR('',#4678,1.);
#4678 = DIRECTION('',(-0.894427191,-0.4472135955,0.E+000));
#4679 = PCURVE('',#4580,#4680);
#4680 = DEFINITIONAL_REPRESENTATION('',(#4681),#4685);
#4681 = LINE('',#4682,#4683);
#4682 = CARTESIAN_POINT('',(5.08,0.762));
#4683 = VECTOR('',#4684,1.);
#4684 = DIRECTION('',(-0.894427191,-0.4472135955));
#4685 = ( GEOMETRIC_REPRESENTATION_CONTEXT(2) 
PARAMETRIC_REPRESENTATION_CONTEXT() REPRESENTATION_CONTEXT('2D SPACE',''
  ) );
#4686 = PCURVE('',#4554,#4687);
#4687 = DEFINITIONAL_REPRESENTATION('',(#4688),#4692);
#4688 = LINE('',#4689,#4690);
#4689 = CARTESIAN_POINT('',(0.E+000,0.E+000));
#4690 = VECTOR('',#4691,1.);
#4691 = DIRECTION('',(0.E+000,-1.));
#4692 = ( GEOMETRIC_REPRESENTATION_CONTEXT(2) 
PARAMETRIC_REPRESENTATION_CONTEXT() REPRESENTATION_CONTEXT('2D SPACE',''
  ) );
#4693 = ORIENTED_EDGE('',*,*,#4694,.F.);
#4694 = EDGE_CURVE('',#4695,#4672,#4697,.T.);
#4695 = VERTEX_POINT('',#4696);
#4696 = CARTESIAN_POINT('',(4.826,-0.127,-2.286));
#4697 = SURFACE_CURVE('',#4698,(#4702,#4709),.PCURVE_S1.);
#4698 = LINE('',#4699,#4700);
#4699 = CARTESIAN_POINT('',(4.826,-0.127,-2.286));
#4700 = VECTOR('',#4701,1.);
#4701 = DIRECTION('',(0.E+000,1.,0.E+000));
#4702 = PCURVE('',#4580,#4703);
#4703 = DEFINITIONAL_REPRESENTATION('',(#4704),#4708);
#4704 = LINE('',#4705,#4706);
#4705 = CARTESIAN_POINT('',(4.826,-0.127));
#4706 = VECTOR('',#4707,1.);
#4707 = DIRECTION('',(0.E+000,1.));
#4708 = ( GEOMETRIC_REPRESENTATION_CONTEXT(2) 
PARAMETRIC_REPRESENTATION_CONTEXT() REPRESENTATION_CONTEXT('2D SPACE',''
  ) );
#4709 = PCURVE('',#4710,#4715);
#4710 = PLANE('',#4711);
#4711 = AXIS2_PLACEMENT_3D('',#4712,#4713,#4714);
#4712 = CARTESIAN_POINT('',(4.826,0.635,-2.286));
#4713 = DIRECTION('',(-1.,0.E+000,0.E+000));
#4714 = DIRECTION('',(0.E+000,0.E+000,1.));
#4715 = DEFINITIONAL_REPRESENTATION('',(#4716),#4720);
#4716 = LINE('',#4717,#4718);
#4717 = CARTESIAN_POINT('',(0.E+000,-0.762));
#4718 = VECTOR('',#4719,1.);
#4719 = DIRECTION('',(0.E+000,1.));
#4720 = ( GEOMETRIC_REPRESENTATION_CONTEXT(2) 
PARAMETRIC_REPRESENTATION_CONTEXT() REPRESENTATION_CONTEXT('2D SPACE',''
  ) );
#4721 = ORIENTED_EDGE('',*,*,#4722,.T.);
#4722 = EDGE_CURVE('',#4695,#4481,#4723,.T.);
#4723 = SURFACE_CURVE('',#4724,(#4728,#4735),.PCURVE_S1.);
#4724 = LINE('',#4725,#4726);
#4725 = CARTESIAN_POINT('',(4.826,-0.127,-2.286));
#4726 = VECTOR('',#4727,1.);
#4727 = DIRECTION('',(0.894427191,-0.4472135955,0.E+000));
#4728 = PCURVE('',#4580,#4729);
#4729 = DEFINITIONAL_REPRESENTATION('',(#4730),#4734);
#4730 = LINE('',#4731,#4732);
#4731 = CARTESIAN_POINT('',(4.826,-0.127));
#4732 = VECTOR('',#4733,1.);
#4733 = DIRECTION('',(0.894427191,-0.4472135955));
#4734 = ( GEOMETRIC_REPRESENTATION_CONTEXT(2) 
PARAMETRIC_REPRESENTATION_CONTEXT() REPRESENTATION_CONTEXT('2D SPACE',''
  ) );
#4735 = PCURVE('',#4498,#4736);
#4736 = DEFINITIONAL_REPRESENTATION('',(#4737),#4741);
#4737 = LINE('',#4738,#4739);
#4738 = CARTESIAN_POINT('',(0.E+000,0.E+000));
#4739 = VECTOR('',#4740,1.);
#4740 = DIRECTION('',(-1.,0.E+000));
#4741 = ( GEOMETRIC_REPRESENTATION_CONTEXT(2) 
PARAMETRIC_REPRESENTATION_CONTEXT() REPRESENTATION_CONTEXT('2D SPACE',''
  ) );
#4742 = ORIENTED_EDGE('',*,*,#4566,.T.);
#4743 = ADVANCED_FACE('',(#4744),#1559,.F.);
#4744 = FACE_BOUND('',#4745,.T.);
#4745 = EDGE_LOOP('',(#4746,#4747,#4770,#4791));
#4746 = ORIENTED_EDGE('',*,*,#4646,.F.);
#4747 = ORIENTED_EDGE('',*,*,#4748,.F.);
#4748 = EDGE_CURVE('',#4749,#4619,#4751,.T.);
#4749 = VERTEX_POINT('',#4750);
#4750 = CARTESIAN_POINT('',(-4.826,0.635,2.286));
#4751 = SURFACE_CURVE('',#4752,(#4756,#4763),.PCURVE_S1.);
#4752 = LINE('',#4753,#4754);
#4753 = CARTESIAN_POINT('',(-4.826,0.635,2.286));
#4754 = VECTOR('',#4755,1.);
#4755 = DIRECTION('',(0.E+000,0.E+000,-1.));
#4756 = PCURVE('',#1559,#4757);
#4757 = DEFINITIONAL_REPRESENTATION('',(#4758),#4762);
#4758 = LINE('',#4759,#4760);
#4759 = CARTESIAN_POINT('',(-4.572,0.E+000));
#4760 = VECTOR('',#4761,1.);
#4761 = DIRECTION('',(1.,0.E+000));
#4762 = ( GEOMETRIC_REPRESENTATION_CONTEXT(2) 
PARAMETRIC_REPRESENTATION_CONTEXT() REPRESENTATION_CONTEXT('2D SPACE',''
  ) );
#4763 = PCURVE('',#4634,#4764);
#4764 = DEFINITIONAL_REPRESENTATION('',(#4765),#4769);
#4765 = LINE('',#4766,#4767);
#4766 = CARTESIAN_POINT('',(0.762,4.572));
#4767 = VECTOR('',#4768,1.);
#4768 = DIRECTION('',(0.E+000,-1.));
#4769 = ( GEOMETRIC_REPRESENTATION_CONTEXT(2) 
PARAMETRIC_REPRESENTATION_CONTEXT() REPRESENTATION_CONTEXT('2D SPACE',''
  ) );
#4770 = ORIENTED_EDGE('',*,*,#4771,.T.);
#4771 = EDGE_CURVE('',#4749,#1544,#4772,.T.);
#4772 = SURFACE_CURVE('',#4773,(#4777,#4784),.PCURVE_S1.);
#4773 = LINE('',#4774,#4775);
#4774 = CARTESIAN_POINT('',(-4.826,0.635,2.286));
#4775 = VECTOR('',#4776,1.);
#4776 = DIRECTION('',(-0.894427191,0.4472135955,0.E+000));
#4777 = PCURVE('',#1559,#4778);
#4778 = DEFINITIONAL_REPRESENTATION('',(#4779),#4783);
#4779 = LINE('',#4780,#4781);
#4780 = CARTESIAN_POINT('',(-4.572,0.E+000));
#4781 = VECTOR('',#4782,1.);
#4782 = DIRECTION('',(0.E+000,1.));
#4783 = ( GEOMETRIC_REPRESENTATION_CONTEXT(2) 
PARAMETRIC_REPRESENTATION_CONTEXT() REPRESENTATION_CONTEXT('2D SPACE',''
  ) );
#4784 = PCURVE('',#1587,#4785);
#4785 = DEFINITIONAL_REPRESENTATION('',(#4786),#4790);
#4786 = LINE('',#4787,#4788);
#4787 = CARTESIAN_POINT('',(-4.826,0.635));
#4788 = VECTOR('',#4789,1.);
#4789 = DIRECTION('',(-0.894427191,0.4472135955));
#4790 = ( GEOMETRIC_REPRESENTATION_CONTEXT(2) 
PARAMETRIC_REPRESENTATION_CONTEXT() REPRESENTATION_CONTEXT('2D SPACE',''
  ) );
#4791 = ORIENTED_EDGE('',*,*,#1541,.F.);
#4792 = ADVANCED_FACE('',(#4793),#1587,.F.);
#4793 = FACE_BOUND('',#4794,.T.);
#4794 = EDGE_LOOP('',(#4795,#4796,#4819,#4840));
#4795 = ORIENTED_EDGE('',*,*,#4771,.F.);
#4796 = ORIENTED_EDGE('',*,*,#4797,.T.);
#4797 = EDGE_CURVE('',#4749,#4798,#4800,.T.);
#4798 = VERTEX_POINT('',#4799);
#4799 = CARTESIAN_POINT('',(-4.826,-0.127,2.286));
#4800 = SURFACE_CURVE('',#4801,(#4805,#4812),.PCURVE_S1.);
#4801 = LINE('',#4802,#4803);
#4802 = CARTESIAN_POINT('',(-4.826,0.635,2.286));
#4803 = VECTOR('',#4804,1.);
#4804 = DIRECTION('',(0.E+000,-1.,0.E+000));
#4805 = PCURVE('',#1587,#4806);
#4806 = DEFINITIONAL_REPRESENTATION('',(#4807),#4811);
#4807 = LINE('',#4808,#4809);
#4808 = CARTESIAN_POINT('',(-4.826,0.635));
#4809 = VECTOR('',#4810,1.);
#4810 = DIRECTION('',(0.E+000,-1.));
#4811 = ( GEOMETRIC_REPRESENTATION_CONTEXT(2) 
PARAMETRIC_REPRESENTATION_CONTEXT() REPRESENTATION_CONTEXT('2D SPACE',''
  ) );
#4812 = PCURVE('',#4634,#4813);
#4813 = DEFINITIONAL_REPRESENTATION('',(#4814),#4818);
#4814 = LINE('',#4815,#4816);
#4815 = CARTESIAN_POINT('',(0.762,4.572));
#4816 = VECTOR('',#4817,1.);
#4817 = DIRECTION('',(-1.,0.E+000));
#4818 = ( GEOMETRIC_REPRESENTATION_CONTEXT(2) 
PARAMETRIC_REPRESENTATION_CONTEXT() REPRESENTATION_CONTEXT('2D SPACE',''
  ) );
#4819 = ORIENTED_EDGE('',*,*,#4820,.F.);
#4820 = EDGE_CURVE('',#1572,#4798,#4821,.T.);
#4821 = SURFACE_CURVE('',#4822,(#4826,#4833),.PCURVE_S1.);
#4822 = LINE('',#4823,#4824);
#4823 = CARTESIAN_POINT('',(-5.08,-0.254,2.286));
#4824 = VECTOR('',#4825,1.);
#4825 = DIRECTION('',(0.894427191,0.4472135955,0.E+000));
#4826 = PCURVE('',#1587,#4827);
#4827 = DEFINITIONAL_REPRESENTATION('',(#4828),#4832);
#4828 = LINE('',#4829,#4830);
#4829 = CARTESIAN_POINT('',(-5.08,-0.254));
#4830 = VECTOR('',#4831,1.);
#4831 = DIRECTION('',(0.894427191,0.4472135955));
#4832 = ( GEOMETRIC_REPRESENTATION_CONTEXT(2) 
PARAMETRIC_REPRESENTATION_CONTEXT() REPRESENTATION_CONTEXT('2D SPACE',''
  ) );
#4833 = PCURVE('',#1615,#4834);
#4834 = DEFINITIONAL_REPRESENTATION('',(#4835),#4839);
#4835 = LINE('',#4836,#4837);
#4836 = CARTESIAN_POINT('',(-4.572,0.E+000));
#4837 = VECTOR('',#4838,1.);
#4838 = DIRECTION('',(0.E+000,1.));
#4839 = ( GEOMETRIC_REPRESENTATION_CONTEXT(2) 
PARAMETRIC_REPRESENTATION_CONTEXT() REPRESENTATION_CONTEXT('2D SPACE',''
  ) );
#4840 = ORIENTED_EDGE('',*,*,#1571,.T.);
#4841 = ADVANCED_FACE('',(#4842),#4526,.F.);
#4842 = FACE_BOUND('',#4843,.T.);
#4843 = EDGE_LOOP('',(#4844,#4867,#4890,#4911));
#4844 = ORIENTED_EDGE('',*,*,#4845,.F.);
#4845 = EDGE_CURVE('',#4846,#4483,#4848,.T.);
#4846 = VERTEX_POINT('',#4847);
#4847 = CARTESIAN_POINT('',(4.826,-0.127,2.286));
#4848 = SURFACE_CURVE('',#4849,(#4853,#4860),.PCURVE_S1.);
#4849 = LINE('',#4850,#4851);
#4850 = CARTESIAN_POINT('',(4.826,-0.127,2.286));
#4851 = VECTOR('',#4852,1.);
#4852 = DIRECTION('',(0.894427191,-0.4472135955,0.E+000));
#4853 = PCURVE('',#4526,#4854);
#4854 = DEFINITIONAL_REPRESENTATION('',(#4855),#4859);
#4855 = LINE('',#4856,#4857);
#4856 = CARTESIAN_POINT('',(4.826,-0.127));
#4857 = VECTOR('',#4858,1.);
#4858 = DIRECTION('',(0.894427191,-0.4472135955));
#4859 = ( GEOMETRIC_REPRESENTATION_CONTEXT(2) 
PARAMETRIC_REPRESENTATION_CONTEXT() REPRESENTATION_CONTEXT('2D SPACE',''
  ) );
#4860 = PCURVE('',#4498,#4861);
#4861 = DEFINITIONAL_REPRESENTATION('',(#4862),#4866);
#4862 = LINE('',#4863,#4864);
#4863 = CARTESIAN_POINT('',(0.E+000,-4.572));
#4864 = VECTOR('',#4865,1.);
#4865 = DIRECTION('',(-1.,0.E+000));
#4866 = ( GEOMETRIC_REPRESENTATION_CONTEXT(2) 
PARAMETRIC_REPRESENTATION_CONTEXT() REPRESENTATION_CONTEXT('2D SPACE',''
  ) );
#4867 = ORIENTED_EDGE('',*,*,#4868,.T.);
#4868 = EDGE_CURVE('',#4846,#4869,#4871,.T.);
#4869 = VERTEX_POINT('',#4870);
#4870 = CARTESIAN_POINT('',(4.826,0.635,2.286));
#4871 = SURFACE_CURVE('',#4872,(#4876,#4883),.PCURVE_S1.);
#4872 = LINE('',#4873,#4874);
#4873 = CARTESIAN_POINT('',(4.826,-0.127,2.286));
#4874 = VECTOR('',#4875,1.);
#4875 = DIRECTION('',(0.E+000,1.,0.E+000));
#4876 = PCURVE('',#4526,#4877);
#4877 = DEFINITIONAL_REPRESENTATION('',(#4878),#4882);
#4878 = LINE('',#4879,#4880);
#4879 = CARTESIAN_POINT('',(4.826,-0.127));
#4880 = VECTOR('',#4881,1.);
#4881 = DIRECTION('',(0.E+000,1.));
#4882 = ( GEOMETRIC_REPRESENTATION_CONTEXT(2) 
PARAMETRIC_REPRESENTATION_CONTEXT() REPRESENTATION_CONTEXT('2D SPACE',''
  ) );
#4883 = PCURVE('',#4710,#4884);
#4884 = DEFINITIONAL_REPRESENTATION('',(#4885),#4889);
#4885 = LINE('',#4886,#4887);
#4886 = CARTESIAN_POINT('',(4.572,-0.762));
#4887 = VECTOR('',#4888,1.);
#4888 = DIRECTION('',(0.E+000,1.));
#4889 = ( GEOMETRIC_REPRESENTATION_CONTEXT(2) 
PARAMETRIC_REPRESENTATION_CONTEXT() REPRESENTATION_CONTEXT('2D SPACE',''
  ) );
#4890 = ORIENTED_EDGE('',*,*,#4891,.F.);
#4891 = EDGE_CURVE('',#4511,#4869,#4892,.T.);
#4892 = SURFACE_CURVE('',#4893,(#4897,#4904),.PCURVE_S1.);
#4893 = LINE('',#4894,#4895);
#4894 = CARTESIAN_POINT('',(5.08,0.762,2.286));
#4895 = VECTOR('',#4896,1.);
#4896 = DIRECTION('',(-0.894427191,-0.4472135955,0.E+000));
#4897 = PCURVE('',#4526,#4898);
#4898 = DEFINITIONAL_REPRESENTATION('',(#4899),#4903);
#4899 = LINE('',#4900,#4901);
#4900 = CARTESIAN_POINT('',(5.08,0.762));
#4901 = VECTOR('',#4902,1.);
#4902 = DIRECTION('',(-0.894427191,-0.4472135955));
#4903 = ( GEOMETRIC_REPRESENTATION_CONTEXT(2) 
PARAMETRIC_REPRESENTATION_CONTEXT() REPRESENTATION_CONTEXT('2D SPACE',''
  ) );
#4904 = PCURVE('',#4554,#4905);
#4905 = DEFINITIONAL_REPRESENTATION('',(#4906),#4910);
#4906 = LINE('',#4907,#4908);
#4907 = CARTESIAN_POINT('',(4.572,0.E+000));
#4908 = VECTOR('',#4909,1.);
#4909 = DIRECTION('',(0.E+000,-1.));
#4910 = ( GEOMETRIC_REPRESENTATION_CONTEXT(2) 
PARAMETRIC_REPRESENTATION_CONTEXT() REPRESENTATION_CONTEXT('2D SPACE',''
  ) );
#4911 = ORIENTED_EDGE('',*,*,#4510,.F.);
#4912 = ADVANCED_FACE('',(#4913),#1615,.F.);
#4913 = FACE_BOUND('',#4914,.T.);
#4914 = EDGE_LOOP('',(#4915,#4916,#4937,#4938));
#4915 = ORIENTED_EDGE('',*,*,#4820,.T.);
#4916 = ORIENTED_EDGE('',*,*,#4917,.T.);
#4917 = EDGE_CURVE('',#4798,#4596,#4918,.T.);
#4918 = SURFACE_CURVE('',#4919,(#4923,#4930),.PCURVE_S1.);
#4919 = LINE('',#4920,#4921);
#4920 = CARTESIAN_POINT('',(-4.826,-0.127,2.286));
#4921 = VECTOR('',#4922,1.);
#4922 = DIRECTION('',(0.E+000,0.E+000,-1.));
#4923 = PCURVE('',#1615,#4924);
#4924 = DEFINITIONAL_REPRESENTATION('',(#4925),#4929);
#4925 = LINE('',#4926,#4927);
#4926 = CARTESIAN_POINT('',(-4.572,0.283980633142));
#4927 = VECTOR('',#4928,1.);
#4928 = DIRECTION('',(1.,0.E+000));
#4929 = ( GEOMETRIC_REPRESENTATION_CONTEXT(2) 
PARAMETRIC_REPRESENTATION_CONTEXT() REPRESENTATION_CONTEXT('2D SPACE',''
  ) );
#4930 = PCURVE('',#4634,#4931);
#4931 = DEFINITIONAL_REPRESENTATION('',(#4932),#4936);
#4932 = LINE('',#4933,#4934);
#4933 = CARTESIAN_POINT('',(0.E+000,4.572));
#4934 = VECTOR('',#4935,1.);
#4935 = DIRECTION('',(0.E+000,-1.));
#4936 = ( GEOMETRIC_REPRESENTATION_CONTEXT(2) 
PARAMETRIC_REPRESENTATION_CONTEXT() REPRESENTATION_CONTEXT('2D SPACE',''
  ) );
#4937 = ORIENTED_EDGE('',*,*,#4595,.F.);
#4938 = ORIENTED_EDGE('',*,*,#1599,.T.);
#4939 = ADVANCED_FACE('',(#4940),#4634,.F.);
#4940 = FACE_BOUND('',#4941,.T.);
#4941 = EDGE_LOOP('',(#4942,#4943,#4944,#4945));
#4942 = ORIENTED_EDGE('',*,*,#4917,.F.);
#4943 = ORIENTED_EDGE('',*,*,#4797,.F.);
#4944 = ORIENTED_EDGE('',*,*,#4748,.T.);
#4945 = ORIENTED_EDGE('',*,*,#4618,.T.);
#4946 = ADVANCED_FACE('',(#4947),#4554,.F.);
#4947 = FACE_BOUND('',#4948,.T.);
#4948 = EDGE_LOOP('',(#4949,#4950,#4971,#4972));
#4949 = ORIENTED_EDGE('',*,*,#4891,.T.);
#4950 = ORIENTED_EDGE('',*,*,#4951,.T.);
#4951 = EDGE_CURVE('',#4869,#4672,#4952,.T.);
#4952 = SURFACE_CURVE('',#4953,(#4957,#4964),.PCURVE_S1.);
#4953 = LINE('',#4954,#4955);
#4954 = CARTESIAN_POINT('',(4.826,0.635,2.286));
#4955 = VECTOR('',#4956,1.);
#4956 = DIRECTION('',(0.E+000,0.E+000,-1.));
#4957 = PCURVE('',#4554,#4958);
#4958 = DEFINITIONAL_REPRESENTATION('',(#4959),#4963);
#4959 = LINE('',#4960,#4961);
#4960 = CARTESIAN_POINT('',(4.572,-0.283980633142));
#4961 = VECTOR('',#4962,1.);
#4962 = DIRECTION('',(-1.,0.E+000));
#4963 = ( GEOMETRIC_REPRESENTATION_CONTEXT(2) 
PARAMETRIC_REPRESENTATION_CONTEXT() REPRESENTATION_CONTEXT('2D SPACE',''
  ) );
#4964 = PCURVE('',#4710,#4965);
#4965 = DEFINITIONAL_REPRESENTATION('',(#4966),#4970);
#4966 = LINE('',#4967,#4968);
#4967 = CARTESIAN_POINT('',(4.572,0.E+000));
#4968 = VECTOR('',#4969,1.);
#4969 = DIRECTION('',(-1.,0.E+000));
#4970 = ( GEOMETRIC_REPRESENTATION_CONTEXT(2) 
PARAMETRIC_REPRESENTATION_CONTEXT() REPRESENTATION_CONTEXT('2D SPACE',''
  ) );
#4971 = ORIENTED_EDGE('',*,*,#4671,.F.);
#4972 = ORIENTED_EDGE('',*,*,#4538,.T.);
#4973 = ADVANCED_FACE('',(#4974),#4710,.F.);
#4974 = FACE_BOUND('',#4975,.T.);
#4975 = EDGE_LOOP('',(#4976,#4977,#4978,#4999));
#4976 = ORIENTED_EDGE('',*,*,#4951,.F.);
#4977 = ORIENTED_EDGE('',*,*,#4868,.F.);
#4978 = ORIENTED_EDGE('',*,*,#4979,.T.);
#4979 = EDGE_CURVE('',#4846,#4695,#4980,.T.);
#4980 = SURFACE_CURVE('',#4981,(#4985,#4992),.PCURVE_S1.);
#4981 = LINE('',#4982,#4983);
#4982 = CARTESIAN_POINT('',(4.826,-0.127,2.286));
#4983 = VECTOR('',#4984,1.);
#4984 = DIRECTION('',(0.E+000,0.E+000,-1.));
#4985 = PCURVE('',#4710,#4986);
#4986 = DEFINITIONAL_REPRESENTATION('',(#4987),#4991);
#4987 = LINE('',#4988,#4989);
#4988 = CARTESIAN_POINT('',(4.572,-0.762));
#4989 = VECTOR('',#4990,1.);
#4990 = DIRECTION('',(-1.,0.E+000));
#4991 = ( GEOMETRIC_REPRESENTATION_CONTEXT(2) 
PARAMETRIC_REPRESENTATION_CONTEXT() REPRESENTATION_CONTEXT('2D SPACE',''
  ) );
#4992 = PCURVE('',#4498,#4993);
#4993 = DEFINITIONAL_REPRESENTATION('',(#4994),#4998);
#4994 = LINE('',#4995,#4996);
#4995 = CARTESIAN_POINT('',(0.E+000,-4.572));
#4996 = VECTOR('',#4997,1.);
#4997 = DIRECTION('',(0.E+000,1.));
#4998 = ( GEOMETRIC_REPRESENTATION_CONTEXT(2) 
PARAMETRIC_REPRESENTATION_CONTEXT() REPRESENTATION_CONTEXT('2D SPACE',''
  ) );
#4999 = ORIENTED_EDGE('',*,*,#4694,.T.);
#5000 = ADVANCED_FACE('',(#5001),#4498,.F.);
#5001 = FACE_BOUND('',#5002,.T.);
#5002 = EDGE_LOOP('',(#5003,#5004,#5005,#5006));
#5003 = ORIENTED_EDGE('',*,*,#4722,.F.);
#5004 = ORIENTED_EDGE('',*,*,#4979,.F.);
#5005 = ORIENTED_EDGE('',*,*,#4845,.T.);
#5006 = ORIENTED_EDGE('',*,*,#4480,.F.);
#5007 = ADVANCED_FACE('',(#5008),#3790,.F.);
#5008 = FACE_BOUND('',#5009,.T.);
#5009 = EDGE_LOOP('',(#5010,#5033,#5061,#5082));
#5010 = ORIENTED_EDGE('',*,*,#5011,.F.);
#5011 = EDGE_CURVE('',#5012,#3749,#5014,.T.);
#5012 = VERTEX_POINT('',#5013);
#5013 = CARTESIAN_POINT('',(-4.1275,8.1915,0.3175));
#5014 = SURFACE_CURVE('',#5015,(#5019,#5026),.PCURVE_S1.);
#5015 = LINE('',#5016,#5017);
#5016 = CARTESIAN_POINT('',(-4.1275,8.1915,0.3175));
#5017 = VECTOR('',#5018,1.);
#5018 = DIRECTION('',(0.E+000,-1.,0.E+000));
#5019 = PCURVE('',#3790,#5020);
#5020 = DEFINITIONAL_REPRESENTATION('',(#5021),#5025);
#5021 = LINE('',#5022,#5023);
#5022 = CARTESIAN_POINT('',(9.144,-2.8575));
#5023 = VECTOR('',#5024,1.);
#5024 = DIRECTION('',(-1.,0.E+000));
#5025 = ( GEOMETRIC_REPRESENTATION_CONTEXT(2) 
PARAMETRIC_REPRESENTATION_CONTEXT() REPRESENTATION_CONTEXT('2D SPACE',''
  ) );
#5026 = PCURVE('',#3764,#5027);
#5027 = DEFINITIONAL_REPRESENTATION('',(#5028),#5032);
#5028 = LINE('',#5029,#5030);
#5029 = CARTESIAN_POINT('',(0.E+000,0.E+000));
#5030 = VECTOR('',#5031,1.);
#5031 = DIRECTION('',(0.E+000,-1.));
#5032 = ( GEOMETRIC_REPRESENTATION_CONTEXT(2) 
PARAMETRIC_REPRESENTATION_CONTEXT() REPRESENTATION_CONTEXT('2D SPACE',''
  ) );
#5033 = ORIENTED_EDGE('',*,*,#5034,.F.);
#5034 = EDGE_CURVE('',#5035,#5012,#5037,.T.);
#5035 = VERTEX_POINT('',#5036);
#5036 = CARTESIAN_POINT('',(-4.1275,8.1915,-0.3175));
#5037 = SURFACE_CURVE('',#5038,(#5042,#5049),.PCURVE_S1.);
#5038 = LINE('',#5039,#5040);
#5039 = CARTESIAN_POINT('',(-4.1275,8.1915,-0.3175));
#5040 = VECTOR('',#5041,1.);
#5041 = DIRECTION('',(0.E+000,0.E+000,1.));
#5042 = PCURVE('',#3790,#5043);
#5043 = DEFINITIONAL_REPRESENTATION('',(#5044),#5048);
#5044 = LINE('',#5045,#5046);
#5045 = CARTESIAN_POINT('',(9.144,-3.4925));
#5046 = VECTOR('',#5047,1.);
#5047 = DIRECTION('',(0.E+000,1.));
#5048 = ( GEOMETRIC_REPRESENTATION_CONTEXT(2) 
PARAMETRIC_REPRESENTATION_CONTEXT() REPRESENTATION_CONTEXT('2D SPACE',''
  ) );
#5049 = PCURVE('',#5050,#5055);
#5050 = PLANE('',#5051);
#5051 = AXIS2_PLACEMENT_3D('',#5052,#5053,#5054);
#5052 = CARTESIAN_POINT('',(-4.1275,8.1915,-0.3175));
#5053 = DIRECTION('',(0.E+000,1.,0.E+000));
#5054 = DIRECTION('',(1.,0.E+000,0.E+000));
#5055 = DEFINITIONAL_REPRESENTATION('',(#5056),#5060);
#5056 = LINE('',#5057,#5058);
#5057 = CARTESIAN_POINT('',(0.E+000,0.E+000));
#5058 = VECTOR('',#5059,1.);
#5059 = DIRECTION('',(0.E+000,-1.));
#5060 = ( GEOMETRIC_REPRESENTATION_CONTEXT(2) 
PARAMETRIC_REPRESENTATION_CONTEXT() REPRESENTATION_CONTEXT('2D SPACE',''
  ) );
#5061 = ORIENTED_EDGE('',*,*,#5062,.F.);
#5062 = EDGE_CURVE('',#3691,#5035,#5063,.T.);
#5063 = SURFACE_CURVE('',#5064,(#5068,#5075),.PCURVE_S1.);
#5064 = LINE('',#5065,#5066);
#5065 = CARTESIAN_POINT('',(-4.1275,1.5875,-0.3175));
#5066 = VECTOR('',#5067,1.);
#5067 = DIRECTION('',(0.E+000,1.,0.E+000));
#5068 = PCURVE('',#3790,#5069);
#5069 = DEFINITIONAL_REPRESENTATION('',(#5070),#5074);
#5070 = LINE('',#5071,#5072);
#5071 = CARTESIAN_POINT('',(2.54,-3.4925));
#5072 = VECTOR('',#5073,1.);
#5073 = DIRECTION('',(1.,0.E+000));
#5074 = ( GEOMETRIC_REPRESENTATION_CONTEXT(2) 
PARAMETRIC_REPRESENTATION_CONTEXT() REPRESENTATION_CONTEXT('2D SPACE',''
  ) );
#5075 = PCURVE('',#3708,#5076);
#5076 = DEFINITIONAL_REPRESENTATION('',(#5077),#5081);
#5077 = LINE('',#5078,#5079);
#5078 = CARTESIAN_POINT('',(0.E+000,0.E+000));
#5079 = VECTOR('',#5080,1.);
#5080 = DIRECTION('',(-1.,0.E+000));
#5081 = ( GEOMETRIC_REPRESENTATION_CONTEXT(2) 
PARAMETRIC_REPRESENTATION_CONTEXT() REPRESENTATION_CONTEXT('2D SPACE',''
  ) );
#5082 = ORIENTED_EDGE('',*,*,#3776,.F.);
#5083 = ADVANCED_FACE('',(#5084),#2759,.F.);
#5084 = FACE_BOUND('',#5085,.T.);
#5085 = EDGE_LOOP('',(#5086,#5116,#5144,#5172,#5200,#5232,#5253,#5254));
#5086 = ORIENTED_EDGE('',*,*,#5087,.F.);
#5087 = EDGE_CURVE('',#5088,#5090,#5092,.T.);
#5088 = VERTEX_POINT('',#5089);
#5089 = CARTESIAN_POINT('',(-4.1275,-4.6355,1.4859));
#5090 = VERTEX_POINT('',#5091);
#5091 = CARTESIAN_POINT('',(-4.1275,-2.8321,-0.3175));
#5092 = SURFACE_CURVE('',#5093,(#5098,#5105),.PCURVE_S1.);
#5093 = CIRCLE('',#5094,1.8034);
#5094 = AXIS2_PLACEMENT_3D('',#5095,#5096,#5097);
#5095 = CARTESIAN_POINT('',(-4.1275,-2.8321,1.4859));
#5096 = DIRECTION('',(1.,0.E+000,0.E+000));
#5097 = DIRECTION('',(0.E+000,-1.,0.E+000));
#5098 = PCURVE('',#2759,#5099);
#5099 = DEFINITIONAL_REPRESENTATION('',(#5100),#5104);
#5100 = CIRCLE('',#5101,1.8034);
#5101 = AXIS2_PLACEMENT_2D('',#5102,#5103);
#5102 = CARTESIAN_POINT('',(-1.8796,-1.6891));
#5103 = DIRECTION('',(-1.,0.E+000));
#5104 = ( GEOMETRIC_REPRESENTATION_CONTEXT(2) 
PARAMETRIC_REPRESENTATION_CONTEXT() REPRESENTATION_CONTEXT('2D SPACE',''
  ) );
#5105 = PCURVE('',#5106,#5111);
#5106 = CYLINDRICAL_SURFACE('',#5107,1.8034);
#5107 = AXIS2_PLACEMENT_3D('',#5108,#5109,#5110);
#5108 = CARTESIAN_POINT('',(-4.1275,-2.8321,1.4859));
#5109 = DIRECTION('',(-1.,0.E+000,0.E+000));
#5110 = DIRECTION('',(0.E+000,0.E+000,-1.));
#5111 = DEFINITIONAL_REPRESENTATION('',(#5112),#5115);
#5112 = B_SPLINE_CURVE_WITH_KNOTS('',1,(#5113,#5114),.UNSPECIFIED.,.F.,
  .F.,(2,2),(0.E+000,1.570796326795),.PIECEWISE_BEZIER_KNOTS.);
#5113 = CARTESIAN_POINT('',(1.570796326795,0.E+000));
#5114 = CARTESIAN_POINT('',(0.E+000,0.E+000));
#5115 = ( GEOMETRIC_REPRESENTATION_CONTEXT(2) 
PARAMETRIC_REPRESENTATION_CONTEXT() REPRESENTATION_CONTEXT('2D SPACE',''
  ) );
#5116 = ORIENTED_EDGE('',*,*,#5117,.F.);
#5117 = EDGE_CURVE('',#5118,#5088,#5120,.T.);
#5118 = VERTEX_POINT('',#5119);
#5119 = CARTESIAN_POINT('',(-4.1275,-4.6355,6.7564));
#5120 = SURFACE_CURVE('',#5121,(#5125,#5132),.PCURVE_S1.);
#5121 = LINE('',#5122,#5123);
#5122 = CARTESIAN_POINT('',(-4.1275,-4.6355,6.7564));
#5123 = VECTOR('',#5124,1.);
#5124 = DIRECTION('',(0.E+000,0.E+000,-1.));
#5125 = PCURVE('',#2759,#5126);
#5126 = DEFINITIONAL_REPRESENTATION('',(#5127),#5131);
#5127 = LINE('',#5128,#5129);
#5128 = CARTESIAN_POINT('',(-3.683,3.5814));
#5129 = VECTOR('',#5130,1.);
#5130 = DIRECTION('',(0.E+000,-1.));
#5131 = ( GEOMETRIC_REPRESENTATION_CONTEXT(2) 
PARAMETRIC_REPRESENTATION_CONTEXT() REPRESENTATION_CONTEXT('2D SPACE',''
  ) );
#5132 = PCURVE('',#5133,#5138);
#5133 = PLANE('',#5134);
#5134 = AXIS2_PLACEMENT_3D('',#5135,#5136,#5137);
#5135 = CARTESIAN_POINT('',(-4.1275,-4.6355,6.7564));
#5136 = DIRECTION('',(0.E+000,-1.,0.E+000));
#5137 = DIRECTION('',(0.E+000,0.E+000,-1.));
#5138 = DEFINITIONAL_REPRESENTATION('',(#5139),#5143);
#5139 = LINE('',#5140,#5141);
#5140 = CARTESIAN_POINT('',(0.E+000,0.E+000));
#5141 = VECTOR('',#5142,1.);
#5142 = DIRECTION('',(1.,0.E+000));
#5143 = ( GEOMETRIC_REPRESENTATION_CONTEXT(2) 
PARAMETRIC_REPRESENTATION_CONTEXT() REPRESENTATION_CONTEXT('2D SPACE',''
  ) );
#5144 = ORIENTED_EDGE('',*,*,#5145,.F.);
#5145 = EDGE_CURVE('',#5146,#5118,#5148,.T.);
#5146 = VERTEX_POINT('',#5147);
#5147 = CARTESIAN_POINT('',(-4.1275,-4.0005,6.7564));
#5148 = SURFACE_CURVE('',#5149,(#5153,#5160),.PCURVE_S1.);
#5149 = LINE('',#5150,#5151);
#5150 = CARTESIAN_POINT('',(-4.1275,-4.0005,6.7564));
#5151 = VECTOR('',#5152,1.);
#5152 = DIRECTION('',(0.E+000,-1.,0.E+000));
#5153 = PCURVE('',#2759,#5154);
#5154 = DEFINITIONAL_REPRESENTATION('',(#5155),#5159);
#5155 = LINE('',#5156,#5157);
#5156 = CARTESIAN_POINT('',(-3.048,3.5814));
#5157 = VECTOR('',#5158,1.);
#5158 = DIRECTION('',(-1.,0.E+000));
#5159 = ( GEOMETRIC_REPRESENTATION_CONTEXT(2) 
PARAMETRIC_REPRESENTATION_CONTEXT() REPRESENTATION_CONTEXT('2D SPACE',''
  ) );
#5160 = PCURVE('',#5161,#5166);
#5161 = PLANE('',#5162);
#5162 = AXIS2_PLACEMENT_3D('',#5163,#5164,#5165);
#5163 = CARTESIAN_POINT('',(-4.1275,-4.0005,6.7564));
#5164 = DIRECTION('',(0.E+000,0.E+000,1.));
#5165 = DIRECTION('',(1.,0.E+000,0.E+000));
#5166 = DEFINITIONAL_REPRESENTATION('',(#5167),#5171);
#5167 = LINE('',#5168,#5169);
#5168 = CARTESIAN_POINT('',(0.E+000,0.E+000));
#5169 = VECTOR('',#5170,1.);
#5170 = DIRECTION('',(0.E+000,-1.));
#5171 = ( GEOMETRIC_REPRESENTATION_CONTEXT(2) 
PARAMETRIC_REPRESENTATION_CONTEXT() REPRESENTATION_CONTEXT('2D SPACE',''
  ) );
#5172 = ORIENTED_EDGE('',*,*,#5173,.F.);
#5173 = EDGE_CURVE('',#5174,#5146,#5176,.T.);
#5174 = VERTEX_POINT('',#5175);
#5175 = CARTESIAN_POINT('',(-4.1275,-4.0005,1.4859));
#5176 = SURFACE_CURVE('',#5177,(#5181,#5188),.PCURVE_S1.);
#5177 = LINE('',#5178,#5179);
#5178 = CARTESIAN_POINT('',(-4.1275,-4.0005,1.4859));
#5179 = VECTOR('',#5180,1.);
#5180 = DIRECTION('',(0.E+000,0.E+000,1.));
#5181 = PCURVE('',#2759,#5182);
#5182 = DEFINITIONAL_REPRESENTATION('',(#5183),#5187);
#5183 = LINE('',#5184,#5185);
#5184 = CARTESIAN_POINT('',(-3.048,-1.6891));
#5185 = VECTOR('',#5186,1.);
#5186 = DIRECTION('',(0.E+000,1.));
#5187 = ( GEOMETRIC_REPRESENTATION_CONTEXT(2) 
PARAMETRIC_REPRESENTATION_CONTEXT() REPRESENTATION_CONTEXT('2D SPACE',''
  ) );
#5188 = PCURVE('',#5189,#5194);
#5189 = PLANE('',#5190);
#5190 = AXIS2_PLACEMENT_3D('',#5191,#5192,#5193);
#5191 = CARTESIAN_POINT('',(-4.1275,-4.0005,1.4859));
#5192 = DIRECTION('',(0.E+000,1.,0.E+000));
#5193 = DIRECTION('',(1.,0.E+000,0.E+000));
#5194 = DEFINITIONAL_REPRESENTATION('',(#5195),#5199);
#5195 = LINE('',#5196,#5197);
#5196 = CARTESIAN_POINT('',(0.E+000,0.E+000));
#5197 = VECTOR('',#5198,1.);
#5198 = DIRECTION('',(0.E+000,-1.));
#5199 = ( GEOMETRIC_REPRESENTATION_CONTEXT(2) 
PARAMETRIC_REPRESENTATION_CONTEXT() REPRESENTATION_CONTEXT('2D SPACE',''
  ) );
#5200 = ORIENTED_EDGE('',*,*,#5201,.F.);
#5201 = EDGE_CURVE('',#5202,#5174,#5204,.T.);
#5202 = VERTEX_POINT('',#5203);
#5203 = CARTESIAN_POINT('',(-4.1275,-2.8321,0.3175));
#5204 = SURFACE_CURVE('',#5205,(#5210,#5221),.PCURVE_S1.);
#5205 = CIRCLE('',#5206,1.1684);
#5206 = AXIS2_PLACEMENT_3D('',#5207,#5208,#5209);
#5207 = CARTESIAN_POINT('',(-4.1275,-2.8321,1.4859));
#5208 = DIRECTION('',(-1.,0.E+000,0.E+000));
#5209 = DIRECTION('',(0.E+000,0.E+000,-1.));
#5210 = PCURVE('',#2759,#5211);
#5211 = DEFINITIONAL_REPRESENTATION('',(#5212),#5220);
#5212 = ( BOUNDED_CURVE() B_SPLINE_CURVE(2,(#5213,#5214,#5215,#5216,
#5217,#5218,#5219),.UNSPECIFIED.,.T.,.F.) B_SPLINE_CURVE_WITH_KNOTS((1,2
    ,2,2,2,1),(-2.094395102393,0.E+000,2.094395102393,4.188790204786,
6.28318530718,8.377580409573),.UNSPECIFIED.) CURVE() 
GEOMETRIC_REPRESENTATION_ITEM() RATIONAL_B_SPLINE_CURVE((1.,0.5,1.,0.5,
1.,0.5,1.)) REPRESENTATION_ITEM('') );
#5213 = CARTESIAN_POINT('',(-1.8796,-2.8575));
#5214 = CARTESIAN_POINT('',(-3.903328163563,-2.8575));
#5215 = CARTESIAN_POINT('',(-2.891464081782,-1.1049));
#5216 = CARTESIAN_POINT('',(-1.8796,0.6477));
#5217 = CARTESIAN_POINT('',(-0.867735918218,-1.1049));
#5218 = CARTESIAN_POINT('',(0.144128163563,-2.8575));
#5219 = CARTESIAN_POINT('',(-1.8796,-2.8575));
#5220 = ( GEOMETRIC_REPRESENTATION_CONTEXT(2) 
PARAMETRIC_REPRESENTATION_CONTEXT() REPRESENTATION_CONTEXT('2D SPACE',''
  ) );
#5221 = PCURVE('',#5222,#5227);
#5222 = CYLINDRICAL_SURFACE('',#5223,1.1684);
#5223 = AXIS2_PLACEMENT_3D('',#5224,#5225,#5226);
#5224 = CARTESIAN_POINT('',(-4.1275,-2.8321,1.4859));
#5225 = DIRECTION('',(-1.,0.E+000,0.E+000));
#5226 = DIRECTION('',(0.E+000,0.E+000,-1.));
#5227 = DEFINITIONAL_REPRESENTATION('',(#5228),#5231);
#5228 = B_SPLINE_CURVE_WITH_KNOTS('',1,(#5229,#5230),.UNSPECIFIED.,.F.,
  .F.,(2,2),(0.E+000,1.570796326795),.PIECEWISE_BEZIER_KNOTS.);
#5229 = CARTESIAN_POINT('',(0.E+000,0.E+000));
#5230 = CARTESIAN_POINT('',(1.570796326795,0.E+000));
#5231 = ( GEOMETRIC_REPRESENTATION_CONTEXT(2) 
PARAMETRIC_REPRESENTATION_CONTEXT() REPRESENTATION_CONTEXT('2D SPACE',''
  ) );
#5232 = ORIENTED_EDGE('',*,*,#5233,.F.);
#5233 = EDGE_CURVE('',#2660,#5202,#5234,.T.);
#5234 = SURFACE_CURVE('',#5235,(#5239,#5246),.PCURVE_S1.);
#5235 = LINE('',#5236,#5237);
#5236 = CARTESIAN_POINT('',(-4.1275,-0.9525,0.3175));
#5237 = VECTOR('',#5238,1.);
#5238 = DIRECTION('',(0.E+000,-1.,0.E+000));
#5239 = PCURVE('',#2759,#5240);
#5240 = DEFINITIONAL_REPRESENTATION('',(#5241),#5245);
#5241 = LINE('',#5242,#5243);
#5242 = CARTESIAN_POINT('',(0.E+000,-2.8575));
#5243 = VECTOR('',#5244,1.);
#5244 = DIRECTION('',(-1.,0.E+000));
#5245 = ( GEOMETRIC_REPRESENTATION_CONTEXT(2) 
PARAMETRIC_REPRESENTATION_CONTEXT() REPRESENTATION_CONTEXT('2D SPACE',''
  ) );
#5246 = PCURVE('',#2677,#5247);
#5247 = DEFINITIONAL_REPRESENTATION('',(#5248),#5252);
#5248 = LINE('',#5249,#5250);
#5249 = CARTESIAN_POINT('',(0.E+000,0.E+000));
#5250 = VECTOR('',#5251,1.);
#5251 = DIRECTION('',(0.E+000,-1.));
#5252 = ( GEOMETRIC_REPRESENTATION_CONTEXT(2) 
PARAMETRIC_REPRESENTATION_CONTEXT() REPRESENTATION_CONTEXT('2D SPACE',''
  ) );
#5253 = ORIENTED_EDGE('',*,*,#2745,.T.);
#5254 = ORIENTED_EDGE('',*,*,#5255,.F.);
#5255 = EDGE_CURVE('',#5090,#2718,#5256,.T.);
#5256 = SURFACE_CURVE('',#5257,(#5261,#5268),.PCURVE_S1.);
#5257 = LINE('',#5258,#5259);
#5258 = CARTESIAN_POINT('',(-4.1275,-2.8321,-0.3175));
#5259 = VECTOR('',#5260,1.);
#5260 = DIRECTION('',(0.E+000,1.,0.E+000));
#5261 = PCURVE('',#2759,#5262);
#5262 = DEFINITIONAL_REPRESENTATION('',(#5263),#5267);
#5263 = LINE('',#5264,#5265);
#5264 = CARTESIAN_POINT('',(-1.8796,-3.4925));
#5265 = VECTOR('',#5266,1.);
#5266 = DIRECTION('',(1.,0.E+000));
#5267 = ( GEOMETRIC_REPRESENTATION_CONTEXT(2) 
PARAMETRIC_REPRESENTATION_CONTEXT() REPRESENTATION_CONTEXT('2D SPACE',''
  ) );
#5268 = PCURVE('',#2733,#5269);
#5269 = DEFINITIONAL_REPRESENTATION('',(#5270),#5274);
#5270 = LINE('',#5271,#5272);
#5271 = CARTESIAN_POINT('',(0.E+000,0.E+000));
#5272 = VECTOR('',#5273,1.);
#5273 = DIRECTION('',(-1.,0.E+000));
#5274 = ( GEOMETRIC_REPRESENTATION_CONTEXT(2) 
PARAMETRIC_REPRESENTATION_CONTEXT() REPRESENTATION_CONTEXT('2D SPACE',''
  ) );
#5275 = ADVANCED_FACE('',(#5276),#3708,.T.);
#5276 = FACE_BOUND('',#5277,.T.);
#5277 = EDGE_LOOP('',(#5278,#5279,#5302,#5323));
#5278 = ORIENTED_EDGE('',*,*,#5062,.T.);
#5279 = ORIENTED_EDGE('',*,*,#5280,.T.);
#5280 = EDGE_CURVE('',#5035,#5281,#5283,.T.);
#5281 = VERTEX_POINT('',#5282);
#5282 = CARTESIAN_POINT('',(-3.4925,8.1915,-0.3175));
#5283 = SURFACE_CURVE('',#5284,(#5288,#5295),.PCURVE_S1.);
#5284 = LINE('',#5285,#5286);
#5285 = CARTESIAN_POINT('',(-4.1275,8.1915,-0.3175));
#5286 = VECTOR('',#5287,1.);
#5287 = DIRECTION('',(1.,0.E+000,0.E+000));
#5288 = PCURVE('',#3708,#5289);
#5289 = DEFINITIONAL_REPRESENTATION('',(#5290),#5294);
#5290 = LINE('',#5291,#5292);
#5291 = CARTESIAN_POINT('',(-6.604,0.E+000));
#5292 = VECTOR('',#5293,1.);
#5293 = DIRECTION('',(0.E+000,-1.));
#5294 = ( GEOMETRIC_REPRESENTATION_CONTEXT(2) 
PARAMETRIC_REPRESENTATION_CONTEXT() REPRESENTATION_CONTEXT('2D SPACE',''
  ) );
#5295 = PCURVE('',#5050,#5296);
#5296 = DEFINITIONAL_REPRESENTATION('',(#5297),#5301);
#5297 = LINE('',#5298,#5299);
#5298 = CARTESIAN_POINT('',(0.E+000,0.E+000));
#5299 = VECTOR('',#5300,1.);
#5300 = DIRECTION('',(1.,0.E+000));
#5301 = ( GEOMETRIC_REPRESENTATION_CONTEXT(2) 
PARAMETRIC_REPRESENTATION_CONTEXT() REPRESENTATION_CONTEXT('2D SPACE',''
  ) );
#5302 = ORIENTED_EDGE('',*,*,#5303,.F.);
#5303 = EDGE_CURVE('',#3693,#5281,#5304,.T.);
#5304 = SURFACE_CURVE('',#5305,(#5309,#5316),.PCURVE_S1.);
#5305 = LINE('',#5306,#5307);
#5306 = CARTESIAN_POINT('',(-3.4925,1.5875,-0.3175));
#5307 = VECTOR('',#5308,1.);
#5308 = DIRECTION('',(0.E+000,1.,0.E+000));
#5309 = PCURVE('',#3708,#5310);
#5310 = DEFINITIONAL_REPRESENTATION('',(#5311),#5315);
#5311 = LINE('',#5312,#5313);
#5312 = CARTESIAN_POINT('',(0.E+000,-0.635));
#5313 = VECTOR('',#5314,1.);
#5314 = DIRECTION('',(-1.,0.E+000));
#5315 = ( GEOMETRIC_REPRESENTATION_CONTEXT(2) 
PARAMETRIC_REPRESENTATION_CONTEXT() REPRESENTATION_CONTEXT('2D SPACE',''
  ) );
#5316 = PCURVE('',#3736,#5317);
#5317 = DEFINITIONAL_REPRESENTATION('',(#5318),#5322);
#5318 = LINE('',#5319,#5320);
#5319 = CARTESIAN_POINT('',(2.54,-3.4925));
#5320 = VECTOR('',#5321,1.);
#5321 = DIRECTION('',(1.,0.E+000));
#5322 = ( GEOMETRIC_REPRESENTATION_CONTEXT(2) 
PARAMETRIC_REPRESENTATION_CONTEXT() REPRESENTATION_CONTEXT('2D SPACE',''
  ) );
#5323 = ORIENTED_EDGE('',*,*,#3690,.F.);
#5324 = ADVANCED_FACE('',(#5325),#3736,.T.);
#5325 = FACE_BOUND('',#5326,.T.);
#5326 = EDGE_LOOP('',(#5327,#5328,#5351,#5372));
#5327 = ORIENTED_EDGE('',*,*,#5303,.T.);
#5328 = ORIENTED_EDGE('',*,*,#5329,.T.);
#5329 = EDGE_CURVE('',#5281,#5330,#5332,.T.);
#5330 = VERTEX_POINT('',#5331);
#5331 = CARTESIAN_POINT('',(-3.4925,8.1915,0.3175));
#5332 = SURFACE_CURVE('',#5333,(#5337,#5344),.PCURVE_S1.);
#5333 = LINE('',#5334,#5335);
#5334 = CARTESIAN_POINT('',(-3.4925,8.1915,-0.3175));
#5335 = VECTOR('',#5336,1.);
#5336 = DIRECTION('',(0.E+000,0.E+000,1.));
#5337 = PCURVE('',#3736,#5338);
#5338 = DEFINITIONAL_REPRESENTATION('',(#5339),#5343);
#5339 = LINE('',#5340,#5341);
#5340 = CARTESIAN_POINT('',(9.144,-3.4925));
#5341 = VECTOR('',#5342,1.);
#5342 = DIRECTION('',(0.E+000,1.));
#5343 = ( GEOMETRIC_REPRESENTATION_CONTEXT(2) 
PARAMETRIC_REPRESENTATION_CONTEXT() REPRESENTATION_CONTEXT('2D SPACE',''
  ) );
#5344 = PCURVE('',#5050,#5345);
#5345 = DEFINITIONAL_REPRESENTATION('',(#5346),#5350);
#5346 = LINE('',#5347,#5348);
#5347 = CARTESIAN_POINT('',(0.635,0.E+000));
#5348 = VECTOR('',#5349,1.);
#5349 = DIRECTION('',(0.E+000,-1.));
#5350 = ( GEOMETRIC_REPRESENTATION_CONTEXT(2) 
PARAMETRIC_REPRESENTATION_CONTEXT() REPRESENTATION_CONTEXT('2D SPACE',''
  ) );
#5351 = ORIENTED_EDGE('',*,*,#5352,.T.);
#5352 = EDGE_CURVE('',#5330,#3721,#5353,.T.);
#5353 = SURFACE_CURVE('',#5354,(#5358,#5365),.PCURVE_S1.);
#5354 = LINE('',#5355,#5356);
#5355 = CARTESIAN_POINT('',(-3.4925,8.1915,0.3175));
#5356 = VECTOR('',#5357,1.);
#5357 = DIRECTION('',(0.E+000,-1.,0.E+000));
#5358 = PCURVE('',#3736,#5359);
#5359 = DEFINITIONAL_REPRESENTATION('',(#5360),#5364);
#5360 = LINE('',#5361,#5362);
#5361 = CARTESIAN_POINT('',(9.144,-2.8575));
#5362 = VECTOR('',#5363,1.);
#5363 = DIRECTION('',(-1.,0.E+000));
#5364 = ( GEOMETRIC_REPRESENTATION_CONTEXT(2) 
PARAMETRIC_REPRESENTATION_CONTEXT() REPRESENTATION_CONTEXT('2D SPACE',''
  ) );
#5365 = PCURVE('',#3764,#5366);
#5366 = DEFINITIONAL_REPRESENTATION('',(#5367),#5371);
#5367 = LINE('',#5368,#5369);
#5368 = CARTESIAN_POINT('',(0.635,0.E+000));
#5369 = VECTOR('',#5370,1.);
#5370 = DIRECTION('',(0.E+000,-1.));
#5371 = ( GEOMETRIC_REPRESENTATION_CONTEXT(2) 
PARAMETRIC_REPRESENTATION_CONTEXT() REPRESENTATION_CONTEXT('2D SPACE',''
  ) );
#5372 = ORIENTED_EDGE('',*,*,#3720,.T.);
#5373 = ADVANCED_FACE('',(#5374),#2705,.T.);
#5374 = FACE_BOUND('',#5375,.T.);
#5375 = EDGE_LOOP('',(#5376,#5377,#5400,#5427,#5450,#5473,#5496,#5519));
#5376 = ORIENTED_EDGE('',*,*,#2689,.F.);
#5377 = ORIENTED_EDGE('',*,*,#5378,.T.);
#5378 = EDGE_CURVE('',#2662,#5379,#5381,.T.);
#5379 = VERTEX_POINT('',#5380);
#5380 = CARTESIAN_POINT('',(-3.4925,-2.8321,0.3175));
#5381 = SURFACE_CURVE('',#5382,(#5386,#5393),.PCURVE_S1.);
#5382 = LINE('',#5383,#5384);
#5383 = CARTESIAN_POINT('',(-3.4925,-0.9525,0.3175));
#5384 = VECTOR('',#5385,1.);
#5385 = DIRECTION('',(0.E+000,-1.,0.E+000));
#5386 = PCURVE('',#2705,#5387);
#5387 = DEFINITIONAL_REPRESENTATION('',(#5388),#5392);
#5388 = LINE('',#5389,#5390);
#5389 = CARTESIAN_POINT('',(0.E+000,-2.8575));
#5390 = VECTOR('',#5391,1.);
#5391 = DIRECTION('',(-1.,0.E+000));
#5392 = ( GEOMETRIC_REPRESENTATION_CONTEXT(2) 
PARAMETRIC_REPRESENTATION_CONTEXT() REPRESENTATION_CONTEXT('2D SPACE',''
  ) );
#5393 = PCURVE('',#2677,#5394);
#5394 = DEFINITIONAL_REPRESENTATION('',(#5395),#5399);
#5395 = LINE('',#5396,#5397);
#5396 = CARTESIAN_POINT('',(0.635,0.E+000));
#5397 = VECTOR('',#5398,1.);
#5398 = DIRECTION('',(0.E+000,-1.));
#5399 = ( GEOMETRIC_REPRESENTATION_CONTEXT(2) 
PARAMETRIC_REPRESENTATION_CONTEXT() REPRESENTATION_CONTEXT('2D SPACE',''
  ) );
#5400 = ORIENTED_EDGE('',*,*,#5401,.T.);
#5401 = EDGE_CURVE('',#5379,#5402,#5404,.T.);
#5402 = VERTEX_POINT('',#5403);
#5403 = CARTESIAN_POINT('',(-3.4925,-4.0005,1.4859));
#5404 = SURFACE_CURVE('',#5405,(#5410,#5421),.PCURVE_S1.);
#5405 = CIRCLE('',#5406,1.1684);
#5406 = AXIS2_PLACEMENT_3D('',#5407,#5408,#5409);
#5407 = CARTESIAN_POINT('',(-3.4925,-2.8321,1.4859));
#5408 = DIRECTION('',(-1.,0.E+000,0.E+000));
#5409 = DIRECTION('',(0.E+000,0.E+000,-1.));
#5410 = PCURVE('',#2705,#5411);
#5411 = DEFINITIONAL_REPRESENTATION('',(#5412),#5420);
#5412 = ( BOUNDED_CURVE() B_SPLINE_CURVE(2,(#5413,#5414,#5415,#5416,
#5417,#5418,#5419),.UNSPECIFIED.,.T.,.F.) B_SPLINE_CURVE_WITH_KNOTS((1,2
    ,2,2,2,1),(-2.094395102393,0.E+000,2.094395102393,4.188790204786,
6.28318530718,8.377580409573),.UNSPECIFIED.) CURVE() 
GEOMETRIC_REPRESENTATION_ITEM() RATIONAL_B_SPLINE_CURVE((1.,0.5,1.,0.5,
1.,0.5,1.)) REPRESENTATION_ITEM('') );
#5413 = CARTESIAN_POINT('',(-1.8796,-2.8575));
#5414 = CARTESIAN_POINT('',(-3.903328163563,-2.8575));
#5415 = CARTESIAN_POINT('',(-2.891464081782,-1.1049));
#5416 = CARTESIAN_POINT('',(-1.8796,0.6477));
#5417 = CARTESIAN_POINT('',(-0.867735918218,-1.1049));
#5418 = CARTESIAN_POINT('',(0.144128163563,-2.8575));
#5419 = CARTESIAN_POINT('',(-1.8796,-2.8575));
#5420 = ( GEOMETRIC_REPRESENTATION_CONTEXT(2) 
PARAMETRIC_REPRESENTATION_CONTEXT() REPRESENTATION_CONTEXT('2D SPACE',''
  ) );
#5421 = PCURVE('',#5222,#5422);
#5422 = DEFINITIONAL_REPRESENTATION('',(#5423),#5426);
#5423 = B_SPLINE_CURVE_WITH_KNOTS('',1,(#5424,#5425),.UNSPECIFIED.,.F.,
  .F.,(2,2),(0.E+000,1.570796326795),.PIECEWISE_BEZIER_KNOTS.);
#5424 = CARTESIAN_POINT('',(0.E+000,-0.635));
#5425 = CARTESIAN_POINT('',(1.570796326795,-0.635));
#5426 = ( GEOMETRIC_REPRESENTATION_CONTEXT(2) 
PARAMETRIC_REPRESENTATION_CONTEXT() REPRESENTATION_CONTEXT('2D SPACE',''
  ) );
#5427 = ORIENTED_EDGE('',*,*,#5428,.T.);
#5428 = EDGE_CURVE('',#5402,#5429,#5431,.T.);
#5429 = VERTEX_POINT('',#5430);
#5430 = CARTESIAN_POINT('',(-3.4925,-4.0005,6.7564));
#5431 = SURFACE_CURVE('',#5432,(#5436,#5443),.PCURVE_S1.);
#5432 = LINE('',#5433,#5434);
#5433 = CARTESIAN_POINT('',(-3.4925,-4.0005,1.4859));
#5434 = VECTOR('',#5435,1.);
#5435 = DIRECTION('',(0.E+000,0.E+000,1.));
#5436 = PCURVE('',#2705,#5437);
#5437 = DEFINITIONAL_REPRESENTATION('',(#5438),#5442);
#5438 = LINE('',#5439,#5440);
#5439 = CARTESIAN_POINT('',(-3.048,-1.6891));
#5440 = VECTOR('',#5441,1.);
#5441 = DIRECTION('',(0.E+000,1.));
#5442 = ( GEOMETRIC_REPRESENTATION_CONTEXT(2) 
PARAMETRIC_REPRESENTATION_CONTEXT() REPRESENTATION_CONTEXT('2D SPACE',''
  ) );
#5443 = PCURVE('',#5189,#5444);
#5444 = DEFINITIONAL_REPRESENTATION('',(#5445),#5449);
#5445 = LINE('',#5446,#5447);
#5446 = CARTESIAN_POINT('',(0.635,0.E+000));
#5447 = VECTOR('',#5448,1.);
#5448 = DIRECTION('',(0.E+000,-1.));
#5449 = ( GEOMETRIC_REPRESENTATION_CONTEXT(2) 
PARAMETRIC_REPRESENTATION_CONTEXT() REPRESENTATION_CONTEXT('2D SPACE',''
  ) );
#5450 = ORIENTED_EDGE('',*,*,#5451,.T.);
#5451 = EDGE_CURVE('',#5429,#5452,#5454,.T.);
#5452 = VERTEX_POINT('',#5453);
#5453 = CARTESIAN_POINT('',(-3.4925,-4.6355,6.7564));
#5454 = SURFACE_CURVE('',#5455,(#5459,#5466),.PCURVE_S1.);
#5455 = LINE('',#5456,#5457);
#5456 = CARTESIAN_POINT('',(-3.4925,-4.0005,6.7564));
#5457 = VECTOR('',#5458,1.);
#5458 = DIRECTION('',(0.E+000,-1.,0.E+000));
#5459 = PCURVE('',#2705,#5460);
#5460 = DEFINITIONAL_REPRESENTATION('',(#5461),#5465);
#5461 = LINE('',#5462,#5463);
#5462 = CARTESIAN_POINT('',(-3.048,3.5814));
#5463 = VECTOR('',#5464,1.);
#5464 = DIRECTION('',(-1.,0.E+000));
#5465 = ( GEOMETRIC_REPRESENTATION_CONTEXT(2) 
PARAMETRIC_REPRESENTATION_CONTEXT() REPRESENTATION_CONTEXT('2D SPACE',''
  ) );
#5466 = PCURVE('',#5161,#5467);
#5467 = DEFINITIONAL_REPRESENTATION('',(#5468),#5472);
#5468 = LINE('',#5469,#5470);
#5469 = CARTESIAN_POINT('',(0.635,0.E+000));
#5470 = VECTOR('',#5471,1.);
#5471 = DIRECTION('',(0.E+000,-1.));
#5472 = ( GEOMETRIC_REPRESENTATION_CONTEXT(2) 
PARAMETRIC_REPRESENTATION_CONTEXT() REPRESENTATION_CONTEXT('2D SPACE',''
  ) );
#5473 = ORIENTED_EDGE('',*,*,#5474,.T.);
#5474 = EDGE_CURVE('',#5452,#5475,#5477,.T.);
#5475 = VERTEX_POINT('',#5476);
#5476 = CARTESIAN_POINT('',(-3.4925,-4.6355,1.4859));
#5477 = SURFACE_CURVE('',#5478,(#5482,#5489),.PCURVE_S1.);
#5478 = LINE('',#5479,#5480);
#5479 = CARTESIAN_POINT('',(-3.4925,-4.6355,6.7564));
#5480 = VECTOR('',#5481,1.);
#5481 = DIRECTION('',(0.E+000,0.E+000,-1.));
#5482 = PCURVE('',#2705,#5483);
#5483 = DEFINITIONAL_REPRESENTATION('',(#5484),#5488);
#5484 = LINE('',#5485,#5486);
#5485 = CARTESIAN_POINT('',(-3.683,3.5814));
#5486 = VECTOR('',#5487,1.);
#5487 = DIRECTION('',(0.E+000,-1.));
#5488 = ( GEOMETRIC_REPRESENTATION_CONTEXT(2) 
PARAMETRIC_REPRESENTATION_CONTEXT() REPRESENTATION_CONTEXT('2D SPACE',''
  ) );
#5489 = PCURVE('',#5133,#5490);
#5490 = DEFINITIONAL_REPRESENTATION('',(#5491),#5495);
#5491 = LINE('',#5492,#5493);
#5492 = CARTESIAN_POINT('',(0.E+000,0.635));
#5493 = VECTOR('',#5494,1.);
#5494 = DIRECTION('',(1.,0.E+000));
#5495 = ( GEOMETRIC_REPRESENTATION_CONTEXT(2) 
PARAMETRIC_REPRESENTATION_CONTEXT() REPRESENTATION_CONTEXT('2D SPACE',''
  ) );
#5496 = ORIENTED_EDGE('',*,*,#5497,.T.);
#5497 = EDGE_CURVE('',#5475,#5498,#5500,.T.);
#5498 = VERTEX_POINT('',#5499);
#5499 = CARTESIAN_POINT('',(-3.4925,-2.8321,-0.3175));
#5500 = SURFACE_CURVE('',#5501,(#5506,#5513),.PCURVE_S1.);
#5501 = CIRCLE('',#5502,1.8034);
#5502 = AXIS2_PLACEMENT_3D('',#5503,#5504,#5505);
#5503 = CARTESIAN_POINT('',(-3.4925,-2.8321,1.4859));
#5504 = DIRECTION('',(1.,0.E+000,0.E+000));
#5505 = DIRECTION('',(0.E+000,-1.,0.E+000));
#5506 = PCURVE('',#2705,#5507);
#5507 = DEFINITIONAL_REPRESENTATION('',(#5508),#5512);
#5508 = CIRCLE('',#5509,1.8034);
#5509 = AXIS2_PLACEMENT_2D('',#5510,#5511);
#5510 = CARTESIAN_POINT('',(-1.8796,-1.6891));
#5511 = DIRECTION('',(-1.,0.E+000));
#5512 = ( GEOMETRIC_REPRESENTATION_CONTEXT(2) 
PARAMETRIC_REPRESENTATION_CONTEXT() REPRESENTATION_CONTEXT('2D SPACE',''
  ) );
#5513 = PCURVE('',#5106,#5514);
#5514 = DEFINITIONAL_REPRESENTATION('',(#5515),#5518);
#5515 = B_SPLINE_CURVE_WITH_KNOTS('',1,(#5516,#5517),.UNSPECIFIED.,.F.,
  .F.,(2,2),(0.E+000,1.570796326795),.PIECEWISE_BEZIER_KNOTS.);
#5516 = CARTESIAN_POINT('',(1.570796326795,-0.635));
#5517 = CARTESIAN_POINT('',(0.E+000,-0.635));
#5518 = ( GEOMETRIC_REPRESENTATION_CONTEXT(2) 
PARAMETRIC_REPRESENTATION_CONTEXT() REPRESENTATION_CONTEXT('2D SPACE',''
  ) );
#5519 = ORIENTED_EDGE('',*,*,#5520,.T.);
#5520 = EDGE_CURVE('',#5498,#2690,#5521,.T.);
#5521 = SURFACE_CURVE('',#5522,(#5526,#5533),.PCURVE_S1.);
#5522 = LINE('',#5523,#5524);
#5523 = CARTESIAN_POINT('',(-3.4925,-2.8321,-0.3175));
#5524 = VECTOR('',#5525,1.);
#5525 = DIRECTION('',(0.E+000,1.,0.E+000));
#5526 = PCURVE('',#2705,#5527);
#5527 = DEFINITIONAL_REPRESENTATION('',(#5528),#5532);
#5528 = LINE('',#5529,#5530);
#5529 = CARTESIAN_POINT('',(-1.8796,-3.4925));
#5530 = VECTOR('',#5531,1.);
#5531 = DIRECTION('',(1.,0.E+000));
#5532 = ( GEOMETRIC_REPRESENTATION_CONTEXT(2) 
PARAMETRIC_REPRESENTATION_CONTEXT() REPRESENTATION_CONTEXT('2D SPACE',''
  ) );
#5533 = PCURVE('',#2733,#5534);
#5534 = DEFINITIONAL_REPRESENTATION('',(#5535),#5539);
#5535 = LINE('',#5536,#5537);
#5536 = CARTESIAN_POINT('',(0.E+000,-0.635));
#5537 = VECTOR('',#5538,1.);
#5538 = DIRECTION('',(-1.,0.E+000));
#5539 = ( GEOMETRIC_REPRESENTATION_CONTEXT(2) 
PARAMETRIC_REPRESENTATION_CONTEXT() REPRESENTATION_CONTEXT('2D SPACE',''
  ) );
#5540 = ADVANCED_FACE('',(#5541),#3764,.T.);
#5541 = FACE_BOUND('',#5542,.T.);
#5542 = EDGE_LOOP('',(#5543,#5544,#5565,#5566));
#5543 = ORIENTED_EDGE('',*,*,#5352,.F.);
#5544 = ORIENTED_EDGE('',*,*,#5545,.F.);
#5545 = EDGE_CURVE('',#5012,#5330,#5546,.T.);
#5546 = SURFACE_CURVE('',#5547,(#5551,#5558),.PCURVE_S1.);
#5547 = LINE('',#5548,#5549);
#5548 = CARTESIAN_POINT('',(-4.1275,8.1915,0.3175));
#5549 = VECTOR('',#5550,1.);
#5550 = DIRECTION('',(1.,0.E+000,0.E+000));
#5551 = PCURVE('',#3764,#5552);
#5552 = DEFINITIONAL_REPRESENTATION('',(#5553),#5557);
#5553 = LINE('',#5554,#5555);
#5554 = CARTESIAN_POINT('',(0.E+000,0.E+000));
#5555 = VECTOR('',#5556,1.);
#5556 = DIRECTION('',(1.,0.E+000));
#5557 = ( GEOMETRIC_REPRESENTATION_CONTEXT(2) 
PARAMETRIC_REPRESENTATION_CONTEXT() REPRESENTATION_CONTEXT('2D SPACE',''
  ) );
#5558 = PCURVE('',#5050,#5559);
#5559 = DEFINITIONAL_REPRESENTATION('',(#5560),#5564);
#5560 = LINE('',#5561,#5562);
#5561 = CARTESIAN_POINT('',(0.E+000,-0.635));
#5562 = VECTOR('',#5563,1.);
#5563 = DIRECTION('',(1.,0.E+000));
#5564 = ( GEOMETRIC_REPRESENTATION_CONTEXT(2) 
PARAMETRIC_REPRESENTATION_CONTEXT() REPRESENTATION_CONTEXT('2D SPACE',''
  ) );
#5565 = ORIENTED_EDGE('',*,*,#5011,.T.);
#5566 = ORIENTED_EDGE('',*,*,#3748,.T.);
#5567 = ADVANCED_FACE('',(#5568),#5050,.T.);
#5568 = FACE_BOUND('',#5569,.T.);
#5569 = EDGE_LOOP('',(#5570,#5571,#5572,#5573));
#5570 = ORIENTED_EDGE('',*,*,#5545,.T.);
#5571 = ORIENTED_EDGE('',*,*,#5329,.F.);
#5572 = ORIENTED_EDGE('',*,*,#5280,.F.);
#5573 = ORIENTED_EDGE('',*,*,#5034,.T.);
#5574 = ADVANCED_FACE('',(#5575),#2733,.T.);
#5575 = FACE_BOUND('',#5576,.T.);
#5576 = EDGE_LOOP('',(#5577,#5578,#5579,#5599));
#5577 = ORIENTED_EDGE('',*,*,#2717,.T.);
#5578 = ORIENTED_EDGE('',*,*,#5520,.F.);
#5579 = ORIENTED_EDGE('',*,*,#5580,.F.);
#5580 = EDGE_CURVE('',#5090,#5498,#5581,.T.);
#5581 = SURFACE_CURVE('',#5582,(#5586,#5593),.PCURVE_S1.);
#5582 = LINE('',#5583,#5584);
#5583 = CARTESIAN_POINT('',(-4.1275,-2.8321,-0.3175));
#5584 = VECTOR('',#5585,1.);
#5585 = DIRECTION('',(1.,0.E+000,0.E+000));
#5586 = PCURVE('',#2733,#5587);
#5587 = DEFINITIONAL_REPRESENTATION('',(#5588),#5592);
#5588 = LINE('',#5589,#5590);
#5589 = CARTESIAN_POINT('',(0.E+000,0.E+000));
#5590 = VECTOR('',#5591,1.);
#5591 = DIRECTION('',(0.E+000,-1.));
#5592 = ( GEOMETRIC_REPRESENTATION_CONTEXT(2) 
PARAMETRIC_REPRESENTATION_CONTEXT() REPRESENTATION_CONTEXT('2D SPACE',''
  ) );
#5593 = PCURVE('',#5106,#5594);
#5594 = DEFINITIONAL_REPRESENTATION('',(#5595),#5598);
#5595 = B_SPLINE_CURVE_WITH_KNOTS('',1,(#5596,#5597),.UNSPECIFIED.,.F.,
  .F.,(2,2),(0.E+000,0.635),.PIECEWISE_BEZIER_KNOTS.);
#5596 = CARTESIAN_POINT('',(0.E+000,0.E+000));
#5597 = CARTESIAN_POINT('',(0.E+000,-0.635));
#5598 = ( GEOMETRIC_REPRESENTATION_CONTEXT(2) 
PARAMETRIC_REPRESENTATION_CONTEXT() REPRESENTATION_CONTEXT('2D SPACE',''
  ) );
#5599 = ORIENTED_EDGE('',*,*,#5255,.T.);
#5600 = ADVANCED_FACE('',(#5601),#5106,.T.);
#5601 = FACE_BOUND('',#5602,.T.);
#5602 = EDGE_LOOP('',(#5603,#5604,#5605,#5625));
#5603 = ORIENTED_EDGE('',*,*,#5580,.T.);
#5604 = ORIENTED_EDGE('',*,*,#5497,.F.);
#5605 = ORIENTED_EDGE('',*,*,#5606,.F.);
#5606 = EDGE_CURVE('',#5088,#5475,#5607,.T.);
#5607 = SURFACE_CURVE('',#5608,(#5612,#5618),.PCURVE_S1.);
#5608 = LINE('',#5609,#5610);
#5609 = CARTESIAN_POINT('',(-4.1275,-4.6355,1.4859));
#5610 = VECTOR('',#5611,1.);
#5611 = DIRECTION('',(1.,0.E+000,0.E+000));
#5612 = PCURVE('',#5106,#5613);
#5613 = DEFINITIONAL_REPRESENTATION('',(#5614),#5617);
#5614 = B_SPLINE_CURVE_WITH_KNOTS('',1,(#5615,#5616),.UNSPECIFIED.,.F.,
  .F.,(2,2),(0.E+000,0.635),.PIECEWISE_BEZIER_KNOTS.);
#5615 = CARTESIAN_POINT('',(1.570796326795,0.E+000));
#5616 = CARTESIAN_POINT('',(1.570796326795,-0.635));
#5617 = ( GEOMETRIC_REPRESENTATION_CONTEXT(2) 
PARAMETRIC_REPRESENTATION_CONTEXT() REPRESENTATION_CONTEXT('2D SPACE',''
  ) );
#5618 = PCURVE('',#5133,#5619);
#5619 = DEFINITIONAL_REPRESENTATION('',(#5620),#5624);
#5620 = LINE('',#5621,#5622);
#5621 = CARTESIAN_POINT('',(5.2705,0.E+000));
#5622 = VECTOR('',#5623,1.);
#5623 = DIRECTION('',(0.E+000,1.));
#5624 = ( GEOMETRIC_REPRESENTATION_CONTEXT(2) 
PARAMETRIC_REPRESENTATION_CONTEXT() REPRESENTATION_CONTEXT('2D SPACE',''
  ) );
#5625 = ORIENTED_EDGE('',*,*,#5087,.T.);
#5626 = ADVANCED_FACE('',(#5627),#5133,.T.);
#5627 = FACE_BOUND('',#5628,.T.);
#5628 = EDGE_LOOP('',(#5629,#5630,#5631,#5652));
#5629 = ORIENTED_EDGE('',*,*,#5606,.T.);
#5630 = ORIENTED_EDGE('',*,*,#5474,.F.);
#5631 = ORIENTED_EDGE('',*,*,#5632,.F.);
#5632 = EDGE_CURVE('',#5118,#5452,#5633,.T.);
#5633 = SURFACE_CURVE('',#5634,(#5638,#5645),.PCURVE_S1.);
#5634 = LINE('',#5635,#5636);
#5635 = CARTESIAN_POINT('',(-4.1275,-4.6355,6.7564));
#5636 = VECTOR('',#5637,1.);
#5637 = DIRECTION('',(1.,0.E+000,0.E+000));
#5638 = PCURVE('',#5133,#5639);
#5639 = DEFINITIONAL_REPRESENTATION('',(#5640),#5644);
#5640 = LINE('',#5641,#5642);
#5641 = CARTESIAN_POINT('',(0.E+000,0.E+000));
#5642 = VECTOR('',#5643,1.);
#5643 = DIRECTION('',(0.E+000,1.));
#5644 = ( GEOMETRIC_REPRESENTATION_CONTEXT(2) 
PARAMETRIC_REPRESENTATION_CONTEXT() REPRESENTATION_CONTEXT('2D SPACE',''
  ) );
#5645 = PCURVE('',#5161,#5646);
#5646 = DEFINITIONAL_REPRESENTATION('',(#5647),#5651);
#5647 = LINE('',#5648,#5649);
#5648 = CARTESIAN_POINT('',(0.E+000,-0.635));
#5649 = VECTOR('',#5650,1.);
#5650 = DIRECTION('',(1.,0.E+000));
#5651 = ( GEOMETRIC_REPRESENTATION_CONTEXT(2) 
PARAMETRIC_REPRESENTATION_CONTEXT() REPRESENTATION_CONTEXT('2D SPACE',''
  ) );
#5652 = ORIENTED_EDGE('',*,*,#5117,.T.);
#5653 = ADVANCED_FACE('',(#5654),#5161,.T.);
#5654 = FACE_BOUND('',#5655,.T.);
#5655 = EDGE_LOOP('',(#5656,#5657,#5658,#5679));
#5656 = ORIENTED_EDGE('',*,*,#5632,.T.);
#5657 = ORIENTED_EDGE('',*,*,#5451,.F.);
#5658 = ORIENTED_EDGE('',*,*,#5659,.F.);
#5659 = EDGE_CURVE('',#5146,#5429,#5660,.T.);
#5660 = SURFACE_CURVE('',#5661,(#5665,#5672),.PCURVE_S1.);
#5661 = LINE('',#5662,#5663);
#5662 = CARTESIAN_POINT('',(-4.1275,-4.0005,6.7564));
#5663 = VECTOR('',#5664,1.);
#5664 = DIRECTION('',(1.,0.E+000,0.E+000));
#5665 = PCURVE('',#5161,#5666);
#5666 = DEFINITIONAL_REPRESENTATION('',(#5667),#5671);
#5667 = LINE('',#5668,#5669);
#5668 = CARTESIAN_POINT('',(0.E+000,0.E+000));
#5669 = VECTOR('',#5670,1.);
#5670 = DIRECTION('',(1.,0.E+000));
#5671 = ( GEOMETRIC_REPRESENTATION_CONTEXT(2) 
PARAMETRIC_REPRESENTATION_CONTEXT() REPRESENTATION_CONTEXT('2D SPACE',''
  ) );
#5672 = PCURVE('',#5189,#5673);
#5673 = DEFINITIONAL_REPRESENTATION('',(#5674),#5678);
#5674 = LINE('',#5675,#5676);
#5675 = CARTESIAN_POINT('',(0.E+000,-5.2705));
#5676 = VECTOR('',#5677,1.);
#5677 = DIRECTION('',(1.,0.E+000));
#5678 = ( GEOMETRIC_REPRESENTATION_CONTEXT(2) 
PARAMETRIC_REPRESENTATION_CONTEXT() REPRESENTATION_CONTEXT('2D SPACE',''
  ) );
#5679 = ORIENTED_EDGE('',*,*,#5145,.T.);
#5680 = ADVANCED_FACE('',(#5681),#5189,.T.);
#5681 = FACE_BOUND('',#5682,.T.);
#5682 = EDGE_LOOP('',(#5683,#5684,#5685,#5705));
#5683 = ORIENTED_EDGE('',*,*,#5659,.T.);
#5684 = ORIENTED_EDGE('',*,*,#5428,.F.);
#5685 = ORIENTED_EDGE('',*,*,#5686,.F.);
#5686 = EDGE_CURVE('',#5174,#5402,#5687,.T.);
#5687 = SURFACE_CURVE('',#5688,(#5692,#5699),.PCURVE_S1.);
#5688 = LINE('',#5689,#5690);
#5689 = CARTESIAN_POINT('',(-4.1275,-4.0005,1.4859));
#5690 = VECTOR('',#5691,1.);
#5691 = DIRECTION('',(1.,0.E+000,0.E+000));
#5692 = PCURVE('',#5189,#5693);
#5693 = DEFINITIONAL_REPRESENTATION('',(#5694),#5698);
#5694 = LINE('',#5695,#5696);
#5695 = CARTESIAN_POINT('',(0.E+000,0.E+000));
#5696 = VECTOR('',#5697,1.);
#5697 = DIRECTION('',(1.,0.E+000));
#5698 = ( GEOMETRIC_REPRESENTATION_CONTEXT(2) 
PARAMETRIC_REPRESENTATION_CONTEXT() REPRESENTATION_CONTEXT('2D SPACE',''
  ) );
#5699 = PCURVE('',#5222,#5700);
#5700 = DEFINITIONAL_REPRESENTATION('',(#5701),#5704);
#5701 = B_SPLINE_CURVE_WITH_KNOTS('',1,(#5702,#5703),.UNSPECIFIED.,.F.,
  .F.,(2,2),(0.E+000,0.635),.PIECEWISE_BEZIER_KNOTS.);
#5702 = CARTESIAN_POINT('',(1.570796326795,0.E+000));
#5703 = CARTESIAN_POINT('',(1.570796326795,-0.635));
#5704 = ( GEOMETRIC_REPRESENTATION_CONTEXT(2) 
PARAMETRIC_REPRESENTATION_CONTEXT() REPRESENTATION_CONTEXT('2D SPACE',''
  ) );
#5705 = ORIENTED_EDGE('',*,*,#5173,.T.);
#5706 = ADVANCED_FACE('',(#5707),#5222,.F.);
#5707 = FACE_BOUND('',#5708,.F.);
#5708 = EDGE_LOOP('',(#5709,#5710,#5711,#5731));
#5709 = ORIENTED_EDGE('',*,*,#5686,.F.);
#5710 = ORIENTED_EDGE('',*,*,#5201,.F.);
#5711 = ORIENTED_EDGE('',*,*,#5712,.T.);
#5712 = EDGE_CURVE('',#5202,#5379,#5713,.T.);
#5713 = SURFACE_CURVE('',#5714,(#5718,#5724),.PCURVE_S1.);
#5714 = LINE('',#5715,#5716);
#5715 = CARTESIAN_POINT('',(-4.1275,-2.8321,0.3175));
#5716 = VECTOR('',#5717,1.);
#5717 = DIRECTION('',(1.,0.E+000,0.E+000));
#5718 = PCURVE('',#5222,#5719);
#5719 = DEFINITIONAL_REPRESENTATION('',(#5720),#5723);
#5720 = B_SPLINE_CURVE_WITH_KNOTS('',1,(#5721,#5722),.UNSPECIFIED.,.F.,
  .F.,(2,2),(0.E+000,0.635),.PIECEWISE_BEZIER_KNOTS.);
#5721 = CARTESIAN_POINT('',(0.E+000,0.E+000));
#5722 = CARTESIAN_POINT('',(0.E+000,-0.635));
#5723 = ( GEOMETRIC_REPRESENTATION_CONTEXT(2) 
PARAMETRIC_REPRESENTATION_CONTEXT() REPRESENTATION_CONTEXT('2D SPACE',''
  ) );
#5724 = PCURVE('',#2677,#5725);
#5725 = DEFINITIONAL_REPRESENTATION('',(#5726),#5730);
#5726 = LINE('',#5727,#5728);
#5727 = CARTESIAN_POINT('',(0.E+000,-1.8796));
#5728 = VECTOR('',#5729,1.);
#5729 = DIRECTION('',(1.,0.E+000));
#5730 = ( GEOMETRIC_REPRESENTATION_CONTEXT(2) 
PARAMETRIC_REPRESENTATION_CONTEXT() REPRESENTATION_CONTEXT('2D SPACE',''
  ) );
#5731 = ORIENTED_EDGE('',*,*,#5401,.T.);
#5732 = ADVANCED_FACE('',(#5733),#2677,.T.);
#5733 = FACE_BOUND('',#5734,.T.);
#5734 = EDGE_LOOP('',(#5735,#5736,#5737,#5738));
#5735 = ORIENTED_EDGE('',*,*,#5712,.T.);
#5736 = ORIENTED_EDGE('',*,*,#5378,.F.);
#5737 = ORIENTED_EDGE('',*,*,#2659,.F.);
#5738 = ORIENTED_EDGE('',*,*,#5233,.T.);
#5739 = ADVANCED_FACE('',(#5740),#3904,.F.);
#5740 = FACE_BOUND('',#5741,.T.);
#5741 = EDGE_LOOP('',(#5742,#5765,#5793,#5814));
#5742 = ORIENTED_EDGE('',*,*,#5743,.F.);
#5743 = EDGE_CURVE('',#5744,#3863,#5746,.T.);
#5744 = VERTEX_POINT('',#5745);
#5745 = CARTESIAN_POINT('',(-1.5875,8.1915,0.3175));
#5746 = SURFACE_CURVE('',#5747,(#5751,#5758),.PCURVE_S1.);
#5747 = LINE('',#5748,#5749);
#5748 = CARTESIAN_POINT('',(-1.5875,8.1915,0.3175));
#5749 = VECTOR('',#5750,1.);
#5750 = DIRECTION('',(0.E+000,-1.,0.E+000));
#5751 = PCURVE('',#3904,#5752);
#5752 = DEFINITIONAL_REPRESENTATION('',(#5753),#5757);
#5753 = LINE('',#5754,#5755);
#5754 = CARTESIAN_POINT('',(9.144,-2.8575));
#5755 = VECTOR('',#5756,1.);
#5756 = DIRECTION('',(-1.,0.E+000));
#5757 = ( GEOMETRIC_REPRESENTATION_CONTEXT(2) 
PARAMETRIC_REPRESENTATION_CONTEXT() REPRESENTATION_CONTEXT('2D SPACE',''
  ) );
#5758 = PCURVE('',#3878,#5759);
#5759 = DEFINITIONAL_REPRESENTATION('',(#5760),#5764);
#5760 = LINE('',#5761,#5762);
#5761 = CARTESIAN_POINT('',(0.E+000,0.E+000));
#5762 = VECTOR('',#5763,1.);
#5763 = DIRECTION('',(0.E+000,-1.));
#5764 = ( GEOMETRIC_REPRESENTATION_CONTEXT(2) 
PARAMETRIC_REPRESENTATION_CONTEXT() REPRESENTATION_CONTEXT('2D SPACE',''
  ) );
#5765 = ORIENTED_EDGE('',*,*,#5766,.F.);
#5766 = EDGE_CURVE('',#5767,#5744,#5769,.T.);
#5767 = VERTEX_POINT('',#5768);
#5768 = CARTESIAN_POINT('',(-1.5875,8.1915,-0.3175));
#5769 = SURFACE_CURVE('',#5770,(#5774,#5781),.PCURVE_S1.);
#5770 = LINE('',#5771,#5772);
#5771 = CARTESIAN_POINT('',(-1.5875,8.1915,-0.3175));
#5772 = VECTOR('',#5773,1.);
#5773 = DIRECTION('',(0.E+000,0.E+000,1.));
#5774 = PCURVE('',#3904,#5775);
#5775 = DEFINITIONAL_REPRESENTATION('',(#5776),#5780);
#5776 = LINE('',#5777,#5778);
#5777 = CARTESIAN_POINT('',(9.144,-3.4925));
#5778 = VECTOR('',#5779,1.);
#5779 = DIRECTION('',(0.E+000,1.));
#5780 = ( GEOMETRIC_REPRESENTATION_CONTEXT(2) 
PARAMETRIC_REPRESENTATION_CONTEXT() REPRESENTATION_CONTEXT('2D SPACE',''
  ) );
#5781 = PCURVE('',#5782,#5787);
#5782 = PLANE('',#5783);
#5783 = AXIS2_PLACEMENT_3D('',#5784,#5785,#5786);
#5784 = CARTESIAN_POINT('',(-1.5875,8.1915,-0.3175));
#5785 = DIRECTION('',(0.E+000,1.,0.E+000));
#5786 = DIRECTION('',(1.,0.E+000,0.E+000));
#5787 = DEFINITIONAL_REPRESENTATION('',(#5788),#5792);
#5788 = LINE('',#5789,#5790);
#5789 = CARTESIAN_POINT('',(0.E+000,0.E+000));
#5790 = VECTOR('',#5791,1.);
#5791 = DIRECTION('',(0.E+000,-1.));
#5792 = ( GEOMETRIC_REPRESENTATION_CONTEXT(2) 
PARAMETRIC_REPRESENTATION_CONTEXT() REPRESENTATION_CONTEXT('2D SPACE',''
  ) );
#5793 = ORIENTED_EDGE('',*,*,#5794,.F.);
#5794 = EDGE_CURVE('',#3805,#5767,#5795,.T.);
#5795 = SURFACE_CURVE('',#5796,(#5800,#5807),.PCURVE_S1.);
#5796 = LINE('',#5797,#5798);
#5797 = CARTESIAN_POINT('',(-1.5875,1.5875,-0.3175));
#5798 = VECTOR('',#5799,1.);
#5799 = DIRECTION('',(0.E+000,1.,0.E+000));
#5800 = PCURVE('',#3904,#5801);
#5801 = DEFINITIONAL_REPRESENTATION('',(#5802),#5806);
#5802 = LINE('',#5803,#5804);
#5803 = CARTESIAN_POINT('',(2.54,-3.4925));
#5804 = VECTOR('',#5805,1.);
#5805 = DIRECTION('',(1.,0.E+000));
#5806 = ( GEOMETRIC_REPRESENTATION_CONTEXT(2) 
PARAMETRIC_REPRESENTATION_CONTEXT() REPRESENTATION_CONTEXT('2D SPACE',''
  ) );
#5807 = PCURVE('',#3822,#5808);
#5808 = DEFINITIONAL_REPRESENTATION('',(#5809),#5813);
#5809 = LINE('',#5810,#5811);
#5810 = CARTESIAN_POINT('',(0.E+000,0.E+000));
#5811 = VECTOR('',#5812,1.);
#5812 = DIRECTION('',(-1.,0.E+000));
#5813 = ( GEOMETRIC_REPRESENTATION_CONTEXT(2) 
PARAMETRIC_REPRESENTATION_CONTEXT() REPRESENTATION_CONTEXT('2D SPACE',''
  ) );
#5814 = ORIENTED_EDGE('',*,*,#3890,.F.);
#5815 = ADVANCED_FACE('',(#5816),#5830,.F.);
#5816 = FACE_BOUND('',#5817,.T.);
#5817 = EDGE_LOOP('',(#5818,#5853,#5881,#5909,#5937,#5965,#5997,#6025));
#5818 = ORIENTED_EDGE('',*,*,#5819,.F.);
#5819 = EDGE_CURVE('',#5820,#5822,#5824,.T.);
#5820 = VERTEX_POINT('',#5821);
#5821 = CARTESIAN_POINT('',(-1.5875,-2.8321,-0.3175));
#5822 = VERTEX_POINT('',#5823);
#5823 = CARTESIAN_POINT('',(-1.5875,-0.9525,-0.3175));
#5824 = SURFACE_CURVE('',#5825,(#5829,#5841),.PCURVE_S1.);
#5825 = LINE('',#5826,#5827);
#5826 = CARTESIAN_POINT('',(-1.5875,-2.8321,-0.3175));
#5827 = VECTOR('',#5828,1.);
#5828 = DIRECTION('',(0.E+000,1.,0.E+000));
#5829 = PCURVE('',#5830,#5835);
#5830 = PLANE('',#5831);
#5831 = AXIS2_PLACEMENT_3D('',#5832,#5833,#5834);
#5832 = CARTESIAN_POINT('',(-1.5875,-0.9525,3.175));
#5833 = DIRECTION('',(1.,0.E+000,0.E+000));
#5834 = DIRECTION('',(0.E+000,1.,0.E+000));
#5835 = DEFINITIONAL_REPRESENTATION('',(#5836),#5840);
#5836 = LINE('',#5837,#5838);
#5837 = CARTESIAN_POINT('',(-1.8796,-3.4925));
#5838 = VECTOR('',#5839,1.);
#5839 = DIRECTION('',(1.,0.E+000));
#5840 = ( GEOMETRIC_REPRESENTATION_CONTEXT(2) 
PARAMETRIC_REPRESENTATION_CONTEXT() REPRESENTATION_CONTEXT('2D SPACE',''
  ) );
#5841 = PCURVE('',#5842,#5847);
#5842 = PLANE('',#5843);
#5843 = AXIS2_PLACEMENT_3D('',#5844,#5845,#5846);
#5844 = CARTESIAN_POINT('',(-1.5875,-2.8321,-0.3175));
#5845 = DIRECTION('',(0.E+000,0.E+000,-1.));
#5846 = DIRECTION('',(0.E+000,-1.,0.E+000));
#5847 = DEFINITIONAL_REPRESENTATION('',(#5848),#5852);
#5848 = LINE('',#5849,#5850);
#5849 = CARTESIAN_POINT('',(0.E+000,0.E+000));
#5850 = VECTOR('',#5851,1.);
#5851 = DIRECTION('',(-1.,0.E+000));
#5852 = ( GEOMETRIC_REPRESENTATION_CONTEXT(2) 
PARAMETRIC_REPRESENTATION_CONTEXT() REPRESENTATION_CONTEXT('2D SPACE',''
  ) );
#5853 = ORIENTED_EDGE('',*,*,#5854,.F.);
#5854 = EDGE_CURVE('',#5855,#5820,#5857,.T.);
#5855 = VERTEX_POINT('',#5856);
#5856 = CARTESIAN_POINT('',(-1.5875,-4.6355,1.4859));
#5857 = SURFACE_CURVE('',#5858,(#5863,#5870),.PCURVE_S1.);
#5858 = CIRCLE('',#5859,1.8034);
#5859 = AXIS2_PLACEMENT_3D('',#5860,#5861,#5862);
#5860 = CARTESIAN_POINT('',(-1.5875,-2.8321,1.4859));
#5861 = DIRECTION('',(1.,0.E+000,0.E+000));
#5862 = DIRECTION('',(0.E+000,-1.,0.E+000));
#5863 = PCURVE('',#5830,#5864);
#5864 = DEFINITIONAL_REPRESENTATION('',(#5865),#5869);
#5865 = CIRCLE('',#5866,1.8034);
#5866 = AXIS2_PLACEMENT_2D('',#5867,#5868);
#5867 = CARTESIAN_POINT('',(-1.8796,-1.6891));
#5868 = DIRECTION('',(-1.,0.E+000));
#5869 = ( GEOMETRIC_REPRESENTATION_CONTEXT(2) 
PARAMETRIC_REPRESENTATION_CONTEXT() REPRESENTATION_CONTEXT('2D SPACE',''
  ) );
#5870 = PCURVE('',#5871,#5876);
#5871 = CYLINDRICAL_SURFACE('',#5872,1.8034);
#5872 = AXIS2_PLACEMENT_3D('',#5873,#5874,#5875);
#5873 = CARTESIAN_POINT('',(-1.5875,-2.8321,1.4859));
#5874 = DIRECTION('',(-1.,0.E+000,0.E+000));
#5875 = DIRECTION('',(0.E+000,0.E+000,-1.));
#5876 = DEFINITIONAL_REPRESENTATION('',(#5877),#5880);
#5877 = B_SPLINE_CURVE_WITH_KNOTS('',1,(#5878,#5879),.UNSPECIFIED.,.F.,
  .F.,(2,2),(0.E+000,1.570796326795),.PIECEWISE_BEZIER_KNOTS.);
#5878 = CARTESIAN_POINT('',(1.570796326795,0.E+000));
#5879 = CARTESIAN_POINT('',(0.E+000,0.E+000));
#5880 = ( GEOMETRIC_REPRESENTATION_CONTEXT(2) 
PARAMETRIC_REPRESENTATION_CONTEXT() REPRESENTATION_CONTEXT('2D SPACE',''
  ) );
#5881 = ORIENTED_EDGE('',*,*,#5882,.F.);
#5882 = EDGE_CURVE('',#5883,#5855,#5885,.T.);
#5883 = VERTEX_POINT('',#5884);
#5884 = CARTESIAN_POINT('',(-1.5875,-4.6355,6.7564));
#5885 = SURFACE_CURVE('',#5886,(#5890,#5897),.PCURVE_S1.);
#5886 = LINE('',#5887,#5888);
#5887 = CARTESIAN_POINT('',(-1.5875,-4.6355,6.7564));
#5888 = VECTOR('',#5889,1.);
#5889 = DIRECTION('',(0.E+000,0.E+000,-1.));
#5890 = PCURVE('',#5830,#5891);
#5891 = DEFINITIONAL_REPRESENTATION('',(#5892),#5896);
#5892 = LINE('',#5893,#5894);
#5893 = CARTESIAN_POINT('',(-3.683,3.5814));
#5894 = VECTOR('',#5895,1.);
#5895 = DIRECTION('',(0.E+000,-1.));
#5896 = ( GEOMETRIC_REPRESENTATION_CONTEXT(2) 
PARAMETRIC_REPRESENTATION_CONTEXT() REPRESENTATION_CONTEXT('2D SPACE',''
  ) );
#5897 = PCURVE('',#5898,#5903);
#5898 = PLANE('',#5899);
#5899 = AXIS2_PLACEMENT_3D('',#5900,#5901,#5902);
#5900 = CARTESIAN_POINT('',(-1.5875,-4.6355,6.7564));
#5901 = DIRECTION('',(0.E+000,-1.,0.E+000));
#5902 = DIRECTION('',(0.E+000,0.E+000,-1.));
#5903 = DEFINITIONAL_REPRESENTATION('',(#5904),#5908);
#5904 = LINE('',#5905,#5906);
#5905 = CARTESIAN_POINT('',(0.E+000,0.E+000));
#5906 = VECTOR('',#5907,1.);
#5907 = DIRECTION('',(1.,0.E+000));
#5908 = ( GEOMETRIC_REPRESENTATION_CONTEXT(2) 
PARAMETRIC_REPRESENTATION_CONTEXT() REPRESENTATION_CONTEXT('2D SPACE',''
  ) );
#5909 = ORIENTED_EDGE('',*,*,#5910,.F.);
#5910 = EDGE_CURVE('',#5911,#5883,#5913,.T.);
#5911 = VERTEX_POINT('',#5912);
#5912 = CARTESIAN_POINT('',(-1.5875,-4.0005,6.7564));
#5913 = SURFACE_CURVE('',#5914,(#5918,#5925),.PCURVE_S1.);
#5914 = LINE('',#5915,#5916);
#5915 = CARTESIAN_POINT('',(-1.5875,-4.0005,6.7564));
#5916 = VECTOR('',#5917,1.);
#5917 = DIRECTION('',(0.E+000,-1.,0.E+000));
#5918 = PCURVE('',#5830,#5919);
#5919 = DEFINITIONAL_REPRESENTATION('',(#5920),#5924);
#5920 = LINE('',#5921,#5922);
#5921 = CARTESIAN_POINT('',(-3.048,3.5814));
#5922 = VECTOR('',#5923,1.);
#5923 = DIRECTION('',(-1.,0.E+000));
#5924 = ( GEOMETRIC_REPRESENTATION_CONTEXT(2) 
PARAMETRIC_REPRESENTATION_CONTEXT() REPRESENTATION_CONTEXT('2D SPACE',''
  ) );
#5925 = PCURVE('',#5926,#5931);
#5926 = PLANE('',#5927);
#5927 = AXIS2_PLACEMENT_3D('',#5928,#5929,#5930);
#5928 = CARTESIAN_POINT('',(-1.5875,-4.0005,6.7564));
#5929 = DIRECTION('',(0.E+000,0.E+000,1.));
#5930 = DIRECTION('',(1.,0.E+000,0.E+000));
#5931 = DEFINITIONAL_REPRESENTATION('',(#5932),#5936);
#5932 = LINE('',#5933,#5934);
#5933 = CARTESIAN_POINT('',(0.E+000,0.E+000));
#5934 = VECTOR('',#5935,1.);
#5935 = DIRECTION('',(0.E+000,-1.));
#5936 = ( GEOMETRIC_REPRESENTATION_CONTEXT(2) 
PARAMETRIC_REPRESENTATION_CONTEXT() REPRESENTATION_CONTEXT('2D SPACE',''
  ) );
#5937 = ORIENTED_EDGE('',*,*,#5938,.F.);
#5938 = EDGE_CURVE('',#5939,#5911,#5941,.T.);
#5939 = VERTEX_POINT('',#5940);
#5940 = CARTESIAN_POINT('',(-1.5875,-4.0005,1.4859));
#5941 = SURFACE_CURVE('',#5942,(#5946,#5953),.PCURVE_S1.);
#5942 = LINE('',#5943,#5944);
#5943 = CARTESIAN_POINT('',(-1.5875,-4.0005,1.4859));
#5944 = VECTOR('',#5945,1.);
#5945 = DIRECTION('',(0.E+000,0.E+000,1.));
#5946 = PCURVE('',#5830,#5947);
#5947 = DEFINITIONAL_REPRESENTATION('',(#5948),#5952);
#5948 = LINE('',#5949,#5950);
#5949 = CARTESIAN_POINT('',(-3.048,-1.6891));
#5950 = VECTOR('',#5951,1.);
#5951 = DIRECTION('',(0.E+000,1.));
#5952 = ( GEOMETRIC_REPRESENTATION_CONTEXT(2) 
PARAMETRIC_REPRESENTATION_CONTEXT() REPRESENTATION_CONTEXT('2D SPACE',''
  ) );
#5953 = PCURVE('',#5954,#5959);
#5954 = PLANE('',#5955);
#5955 = AXIS2_PLACEMENT_3D('',#5956,#5957,#5958);
#5956 = CARTESIAN_POINT('',(-1.5875,-4.0005,1.4859));
#5957 = DIRECTION('',(0.E+000,1.,0.E+000));
#5958 = DIRECTION('',(1.,0.E+000,0.E+000));
#5959 = DEFINITIONAL_REPRESENTATION('',(#5960),#5964);
#5960 = LINE('',#5961,#5962);
#5961 = CARTESIAN_POINT('',(0.E+000,0.E+000));
#5962 = VECTOR('',#5963,1.);
#5963 = DIRECTION('',(0.E+000,-1.));
#5964 = ( GEOMETRIC_REPRESENTATION_CONTEXT(2) 
PARAMETRIC_REPRESENTATION_CONTEXT() REPRESENTATION_CONTEXT('2D SPACE',''
  ) );
#5965 = ORIENTED_EDGE('',*,*,#5966,.F.);
#5966 = EDGE_CURVE('',#5967,#5939,#5969,.T.);
#5967 = VERTEX_POINT('',#5968);
#5968 = CARTESIAN_POINT('',(-1.5875,-2.8321,0.3175));
#5969 = SURFACE_CURVE('',#5970,(#5975,#5986),.PCURVE_S1.);
#5970 = CIRCLE('',#5971,1.1684);
#5971 = AXIS2_PLACEMENT_3D('',#5972,#5973,#5974);
#5972 = CARTESIAN_POINT('',(-1.5875,-2.8321,1.4859));
#5973 = DIRECTION('',(-1.,0.E+000,0.E+000));
#5974 = DIRECTION('',(0.E+000,0.E+000,-1.));
#5975 = PCURVE('',#5830,#5976);
#5976 = DEFINITIONAL_REPRESENTATION('',(#5977),#5985);
#5977 = ( BOUNDED_CURVE() B_SPLINE_CURVE(2,(#5978,#5979,#5980,#5981,
#5982,#5983,#5984),.UNSPECIFIED.,.T.,.F.) B_SPLINE_CURVE_WITH_KNOTS((1,2
    ,2,2,2,1),(-2.094395102393,0.E+000,2.094395102393,4.188790204786,
6.28318530718,8.377580409573),.UNSPECIFIED.) CURVE() 
GEOMETRIC_REPRESENTATION_ITEM() RATIONAL_B_SPLINE_CURVE((1.,0.5,1.,0.5,
1.,0.5,1.)) REPRESENTATION_ITEM('') );
#5978 = CARTESIAN_POINT('',(-1.8796,-2.8575));
#5979 = CARTESIAN_POINT('',(-3.903328163563,-2.8575));
#5980 = CARTESIAN_POINT('',(-2.891464081782,-1.1049));
#5981 = CARTESIAN_POINT('',(-1.8796,0.6477));
#5982 = CARTESIAN_POINT('',(-0.867735918218,-1.1049));
#5983 = CARTESIAN_POINT('',(0.144128163563,-2.8575));
#5984 = CARTESIAN_POINT('',(-1.8796,-2.8575));
#5985 = ( GEOMETRIC_REPRESENTATION_CONTEXT(2) 
PARAMETRIC_REPRESENTATION_CONTEXT() REPRESENTATION_CONTEXT('2D SPACE',''
  ) );
#5986 = PCURVE('',#5987,#5992);
#5987 = CYLINDRICAL_SURFACE('',#5988,1.1684);
#5988 = AXIS2_PLACEMENT_3D('',#5989,#5990,#5991);
#5989 = CARTESIAN_POINT('',(-1.5875,-2.8321,1.4859));
#5990 = DIRECTION('',(-1.,0.E+000,0.E+000));
#5991 = DIRECTION('',(0.E+000,0.E+000,-1.));
#5992 = DEFINITIONAL_REPRESENTATION('',(#5993),#5996);
#5993 = B_SPLINE_CURVE_WITH_KNOTS('',1,(#5994,#5995),.UNSPECIFIED.,.F.,
  .F.,(2,2),(0.E+000,1.570796326795),.PIECEWISE_BEZIER_KNOTS.);
#5994 = CARTESIAN_POINT('',(0.E+000,0.E+000));
#5995 = CARTESIAN_POINT('',(1.570796326795,0.E+000));
#5996 = ( GEOMETRIC_REPRESENTATION_CONTEXT(2) 
PARAMETRIC_REPRESENTATION_CONTEXT() REPRESENTATION_CONTEXT('2D SPACE',''
  ) );
#5997 = ORIENTED_EDGE('',*,*,#5998,.F.);
#5998 = EDGE_CURVE('',#5999,#5967,#6001,.T.);
#5999 = VERTEX_POINT('',#6000);
#6000 = CARTESIAN_POINT('',(-1.5875,-0.9525,0.3175));
#6001 = SURFACE_CURVE('',#6002,(#6006,#6013),.PCURVE_S1.);
#6002 = LINE('',#6003,#6004);
#6003 = CARTESIAN_POINT('',(-1.5875,-0.9525,0.3175));
#6004 = VECTOR('',#6005,1.);
#6005 = DIRECTION('',(0.E+000,-1.,0.E+000));
#6006 = PCURVE('',#5830,#6007);
#6007 = DEFINITIONAL_REPRESENTATION('',(#6008),#6012);
#6008 = LINE('',#6009,#6010);
#6009 = CARTESIAN_POINT('',(0.E+000,-2.8575));
#6010 = VECTOR('',#6011,1.);
#6011 = DIRECTION('',(-1.,0.E+000));
#6012 = ( GEOMETRIC_REPRESENTATION_CONTEXT(2) 
PARAMETRIC_REPRESENTATION_CONTEXT() REPRESENTATION_CONTEXT('2D SPACE',''
  ) );
#6013 = PCURVE('',#6014,#6019);
#6014 = PLANE('',#6015);
#6015 = AXIS2_PLACEMENT_3D('',#6016,#6017,#6018);
#6016 = CARTESIAN_POINT('',(-1.5875,-0.9525,0.3175));
#6017 = DIRECTION('',(0.E+000,0.E+000,1.));
#6018 = DIRECTION('',(1.,0.E+000,0.E+000));
#6019 = DEFINITIONAL_REPRESENTATION('',(#6020),#6024);
#6020 = LINE('',#6021,#6022);
#6021 = CARTESIAN_POINT('',(0.E+000,0.E+000));
#6022 = VECTOR('',#6023,1.);
#6023 = DIRECTION('',(0.E+000,-1.));
#6024 = ( GEOMETRIC_REPRESENTATION_CONTEXT(2) 
PARAMETRIC_REPRESENTATION_CONTEXT() REPRESENTATION_CONTEXT('2D SPACE',''
  ) );
#6025 = ORIENTED_EDGE('',*,*,#6026,.T.);
#6026 = EDGE_CURVE('',#5999,#5822,#6027,.T.);
#6027 = SURFACE_CURVE('',#6028,(#6032,#6039),.PCURVE_S1.);
#6028 = LINE('',#6029,#6030);
#6029 = CARTESIAN_POINT('',(-1.5875,-0.9525,0.3175));
#6030 = VECTOR('',#6031,1.);
#6031 = DIRECTION('',(0.E+000,0.E+000,-1.));
#6032 = PCURVE('',#5830,#6033);
#6033 = DEFINITIONAL_REPRESENTATION('',(#6034),#6038);
#6034 = LINE('',#6035,#6036);
#6035 = CARTESIAN_POINT('',(0.E+000,-2.8575));
#6036 = VECTOR('',#6037,1.);
#6037 = DIRECTION('',(0.E+000,-1.));
#6038 = ( GEOMETRIC_REPRESENTATION_CONTEXT(2) 
PARAMETRIC_REPRESENTATION_CONTEXT() REPRESENTATION_CONTEXT('2D SPACE',''
  ) );
#6039 = PCURVE('',#1971,#6040);
#6040 = DEFINITIONAL_REPRESENTATION('',(#6041),#6045);
#6041 = LINE('',#6042,#6043);
#6042 = CARTESIAN_POINT('',(-0.762,2.8575));
#6043 = VECTOR('',#6044,1.);
#6044 = DIRECTION('',(0.E+000,1.));
#6045 = ( GEOMETRIC_REPRESENTATION_CONTEXT(2) 
PARAMETRIC_REPRESENTATION_CONTEXT() REPRESENTATION_CONTEXT('2D SPACE',''
  ) );
#6046 = ADVANCED_FACE('',(#6047),#3822,.T.);
#6047 = FACE_BOUND('',#6048,.T.);
#6048 = EDGE_LOOP('',(#6049,#6050,#6073,#6094));
#6049 = ORIENTED_EDGE('',*,*,#5794,.T.);
#6050 = ORIENTED_EDGE('',*,*,#6051,.T.);
#6051 = EDGE_CURVE('',#5767,#6052,#6054,.T.);
#6052 = VERTEX_POINT('',#6053);
#6053 = CARTESIAN_POINT('',(-0.9525,8.1915,-0.3175));
#6054 = SURFACE_CURVE('',#6055,(#6059,#6066),.PCURVE_S1.);
#6055 = LINE('',#6056,#6057);
#6056 = CARTESIAN_POINT('',(-1.5875,8.1915,-0.3175));
#6057 = VECTOR('',#6058,1.);
#6058 = DIRECTION('',(1.,0.E+000,0.E+000));
#6059 = PCURVE('',#3822,#6060);
#6060 = DEFINITIONAL_REPRESENTATION('',(#6061),#6065);
#6061 = LINE('',#6062,#6063);
#6062 = CARTESIAN_POINT('',(-6.604,0.E+000));
#6063 = VECTOR('',#6064,1.);
#6064 = DIRECTION('',(0.E+000,-1.));
#6065 = ( GEOMETRIC_REPRESENTATION_CONTEXT(2) 
PARAMETRIC_REPRESENTATION_CONTEXT() REPRESENTATION_CONTEXT('2D SPACE',''
  ) );
#6066 = PCURVE('',#5782,#6067);
#6067 = DEFINITIONAL_REPRESENTATION('',(#6068),#6072);
#6068 = LINE('',#6069,#6070);
#6069 = CARTESIAN_POINT('',(0.E+000,0.E+000));
#6070 = VECTOR('',#6071,1.);
#6071 = DIRECTION('',(1.,0.E+000));
#6072 = ( GEOMETRIC_REPRESENTATION_CONTEXT(2) 
PARAMETRIC_REPRESENTATION_CONTEXT() REPRESENTATION_CONTEXT('2D SPACE',''
  ) );
#6073 = ORIENTED_EDGE('',*,*,#6074,.F.);
#6074 = EDGE_CURVE('',#3807,#6052,#6075,.T.);
#6075 = SURFACE_CURVE('',#6076,(#6080,#6087),.PCURVE_S1.);
#6076 = LINE('',#6077,#6078);
#6077 = CARTESIAN_POINT('',(-0.9525,1.5875,-0.3175));
#6078 = VECTOR('',#6079,1.);
#6079 = DIRECTION('',(0.E+000,1.,0.E+000));
#6080 = PCURVE('',#3822,#6081);
#6081 = DEFINITIONAL_REPRESENTATION('',(#6082),#6086);
#6082 = LINE('',#6083,#6084);
#6083 = CARTESIAN_POINT('',(0.E+000,-0.635));
#6084 = VECTOR('',#6085,1.);
#6085 = DIRECTION('',(-1.,0.E+000));
#6086 = ( GEOMETRIC_REPRESENTATION_CONTEXT(2) 
PARAMETRIC_REPRESENTATION_CONTEXT() REPRESENTATION_CONTEXT('2D SPACE',''
  ) );
#6087 = PCURVE('',#3850,#6088);
#6088 = DEFINITIONAL_REPRESENTATION('',(#6089),#6093);
#6089 = LINE('',#6090,#6091);
#6090 = CARTESIAN_POINT('',(2.54,-3.4925));
#6091 = VECTOR('',#6092,1.);
#6092 = DIRECTION('',(1.,0.E+000));
#6093 = ( GEOMETRIC_REPRESENTATION_CONTEXT(2) 
PARAMETRIC_REPRESENTATION_CONTEXT() REPRESENTATION_CONTEXT('2D SPACE',''
  ) );
#6094 = ORIENTED_EDGE('',*,*,#3804,.F.);
#6095 = ADVANCED_FACE('',(#6096),#3850,.T.);
#6096 = FACE_BOUND('',#6097,.T.);
#6097 = EDGE_LOOP('',(#6098,#6099,#6122,#6143));
#6098 = ORIENTED_EDGE('',*,*,#6074,.T.);
#6099 = ORIENTED_EDGE('',*,*,#6100,.T.);
#6100 = EDGE_CURVE('',#6052,#6101,#6103,.T.);
#6101 = VERTEX_POINT('',#6102);
#6102 = CARTESIAN_POINT('',(-0.9525,8.1915,0.3175));
#6103 = SURFACE_CURVE('',#6104,(#6108,#6115),.PCURVE_S1.);
#6104 = LINE('',#6105,#6106);
#6105 = CARTESIAN_POINT('',(-0.9525,8.1915,-0.3175));
#6106 = VECTOR('',#6107,1.);
#6107 = DIRECTION('',(0.E+000,0.E+000,1.));
#6108 = PCURVE('',#3850,#6109);
#6109 = DEFINITIONAL_REPRESENTATION('',(#6110),#6114);
#6110 = LINE('',#6111,#6112);
#6111 = CARTESIAN_POINT('',(9.144,-3.4925));
#6112 = VECTOR('',#6113,1.);
#6113 = DIRECTION('',(0.E+000,1.));
#6114 = ( GEOMETRIC_REPRESENTATION_CONTEXT(2) 
PARAMETRIC_REPRESENTATION_CONTEXT() REPRESENTATION_CONTEXT('2D SPACE',''
  ) );
#6115 = PCURVE('',#5782,#6116);
#6116 = DEFINITIONAL_REPRESENTATION('',(#6117),#6121);
#6117 = LINE('',#6118,#6119);
#6118 = CARTESIAN_POINT('',(0.635,0.E+000));
#6119 = VECTOR('',#6120,1.);
#6120 = DIRECTION('',(0.E+000,-1.));
#6121 = ( GEOMETRIC_REPRESENTATION_CONTEXT(2) 
PARAMETRIC_REPRESENTATION_CONTEXT() REPRESENTATION_CONTEXT('2D SPACE',''
  ) );
#6122 = ORIENTED_EDGE('',*,*,#6123,.T.);
#6123 = EDGE_CURVE('',#6101,#3835,#6124,.T.);
#6124 = SURFACE_CURVE('',#6125,(#6129,#6136),.PCURVE_S1.);
#6125 = LINE('',#6126,#6127);
#6126 = CARTESIAN_POINT('',(-0.9525,8.1915,0.3175));
#6127 = VECTOR('',#6128,1.);
#6128 = DIRECTION('',(0.E+000,-1.,0.E+000));
#6129 = PCURVE('',#3850,#6130);
#6130 = DEFINITIONAL_REPRESENTATION('',(#6131),#6135);
#6131 = LINE('',#6132,#6133);
#6132 = CARTESIAN_POINT('',(9.144,-2.8575));
#6133 = VECTOR('',#6134,1.);
#6134 = DIRECTION('',(-1.,0.E+000));
#6135 = ( GEOMETRIC_REPRESENTATION_CONTEXT(2) 
PARAMETRIC_REPRESENTATION_CONTEXT() REPRESENTATION_CONTEXT('2D SPACE',''
  ) );
#6136 = PCURVE('',#3878,#6137);
#6137 = DEFINITIONAL_REPRESENTATION('',(#6138),#6142);
#6138 = LINE('',#6139,#6140);
#6139 = CARTESIAN_POINT('',(0.635,0.E+000));
#6140 = VECTOR('',#6141,1.);
#6141 = DIRECTION('',(0.E+000,-1.));
#6142 = ( GEOMETRIC_REPRESENTATION_CONTEXT(2) 
PARAMETRIC_REPRESENTATION_CONTEXT() REPRESENTATION_CONTEXT('2D SPACE',''
  ) );
#6143 = ORIENTED_EDGE('',*,*,#3834,.T.);
#6144 = ADVANCED_FACE('',(#6145),#6159,.T.);
#6145 = FACE_BOUND('',#6146,.T.);
#6146 = EDGE_LOOP('',(#6147,#6177,#6204,#6227,#6250,#6273,#6296,#6319));
#6147 = ORIENTED_EDGE('',*,*,#6148,.T.);
#6148 = EDGE_CURVE('',#6149,#6151,#6153,.T.);
#6149 = VERTEX_POINT('',#6150);
#6150 = CARTESIAN_POINT('',(-0.9525,-0.9525,0.3175));
#6151 = VERTEX_POINT('',#6152);
#6152 = CARTESIAN_POINT('',(-0.9525,-2.8321,0.3175));
#6153 = SURFACE_CURVE('',#6154,(#6158,#6170),.PCURVE_S1.);
#6154 = LINE('',#6155,#6156);
#6155 = CARTESIAN_POINT('',(-0.9525,-0.9525,0.3175));
#6156 = VECTOR('',#6157,1.);
#6157 = DIRECTION('',(0.E+000,-1.,0.E+000));
#6158 = PCURVE('',#6159,#6164);
#6159 = PLANE('',#6160);
#6160 = AXIS2_PLACEMENT_3D('',#6161,#6162,#6163);
#6161 = CARTESIAN_POINT('',(-0.9525,-0.9525,3.175));
#6162 = DIRECTION('',(1.,0.E+000,0.E+000));
#6163 = DIRECTION('',(0.E+000,1.,0.E+000));
#6164 = DEFINITIONAL_REPRESENTATION('',(#6165),#6169);
#6165 = LINE('',#6166,#6167);
#6166 = CARTESIAN_POINT('',(0.E+000,-2.8575));
#6167 = VECTOR('',#6168,1.);
#6168 = DIRECTION('',(-1.,0.E+000));
#6169 = ( GEOMETRIC_REPRESENTATION_CONTEXT(2) 
PARAMETRIC_REPRESENTATION_CONTEXT() REPRESENTATION_CONTEXT('2D SPACE',''
  ) );
#6170 = PCURVE('',#6014,#6171);
#6171 = DEFINITIONAL_REPRESENTATION('',(#6172),#6176);
#6172 = LINE('',#6173,#6174);
#6173 = CARTESIAN_POINT('',(0.635,0.E+000));
#6174 = VECTOR('',#6175,1.);
#6175 = DIRECTION('',(0.E+000,-1.));
#6176 = ( GEOMETRIC_REPRESENTATION_CONTEXT(2) 
PARAMETRIC_REPRESENTATION_CONTEXT() REPRESENTATION_CONTEXT('2D SPACE',''
  ) );
#6177 = ORIENTED_EDGE('',*,*,#6178,.T.);
#6178 = EDGE_CURVE('',#6151,#6179,#6181,.T.);
#6179 = VERTEX_POINT('',#6180);
#6180 = CARTESIAN_POINT('',(-0.9525,-4.0005,1.4859));
#6181 = SURFACE_CURVE('',#6182,(#6187,#6198),.PCURVE_S1.);
#6182 = CIRCLE('',#6183,1.1684);
#6183 = AXIS2_PLACEMENT_3D('',#6184,#6185,#6186);
#6184 = CARTESIAN_POINT('',(-0.9525,-2.8321,1.4859));
#6185 = DIRECTION('',(-1.,0.E+000,0.E+000));
#6186 = DIRECTION('',(0.E+000,0.E+000,-1.));
#6187 = PCURVE('',#6159,#6188);
#6188 = DEFINITIONAL_REPRESENTATION('',(#6189),#6197);
#6189 = ( BOUNDED_CURVE() B_SPLINE_CURVE(2,(#6190,#6191,#6192,#6193,
#6194,#6195,#6196),.UNSPECIFIED.,.T.,.F.) B_SPLINE_CURVE_WITH_KNOTS((1,2
    ,2,2,2,1),(-2.094395102393,0.E+000,2.094395102393,4.188790204786,
6.28318530718,8.377580409573),.UNSPECIFIED.) CURVE() 
GEOMETRIC_REPRESENTATION_ITEM() RATIONAL_B_SPLINE_CURVE((1.,0.5,1.,0.5,
1.,0.5,1.)) REPRESENTATION_ITEM('') );
#6190 = CARTESIAN_POINT('',(-1.8796,-2.8575));
#6191 = CARTESIAN_POINT('',(-3.903328163563,-2.8575));
#6192 = CARTESIAN_POINT('',(-2.891464081782,-1.1049));
#6193 = CARTESIAN_POINT('',(-1.8796,0.6477));
#6194 = CARTESIAN_POINT('',(-0.867735918218,-1.1049));
#6195 = CARTESIAN_POINT('',(0.144128163563,-2.8575));
#6196 = CARTESIAN_POINT('',(-1.8796,-2.8575));
#6197 = ( GEOMETRIC_REPRESENTATION_CONTEXT(2) 
PARAMETRIC_REPRESENTATION_CONTEXT() REPRESENTATION_CONTEXT('2D SPACE',''
  ) );
#6198 = PCURVE('',#5987,#6199);
#6199 = DEFINITIONAL_REPRESENTATION('',(#6200),#6203);
#6200 = B_SPLINE_CURVE_WITH_KNOTS('',1,(#6201,#6202),.UNSPECIFIED.,.F.,
  .F.,(2,2),(0.E+000,1.570796326795),.PIECEWISE_BEZIER_KNOTS.);
#6201 = CARTESIAN_POINT('',(0.E+000,-0.635));
#6202 = CARTESIAN_POINT('',(1.570796326795,-0.635));
#6203 = ( GEOMETRIC_REPRESENTATION_CONTEXT(2) 
PARAMETRIC_REPRESENTATION_CONTEXT() REPRESENTATION_CONTEXT('2D SPACE',''
  ) );
#6204 = ORIENTED_EDGE('',*,*,#6205,.T.);
#6205 = EDGE_CURVE('',#6179,#6206,#6208,.T.);
#6206 = VERTEX_POINT('',#6207);
#6207 = CARTESIAN_POINT('',(-0.9525,-4.0005,6.7564));
#6208 = SURFACE_CURVE('',#6209,(#6213,#6220),.PCURVE_S1.);
#6209 = LINE('',#6210,#6211);
#6210 = CARTESIAN_POINT('',(-0.9525,-4.0005,1.4859));
#6211 = VECTOR('',#6212,1.);
#6212 = DIRECTION('',(0.E+000,0.E+000,1.));
#6213 = PCURVE('',#6159,#6214);
#6214 = DEFINITIONAL_REPRESENTATION('',(#6215),#6219);
#6215 = LINE('',#6216,#6217);
#6216 = CARTESIAN_POINT('',(-3.048,-1.6891));
#6217 = VECTOR('',#6218,1.);
#6218 = DIRECTION('',(0.E+000,1.));
#6219 = ( GEOMETRIC_REPRESENTATION_CONTEXT(2) 
PARAMETRIC_REPRESENTATION_CONTEXT() REPRESENTATION_CONTEXT('2D SPACE',''
  ) );
#6220 = PCURVE('',#5954,#6221);
#6221 = DEFINITIONAL_REPRESENTATION('',(#6222),#6226);
#6222 = LINE('',#6223,#6224);
#6223 = CARTESIAN_POINT('',(0.635,0.E+000));
#6224 = VECTOR('',#6225,1.);
#6225 = DIRECTION('',(0.E+000,-1.));
#6226 = ( GEOMETRIC_REPRESENTATION_CONTEXT(2) 
PARAMETRIC_REPRESENTATION_CONTEXT() REPRESENTATION_CONTEXT('2D SPACE',''
  ) );
#6227 = ORIENTED_EDGE('',*,*,#6228,.T.);
#6228 = EDGE_CURVE('',#6206,#6229,#6231,.T.);
#6229 = VERTEX_POINT('',#6230);
#6230 = CARTESIAN_POINT('',(-0.9525,-4.6355,6.7564));
#6231 = SURFACE_CURVE('',#6232,(#6236,#6243),.PCURVE_S1.);
#6232 = LINE('',#6233,#6234);
#6233 = CARTESIAN_POINT('',(-0.9525,-4.0005,6.7564));
#6234 = VECTOR('',#6235,1.);
#6235 = DIRECTION('',(0.E+000,-1.,0.E+000));
#6236 = PCURVE('',#6159,#6237);
#6237 = DEFINITIONAL_REPRESENTATION('',(#6238),#6242);
#6238 = LINE('',#6239,#6240);
#6239 = CARTESIAN_POINT('',(-3.048,3.5814));
#6240 = VECTOR('',#6241,1.);
#6241 = DIRECTION('',(-1.,0.E+000));
#6242 = ( GEOMETRIC_REPRESENTATION_CONTEXT(2) 
PARAMETRIC_REPRESENTATION_CONTEXT() REPRESENTATION_CONTEXT('2D SPACE',''
  ) );
#6243 = PCURVE('',#5926,#6244);
#6244 = DEFINITIONAL_REPRESENTATION('',(#6245),#6249);
#6245 = LINE('',#6246,#6247);
#6246 = CARTESIAN_POINT('',(0.635,0.E+000));
#6247 = VECTOR('',#6248,1.);
#6248 = DIRECTION('',(0.E+000,-1.));
#6249 = ( GEOMETRIC_REPRESENTATION_CONTEXT(2) 
PARAMETRIC_REPRESENTATION_CONTEXT() REPRESENTATION_CONTEXT('2D SPACE',''
  ) );
#6250 = ORIENTED_EDGE('',*,*,#6251,.T.);
#6251 = EDGE_CURVE('',#6229,#6252,#6254,.T.);
#6252 = VERTEX_POINT('',#6253);
#6253 = CARTESIAN_POINT('',(-0.9525,-4.6355,1.4859));
#6254 = SURFACE_CURVE('',#6255,(#6259,#6266),.PCURVE_S1.);
#6255 = LINE('',#6256,#6257);
#6256 = CARTESIAN_POINT('',(-0.9525,-4.6355,6.7564));
#6257 = VECTOR('',#6258,1.);
#6258 = DIRECTION('',(0.E+000,0.E+000,-1.));
#6259 = PCURVE('',#6159,#6260);
#6260 = DEFINITIONAL_REPRESENTATION('',(#6261),#6265);
#6261 = LINE('',#6262,#6263);
#6262 = CARTESIAN_POINT('',(-3.683,3.5814));
#6263 = VECTOR('',#6264,1.);
#6264 = DIRECTION('',(0.E+000,-1.));
#6265 = ( GEOMETRIC_REPRESENTATION_CONTEXT(2) 
PARAMETRIC_REPRESENTATION_CONTEXT() REPRESENTATION_CONTEXT('2D SPACE',''
  ) );
#6266 = PCURVE('',#5898,#6267);
#6267 = DEFINITIONAL_REPRESENTATION('',(#6268),#6272);
#6268 = LINE('',#6269,#6270);
#6269 = CARTESIAN_POINT('',(0.E+000,0.635));
#6270 = VECTOR('',#6271,1.);
#6271 = DIRECTION('',(1.,0.E+000));
#6272 = ( GEOMETRIC_REPRESENTATION_CONTEXT(2) 
PARAMETRIC_REPRESENTATION_CONTEXT() REPRESENTATION_CONTEXT('2D SPACE',''
  ) );
#6273 = ORIENTED_EDGE('',*,*,#6274,.T.);
#6274 = EDGE_CURVE('',#6252,#6275,#6277,.T.);
#6275 = VERTEX_POINT('',#6276);
#6276 = CARTESIAN_POINT('',(-0.9525,-2.8321,-0.3175));
#6277 = SURFACE_CURVE('',#6278,(#6283,#6290),.PCURVE_S1.);
#6278 = CIRCLE('',#6279,1.8034);
#6279 = AXIS2_PLACEMENT_3D('',#6280,#6281,#6282);
#6280 = CARTESIAN_POINT('',(-0.9525,-2.8321,1.4859));
#6281 = DIRECTION('',(1.,0.E+000,0.E+000));
#6282 = DIRECTION('',(0.E+000,-1.,0.E+000));
#6283 = PCURVE('',#6159,#6284);
#6284 = DEFINITIONAL_REPRESENTATION('',(#6285),#6289);
#6285 = CIRCLE('',#6286,1.8034);
#6286 = AXIS2_PLACEMENT_2D('',#6287,#6288);
#6287 = CARTESIAN_POINT('',(-1.8796,-1.6891));
#6288 = DIRECTION('',(-1.,0.E+000));
#6289 = ( GEOMETRIC_REPRESENTATION_CONTEXT(2) 
PARAMETRIC_REPRESENTATION_CONTEXT() REPRESENTATION_CONTEXT('2D SPACE',''
  ) );
#6290 = PCURVE('',#5871,#6291);
#6291 = DEFINITIONAL_REPRESENTATION('',(#6292),#6295);
#6292 = B_SPLINE_CURVE_WITH_KNOTS('',1,(#6293,#6294),.UNSPECIFIED.,.F.,
  .F.,(2,2),(0.E+000,1.570796326795),.PIECEWISE_BEZIER_KNOTS.);
#6293 = CARTESIAN_POINT('',(1.570796326795,-0.635));
#6294 = CARTESIAN_POINT('',(0.E+000,-0.635));
#6295 = ( GEOMETRIC_REPRESENTATION_CONTEXT(2) 
PARAMETRIC_REPRESENTATION_CONTEXT() REPRESENTATION_CONTEXT('2D SPACE',''
  ) );
#6296 = ORIENTED_EDGE('',*,*,#6297,.T.);
#6297 = EDGE_CURVE('',#6275,#6298,#6300,.T.);
#6298 = VERTEX_POINT('',#6299);
#6299 = CARTESIAN_POINT('',(-0.9525,-0.9525,-0.3175));
#6300 = SURFACE_CURVE('',#6301,(#6305,#6312),.PCURVE_S1.);
#6301 = LINE('',#6302,#6303);
#6302 = CARTESIAN_POINT('',(-0.9525,-2.8321,-0.3175));
#6303 = VECTOR('',#6304,1.);
#6304 = DIRECTION('',(0.E+000,1.,0.E+000));
#6305 = PCURVE('',#6159,#6306);
#6306 = DEFINITIONAL_REPRESENTATION('',(#6307),#6311);
#6307 = LINE('',#6308,#6309);
#6308 = CARTESIAN_POINT('',(-1.8796,-3.4925));
#6309 = VECTOR('',#6310,1.);
#6310 = DIRECTION('',(1.,0.E+000));
#6311 = ( GEOMETRIC_REPRESENTATION_CONTEXT(2) 
PARAMETRIC_REPRESENTATION_CONTEXT() REPRESENTATION_CONTEXT('2D SPACE',''
  ) );
#6312 = PCURVE('',#5842,#6313);
#6313 = DEFINITIONAL_REPRESENTATION('',(#6314),#6318);
#6314 = LINE('',#6315,#6316);
#6315 = CARTESIAN_POINT('',(0.E+000,-0.635));
#6316 = VECTOR('',#6317,1.);
#6317 = DIRECTION('',(-1.,0.E+000));
#6318 = ( GEOMETRIC_REPRESENTATION_CONTEXT(2) 
PARAMETRIC_REPRESENTATION_CONTEXT() REPRESENTATION_CONTEXT('2D SPACE',''
  ) );
#6319 = ORIENTED_EDGE('',*,*,#6320,.F.);
#6320 = EDGE_CURVE('',#6149,#6298,#6321,.T.);
#6321 = SURFACE_CURVE('',#6322,(#6326,#6333),.PCURVE_S1.);
#6322 = LINE('',#6323,#6324);
#6323 = CARTESIAN_POINT('',(-0.9525,-0.9525,0.3175));
#6324 = VECTOR('',#6325,1.);
#6325 = DIRECTION('',(0.E+000,0.E+000,-1.));
#6326 = PCURVE('',#6159,#6327);
#6327 = DEFINITIONAL_REPRESENTATION('',(#6328),#6332);
#6328 = LINE('',#6329,#6330);
#6329 = CARTESIAN_POINT('',(0.E+000,-2.8575));
#6330 = VECTOR('',#6331,1.);
#6331 = DIRECTION('',(0.E+000,-1.));
#6332 = ( GEOMETRIC_REPRESENTATION_CONTEXT(2) 
PARAMETRIC_REPRESENTATION_CONTEXT() REPRESENTATION_CONTEXT('2D SPACE',''
  ) );
#6333 = PCURVE('',#1971,#6334);
#6334 = DEFINITIONAL_REPRESENTATION('',(#6335),#6339);
#6335 = LINE('',#6336,#6337);
#6336 = CARTESIAN_POINT('',(-0.127,2.8575));
#6337 = VECTOR('',#6338,1.);
#6338 = DIRECTION('',(0.E+000,1.));
#6339 = ( GEOMETRIC_REPRESENTATION_CONTEXT(2) 
PARAMETRIC_REPRESENTATION_CONTEXT() REPRESENTATION_CONTEXT('2D SPACE',''
  ) );
#6340 = ADVANCED_FACE('',(#6341),#3878,.T.);
#6341 = FACE_BOUND('',#6342,.T.);
#6342 = EDGE_LOOP('',(#6343,#6344,#6365,#6366));
#6343 = ORIENTED_EDGE('',*,*,#6123,.F.);
#6344 = ORIENTED_EDGE('',*,*,#6345,.F.);
#6345 = EDGE_CURVE('',#5744,#6101,#6346,.T.);
#6346 = SURFACE_CURVE('',#6347,(#6351,#6358),.PCURVE_S1.);
#6347 = LINE('',#6348,#6349);
#6348 = CARTESIAN_POINT('',(-1.5875,8.1915,0.3175));
#6349 = VECTOR('',#6350,1.);
#6350 = DIRECTION('',(1.,0.E+000,0.E+000));
#6351 = PCURVE('',#3878,#6352);
#6352 = DEFINITIONAL_REPRESENTATION('',(#6353),#6357);
#6353 = LINE('',#6354,#6355);
#6354 = CARTESIAN_POINT('',(0.E+000,0.E+000));
#6355 = VECTOR('',#6356,1.);
#6356 = DIRECTION('',(1.,0.E+000));
#6357 = ( GEOMETRIC_REPRESENTATION_CONTEXT(2) 
PARAMETRIC_REPRESENTATION_CONTEXT() REPRESENTATION_CONTEXT('2D SPACE',''
  ) );
#6358 = PCURVE('',#5782,#6359);
#6359 = DEFINITIONAL_REPRESENTATION('',(#6360),#6364);
#6360 = LINE('',#6361,#6362);
#6361 = CARTESIAN_POINT('',(0.E+000,-0.635));
#6362 = VECTOR('',#6363,1.);
#6363 = DIRECTION('',(1.,0.E+000));
#6364 = ( GEOMETRIC_REPRESENTATION_CONTEXT(2) 
PARAMETRIC_REPRESENTATION_CONTEXT() REPRESENTATION_CONTEXT('2D SPACE',''
  ) );
#6365 = ORIENTED_EDGE('',*,*,#5743,.T.);
#6366 = ORIENTED_EDGE('',*,*,#3862,.T.);
#6367 = ADVANCED_FACE('',(#6368),#5782,.T.);
#6368 = FACE_BOUND('',#6369,.T.);
#6369 = EDGE_LOOP('',(#6370,#6371,#6372,#6373));
#6370 = ORIENTED_EDGE('',*,*,#6345,.T.);
#6371 = ORIENTED_EDGE('',*,*,#6100,.F.);
#6372 = ORIENTED_EDGE('',*,*,#6051,.F.);
#6373 = ORIENTED_EDGE('',*,*,#5766,.T.);
#6374 = ADVANCED_FACE('',(#6375,#6421),#1971,.F.);
#6375 = FACE_BOUND('',#6376,.T.);
#6376 = EDGE_LOOP('',(#6377,#6398,#6399,#6420));
#6377 = ORIENTED_EDGE('',*,*,#6378,.F.);
#6378 = EDGE_CURVE('',#1956,#2844,#6379,.T.);
#6379 = SURFACE_CURVE('',#6380,(#6384,#6391),.PCURVE_S1.);
#6380 = LINE('',#6381,#6382);
#6381 = CARTESIAN_POINT('',(-0.8255,-0.9525,3.175));
#6382 = VECTOR('',#6383,1.);
#6383 = DIRECTION('',(0.E+000,0.E+000,-1.));
#6384 = PCURVE('',#1971,#6385);
#6385 = DEFINITIONAL_REPRESENTATION('',(#6386),#6390);
#6386 = LINE('',#6387,#6388);
#6387 = CARTESIAN_POINT('',(0.E+000,0.E+000));
#6388 = VECTOR('',#6389,1.);
#6389 = DIRECTION('',(0.E+000,1.));
#6390 = ( GEOMETRIC_REPRESENTATION_CONTEXT(2) 
PARAMETRIC_REPRESENTATION_CONTEXT() REPRESENTATION_CONTEXT('2D SPACE',''
  ) );
#6391 = PCURVE('',#1999,#6392);
#6392 = DEFINITIONAL_REPRESENTATION('',(#6393),#6397);
#6393 = LINE('',#6394,#6395);
#6394 = CARTESIAN_POINT('',(0.635,0.E+000));
#6395 = VECTOR('',#6396,1.);
#6396 = DIRECTION('',(0.E+000,-1.));
#6397 = ( GEOMETRIC_REPRESENTATION_CONTEXT(2) 
PARAMETRIC_REPRESENTATION_CONTEXT() REPRESENTATION_CONTEXT('2D SPACE',''
  ) );
#6398 = ORIENTED_EDGE('',*,*,#1955,.T.);
#6399 = ORIENTED_EDGE('',*,*,#6400,.T.);
#6400 = EDGE_CURVE('',#1928,#2867,#6401,.T.);
#6401 = SURFACE_CURVE('',#6402,(#6406,#6413),.PCURVE_S1.);
#6402 = LINE('',#6403,#6404);
#6403 = CARTESIAN_POINT('',(-1.7145,-0.9525,3.175));
#6404 = VECTOR('',#6405,1.);
#6405 = DIRECTION('',(0.E+000,0.E+000,-1.));
#6406 = PCURVE('',#1971,#6407);
#6407 = DEFINITIONAL_REPRESENTATION('',(#6408),#6412);
#6408 = LINE('',#6409,#6410);
#6409 = CARTESIAN_POINT('',(-0.889,0.E+000));
#6410 = VECTOR('',#6411,1.);
#6411 = DIRECTION('',(0.E+000,1.));
#6412 = ( GEOMETRIC_REPRESENTATION_CONTEXT(2) 
PARAMETRIC_REPRESENTATION_CONTEXT() REPRESENTATION_CONTEXT('2D SPACE',''
  ) );
#6413 = PCURVE('',#1943,#6414);
#6414 = DEFINITIONAL_REPRESENTATION('',(#6415),#6419);
#6415 = LINE('',#6416,#6417);
#6416 = CARTESIAN_POINT('',(0.E+000,0.E+000));
#6417 = VECTOR('',#6418,1.);
#6418 = DIRECTION('',(-1.,0.E+000));
#6419 = ( GEOMETRIC_REPRESENTATION_CONTEXT(2) 
PARAMETRIC_REPRESENTATION_CONTEXT() REPRESENTATION_CONTEXT('2D SPACE',''
  ) );
#6420 = ORIENTED_EDGE('',*,*,#2866,.F.);
#6421 = FACE_BOUND('',#6422,.T.);
#6422 = EDGE_LOOP('',(#6423,#6444,#6445,#6466));
#6423 = ORIENTED_EDGE('',*,*,#6424,.T.);
#6424 = EDGE_CURVE('',#5999,#6149,#6425,.T.);
#6425 = SURFACE_CURVE('',#6426,(#6430,#6437),.PCURVE_S1.);
#6426 = LINE('',#6427,#6428);
#6427 = CARTESIAN_POINT('',(-1.5875,-0.9525,0.3175));
#6428 = VECTOR('',#6429,1.);
#6429 = DIRECTION('',(1.,0.E+000,0.E+000));
#6430 = PCURVE('',#1971,#6431);
#6431 = DEFINITIONAL_REPRESENTATION('',(#6432),#6436);
#6432 = LINE('',#6433,#6434);
#6433 = CARTESIAN_POINT('',(-0.762,2.8575));
#6434 = VECTOR('',#6435,1.);
#6435 = DIRECTION('',(1.,0.E+000));
#6436 = ( GEOMETRIC_REPRESENTATION_CONTEXT(2) 
PARAMETRIC_REPRESENTATION_CONTEXT() REPRESENTATION_CONTEXT('2D SPACE',''
  ) );
#6437 = PCURVE('',#6014,#6438);
#6438 = DEFINITIONAL_REPRESENTATION('',(#6439),#6443);
#6439 = LINE('',#6440,#6441);
#6440 = CARTESIAN_POINT('',(0.E+000,0.E+000));
#6441 = VECTOR('',#6442,1.);
#6442 = DIRECTION('',(1.,0.E+000));
#6443 = ( GEOMETRIC_REPRESENTATION_CONTEXT(2) 
PARAMETRIC_REPRESENTATION_CONTEXT() REPRESENTATION_CONTEXT('2D SPACE',''
  ) );
#6444 = ORIENTED_EDGE('',*,*,#6320,.T.);
#6445 = ORIENTED_EDGE('',*,*,#6446,.F.);
#6446 = EDGE_CURVE('',#5822,#6298,#6447,.T.);
#6447 = SURFACE_CURVE('',#6448,(#6452,#6459),.PCURVE_S1.);
#6448 = LINE('',#6449,#6450);
#6449 = CARTESIAN_POINT('',(-1.5875,-0.9525,-0.3175));
#6450 = VECTOR('',#6451,1.);
#6451 = DIRECTION('',(1.,0.E+000,0.E+000));
#6452 = PCURVE('',#1971,#6453);
#6453 = DEFINITIONAL_REPRESENTATION('',(#6454),#6458);
#6454 = LINE('',#6455,#6456);
#6455 = CARTESIAN_POINT('',(-0.762,3.4925));
#6456 = VECTOR('',#6457,1.);
#6457 = DIRECTION('',(1.,0.E+000));
#6458 = ( GEOMETRIC_REPRESENTATION_CONTEXT(2) 
PARAMETRIC_REPRESENTATION_CONTEXT() REPRESENTATION_CONTEXT('2D SPACE',''
  ) );
#6459 = PCURVE('',#5842,#6460);
#6460 = DEFINITIONAL_REPRESENTATION('',(#6461),#6465);
#6461 = LINE('',#6462,#6463);
#6462 = CARTESIAN_POINT('',(-1.8796,0.E+000));
#6463 = VECTOR('',#6464,1.);
#6464 = DIRECTION('',(0.E+000,-1.));
#6465 = ( GEOMETRIC_REPRESENTATION_CONTEXT(2) 
PARAMETRIC_REPRESENTATION_CONTEXT() REPRESENTATION_CONTEXT('2D SPACE',''
  ) );
#6466 = ORIENTED_EDGE('',*,*,#6026,.F.);
#6467 = ADVANCED_FACE('',(#6468),#1943,.F.);
#6468 = FACE_BOUND('',#6469,.T.);
#6469 = EDGE_LOOP('',(#6470,#6471,#6472,#6473));
#6470 = ORIENTED_EDGE('',*,*,#2889,.T.);
#6471 = ORIENTED_EDGE('',*,*,#6400,.F.);
#6472 = ORIENTED_EDGE('',*,*,#1927,.F.);
#6473 = ORIENTED_EDGE('',*,*,#2347,.T.);
#6474 = ADVANCED_FACE('',(#6475),#1999,.F.);
#6475 = FACE_BOUND('',#6476,.T.);
#6476 = EDGE_LOOP('',(#6477,#6478,#6479,#6480));
#6477 = ORIENTED_EDGE('',*,*,#1983,.T.);
#6478 = ORIENTED_EDGE('',*,*,#6378,.T.);
#6479 = ORIENTED_EDGE('',*,*,#2843,.F.);
#6480 = ORIENTED_EDGE('',*,*,#2372,.F.);
#6481 = ADVANCED_FACE('',(#6482),#5842,.T.);
#6482 = FACE_BOUND('',#6483,.T.);
#6483 = EDGE_LOOP('',(#6484,#6485,#6505,#6506));
#6484 = ORIENTED_EDGE('',*,*,#6297,.F.);
#6485 = ORIENTED_EDGE('',*,*,#6486,.F.);
#6486 = EDGE_CURVE('',#5820,#6275,#6487,.T.);
#6487 = SURFACE_CURVE('',#6488,(#6492,#6499),.PCURVE_S1.);
#6488 = LINE('',#6489,#6490);
#6489 = CARTESIAN_POINT('',(-1.5875,-2.8321,-0.3175));
#6490 = VECTOR('',#6491,1.);
#6491 = DIRECTION('',(1.,0.E+000,0.E+000));
#6492 = PCURVE('',#5842,#6493);
#6493 = DEFINITIONAL_REPRESENTATION('',(#6494),#6498);
#6494 = LINE('',#6495,#6496);
#6495 = CARTESIAN_POINT('',(0.E+000,0.E+000));
#6496 = VECTOR('',#6497,1.);
#6497 = DIRECTION('',(0.E+000,-1.));
#6498 = ( GEOMETRIC_REPRESENTATION_CONTEXT(2) 
PARAMETRIC_REPRESENTATION_CONTEXT() REPRESENTATION_CONTEXT('2D SPACE',''
  ) );
#6499 = PCURVE('',#5871,#6500);
#6500 = DEFINITIONAL_REPRESENTATION('',(#6501),#6504);
#6501 = B_SPLINE_CURVE_WITH_KNOTS('',1,(#6502,#6503),.UNSPECIFIED.,.F.,
  .F.,(2,2),(0.E+000,0.635),.PIECEWISE_BEZIER_KNOTS.);
#6502 = CARTESIAN_POINT('',(0.E+000,0.E+000));
#6503 = CARTESIAN_POINT('',(0.E+000,-0.635));
#6504 = ( GEOMETRIC_REPRESENTATION_CONTEXT(2) 
PARAMETRIC_REPRESENTATION_CONTEXT() REPRESENTATION_CONTEXT('2D SPACE',''
  ) );
#6505 = ORIENTED_EDGE('',*,*,#5819,.T.);
#6506 = ORIENTED_EDGE('',*,*,#6446,.T.);
#6507 = ADVANCED_FACE('',(#6508),#5871,.T.);
#6508 = FACE_BOUND('',#6509,.T.);
#6509 = EDGE_LOOP('',(#6510,#6511,#6512,#6532));
#6510 = ORIENTED_EDGE('',*,*,#6486,.T.);
#6511 = ORIENTED_EDGE('',*,*,#6274,.F.);
#6512 = ORIENTED_EDGE('',*,*,#6513,.F.);
#6513 = EDGE_CURVE('',#5855,#6252,#6514,.T.);
#6514 = SURFACE_CURVE('',#6515,(#6519,#6525),.PCURVE_S1.);
#6515 = LINE('',#6516,#6517);
#6516 = CARTESIAN_POINT('',(-1.5875,-4.6355,1.4859));
#6517 = VECTOR('',#6518,1.);
#6518 = DIRECTION('',(1.,0.E+000,0.E+000));
#6519 = PCURVE('',#5871,#6520);
#6520 = DEFINITIONAL_REPRESENTATION('',(#6521),#6524);
#6521 = B_SPLINE_CURVE_WITH_KNOTS('',1,(#6522,#6523),.UNSPECIFIED.,.F.,
  .F.,(2,2),(0.E+000,0.635),.PIECEWISE_BEZIER_KNOTS.);
#6522 = CARTESIAN_POINT('',(1.570796326795,0.E+000));
#6523 = CARTESIAN_POINT('',(1.570796326795,-0.635));
#6524 = ( GEOMETRIC_REPRESENTATION_CONTEXT(2) 
PARAMETRIC_REPRESENTATION_CONTEXT() REPRESENTATION_CONTEXT('2D SPACE',''
  ) );
#6525 = PCURVE('',#5898,#6526);
#6526 = DEFINITIONAL_REPRESENTATION('',(#6527),#6531);
#6527 = LINE('',#6528,#6529);
#6528 = CARTESIAN_POINT('',(5.2705,0.E+000));
#6529 = VECTOR('',#6530,1.);
#6530 = DIRECTION('',(0.E+000,1.));
#6531 = ( GEOMETRIC_REPRESENTATION_CONTEXT(2) 
PARAMETRIC_REPRESENTATION_CONTEXT() REPRESENTATION_CONTEXT('2D SPACE',''
  ) );
#6532 = ORIENTED_EDGE('',*,*,#5854,.T.);
#6533 = ADVANCED_FACE('',(#6534),#5898,.T.);
#6534 = FACE_BOUND('',#6535,.T.);
#6535 = EDGE_LOOP('',(#6536,#6537,#6538,#6559));
#6536 = ORIENTED_EDGE('',*,*,#6513,.T.);
#6537 = ORIENTED_EDGE('',*,*,#6251,.F.);
#6538 = ORIENTED_EDGE('',*,*,#6539,.F.);
#6539 = EDGE_CURVE('',#5883,#6229,#6540,.T.);
#6540 = SURFACE_CURVE('',#6541,(#6545,#6552),.PCURVE_S1.);
#6541 = LINE('',#6542,#6543);
#6542 = CARTESIAN_POINT('',(-1.5875,-4.6355,6.7564));
#6543 = VECTOR('',#6544,1.);
#6544 = DIRECTION('',(1.,0.E+000,0.E+000));
#6545 = PCURVE('',#5898,#6546);
#6546 = DEFINITIONAL_REPRESENTATION('',(#6547),#6551);
#6547 = LINE('',#6548,#6549);
#6548 = CARTESIAN_POINT('',(0.E+000,0.E+000));
#6549 = VECTOR('',#6550,1.);
#6550 = DIRECTION('',(0.E+000,1.));
#6551 = ( GEOMETRIC_REPRESENTATION_CONTEXT(2) 
PARAMETRIC_REPRESENTATION_CONTEXT() REPRESENTATION_CONTEXT('2D SPACE',''
  ) );
#6552 = PCURVE('',#5926,#6553);
#6553 = DEFINITIONAL_REPRESENTATION('',(#6554),#6558);
#6554 = LINE('',#6555,#6556);
#6555 = CARTESIAN_POINT('',(0.E+000,-0.635));
#6556 = VECTOR('',#6557,1.);
#6557 = DIRECTION('',(1.,0.E+000));
#6558 = ( GEOMETRIC_REPRESENTATION_CONTEXT(2) 
PARAMETRIC_REPRESENTATION_CONTEXT() REPRESENTATION_CONTEXT('2D SPACE',''
  ) );
#6559 = ORIENTED_EDGE('',*,*,#5882,.T.);
#6560 = ADVANCED_FACE('',(#6561),#5926,.T.);
#6561 = FACE_BOUND('',#6562,.T.);
#6562 = EDGE_LOOP('',(#6563,#6564,#6565,#6586));
#6563 = ORIENTED_EDGE('',*,*,#6539,.T.);
#6564 = ORIENTED_EDGE('',*,*,#6228,.F.);
#6565 = ORIENTED_EDGE('',*,*,#6566,.F.);
#6566 = EDGE_CURVE('',#5911,#6206,#6567,.T.);
#6567 = SURFACE_CURVE('',#6568,(#6572,#6579),.PCURVE_S1.);
#6568 = LINE('',#6569,#6570);
#6569 = CARTESIAN_POINT('',(-1.5875,-4.0005,6.7564));
#6570 = VECTOR('',#6571,1.);
#6571 = DIRECTION('',(1.,0.E+000,0.E+000));
#6572 = PCURVE('',#5926,#6573);
#6573 = DEFINITIONAL_REPRESENTATION('',(#6574),#6578);
#6574 = LINE('',#6575,#6576);
#6575 = CARTESIAN_POINT('',(0.E+000,0.E+000));
#6576 = VECTOR('',#6577,1.);
#6577 = DIRECTION('',(1.,0.E+000));
#6578 = ( GEOMETRIC_REPRESENTATION_CONTEXT(2) 
PARAMETRIC_REPRESENTATION_CONTEXT() REPRESENTATION_CONTEXT('2D SPACE',''
  ) );
#6579 = PCURVE('',#5954,#6580);
#6580 = DEFINITIONAL_REPRESENTATION('',(#6581),#6585);
#6581 = LINE('',#6582,#6583);
#6582 = CARTESIAN_POINT('',(0.E+000,-5.2705));
#6583 = VECTOR('',#6584,1.);
#6584 = DIRECTION('',(1.,0.E+000));
#6585 = ( GEOMETRIC_REPRESENTATION_CONTEXT(2) 
PARAMETRIC_REPRESENTATION_CONTEXT() REPRESENTATION_CONTEXT('2D SPACE',''
  ) );
#6586 = ORIENTED_EDGE('',*,*,#5910,.T.);
#6587 = ADVANCED_FACE('',(#6588),#5954,.T.);
#6588 = FACE_BOUND('',#6589,.T.);
#6589 = EDGE_LOOP('',(#6590,#6591,#6592,#6612));
#6590 = ORIENTED_EDGE('',*,*,#6566,.T.);
#6591 = ORIENTED_EDGE('',*,*,#6205,.F.);
#6592 = ORIENTED_EDGE('',*,*,#6593,.F.);
#6593 = EDGE_CURVE('',#5939,#6179,#6594,.T.);
#6594 = SURFACE_CURVE('',#6595,(#6599,#6606),.PCURVE_S1.);
#6595 = LINE('',#6596,#6597);
#6596 = CARTESIAN_POINT('',(-1.5875,-4.0005,1.4859));
#6597 = VECTOR('',#6598,1.);
#6598 = DIRECTION('',(1.,0.E+000,0.E+000));
#6599 = PCURVE('',#5954,#6600);
#6600 = DEFINITIONAL_REPRESENTATION('',(#6601),#6605);
#6601 = LINE('',#6602,#6603);
#6602 = CARTESIAN_POINT('',(0.E+000,0.E+000));
#6603 = VECTOR('',#6604,1.);
#6604 = DIRECTION('',(1.,0.E+000));
#6605 = ( GEOMETRIC_REPRESENTATION_CONTEXT(2) 
PARAMETRIC_REPRESENTATION_CONTEXT() REPRESENTATION_CONTEXT('2D SPACE',''
  ) );
#6606 = PCURVE('',#5987,#6607);
#6607 = DEFINITIONAL_REPRESENTATION('',(#6608),#6611);
#6608 = B_SPLINE_CURVE_WITH_KNOTS('',1,(#6609,#6610),.UNSPECIFIED.,.F.,
  .F.,(2,2),(0.E+000,0.635),.PIECEWISE_BEZIER_KNOTS.);
#6609 = CARTESIAN_POINT('',(1.570796326795,0.E+000));
#6610 = CARTESIAN_POINT('',(1.570796326795,-0.635));
#6611 = ( GEOMETRIC_REPRESENTATION_CONTEXT(2) 
PARAMETRIC_REPRESENTATION_CONTEXT() REPRESENTATION_CONTEXT('2D SPACE',''
  ) );
#6612 = ORIENTED_EDGE('',*,*,#5938,.T.);
#6613 = ADVANCED_FACE('',(#6614),#5987,.F.);
#6614 = FACE_BOUND('',#6615,.F.);
#6615 = EDGE_LOOP('',(#6616,#6617,#6618,#6638));
#6616 = ORIENTED_EDGE('',*,*,#6593,.F.);
#6617 = ORIENTED_EDGE('',*,*,#5966,.F.);
#6618 = ORIENTED_EDGE('',*,*,#6619,.T.);
#6619 = EDGE_CURVE('',#5967,#6151,#6620,.T.);
#6620 = SURFACE_CURVE('',#6621,(#6625,#6631),.PCURVE_S1.);
#6621 = LINE('',#6622,#6623);
#6622 = CARTESIAN_POINT('',(-1.5875,-2.8321,0.3175));
#6623 = VECTOR('',#6624,1.);
#6624 = DIRECTION('',(1.,0.E+000,0.E+000));
#6625 = PCURVE('',#5987,#6626);
#6626 = DEFINITIONAL_REPRESENTATION('',(#6627),#6630);
#6627 = B_SPLINE_CURVE_WITH_KNOTS('',1,(#6628,#6629),.UNSPECIFIED.,.F.,
  .F.,(2,2),(0.E+000,0.635),.PIECEWISE_BEZIER_KNOTS.);
#6628 = CARTESIAN_POINT('',(0.E+000,0.E+000));
#6629 = CARTESIAN_POINT('',(0.E+000,-0.635));
#6630 = ( GEOMETRIC_REPRESENTATION_CONTEXT(2) 
PARAMETRIC_REPRESENTATION_CONTEXT() REPRESENTATION_CONTEXT('2D SPACE',''
  ) );
#6631 = PCURVE('',#6014,#6632);
#6632 = DEFINITIONAL_REPRESENTATION('',(#6633),#6637);
#6633 = LINE('',#6634,#6635);
#6634 = CARTESIAN_POINT('',(0.E+000,-1.8796));
#6635 = VECTOR('',#6636,1.);
#6636 = DIRECTION('',(1.,0.E+000));
#6637 = ( GEOMETRIC_REPRESENTATION_CONTEXT(2) 
PARAMETRIC_REPRESENTATION_CONTEXT() REPRESENTATION_CONTEXT('2D SPACE',''
  ) );
#6638 = ORIENTED_EDGE('',*,*,#6178,.T.);
#6639 = ADVANCED_FACE('',(#6640),#6014,.T.);
#6640 = FACE_BOUND('',#6641,.T.);
#6641 = EDGE_LOOP('',(#6642,#6643,#6644,#6645));
#6642 = ORIENTED_EDGE('',*,*,#5998,.T.);
#6643 = ORIENTED_EDGE('',*,*,#6619,.T.);
#6644 = ORIENTED_EDGE('',*,*,#6148,.F.);
#6645 = ORIENTED_EDGE('',*,*,#6424,.F.);
#6646 = ADVANCED_FACE('',(#6647),#4018,.F.);
#6647 = FACE_BOUND('',#6648,.T.);
#6648 = EDGE_LOOP('',(#6649,#6672,#6700,#6721));
#6649 = ORIENTED_EDGE('',*,*,#6650,.F.);
#6650 = EDGE_CURVE('',#6651,#3977,#6653,.T.);
#6651 = VERTEX_POINT('',#6652);
#6652 = CARTESIAN_POINT('',(0.9525,8.1915,0.3175));
#6653 = SURFACE_CURVE('',#6654,(#6658,#6665),.PCURVE_S1.);
#6654 = LINE('',#6655,#6656);
#6655 = CARTESIAN_POINT('',(0.9525,8.1915,0.3175));
#6656 = VECTOR('',#6657,1.);
#6657 = DIRECTION('',(0.E+000,-1.,0.E+000));
#6658 = PCURVE('',#4018,#6659);
#6659 = DEFINITIONAL_REPRESENTATION('',(#6660),#6664);
#6660 = LINE('',#6661,#6662);
#6661 = CARTESIAN_POINT('',(9.144,-2.8575));
#6662 = VECTOR('',#6663,1.);
#6663 = DIRECTION('',(-1.,0.E+000));
#6664 = ( GEOMETRIC_REPRESENTATION_CONTEXT(2) 
PARAMETRIC_REPRESENTATION_CONTEXT() REPRESENTATION_CONTEXT('2D SPACE',''
  ) );
#6665 = PCURVE('',#3992,#6666);
#6666 = DEFINITIONAL_REPRESENTATION('',(#6667),#6671);
#6667 = LINE('',#6668,#6669);
#6668 = CARTESIAN_POINT('',(0.E+000,0.E+000));
#6669 = VECTOR('',#6670,1.);
#6670 = DIRECTION('',(0.E+000,-1.));
#6671 = ( GEOMETRIC_REPRESENTATION_CONTEXT(2) 
PARAMETRIC_REPRESENTATION_CONTEXT() REPRESENTATION_CONTEXT('2D SPACE',''
  ) );
#6672 = ORIENTED_EDGE('',*,*,#6673,.F.);
#6673 = EDGE_CURVE('',#6674,#6651,#6676,.T.);
#6674 = VERTEX_POINT('',#6675);
#6675 = CARTESIAN_POINT('',(0.9525,8.1915,-0.3175));
#6676 = SURFACE_CURVE('',#6677,(#6681,#6688),.PCURVE_S1.);
#6677 = LINE('',#6678,#6679);
#6678 = CARTESIAN_POINT('',(0.9525,8.1915,-0.3175));
#6679 = VECTOR('',#6680,1.);
#6680 = DIRECTION('',(0.E+000,0.E+000,1.));
#6681 = PCURVE('',#4018,#6682);
#6682 = DEFINITIONAL_REPRESENTATION('',(#6683),#6687);
#6683 = LINE('',#6684,#6685);
#6684 = CARTESIAN_POINT('',(9.144,-3.4925));
#6685 = VECTOR('',#6686,1.);
#6686 = DIRECTION('',(0.E+000,1.));
#6687 = ( GEOMETRIC_REPRESENTATION_CONTEXT(2) 
PARAMETRIC_REPRESENTATION_CONTEXT() REPRESENTATION_CONTEXT('2D SPACE',''
  ) );
#6688 = PCURVE('',#6689,#6694);
#6689 = PLANE('',#6690);
#6690 = AXIS2_PLACEMENT_3D('',#6691,#6692,#6693);
#6691 = CARTESIAN_POINT('',(0.9525,8.1915,-0.3175));
#6692 = DIRECTION('',(0.E+000,1.,0.E+000));
#6693 = DIRECTION('',(1.,0.E+000,0.E+000));
#6694 = DEFINITIONAL_REPRESENTATION('',(#6695),#6699);
#6695 = LINE('',#6696,#6697);
#6696 = CARTESIAN_POINT('',(0.E+000,0.E+000));
#6697 = VECTOR('',#6698,1.);
#6698 = DIRECTION('',(0.E+000,-1.));
#6699 = ( GEOMETRIC_REPRESENTATION_CONTEXT(2) 
PARAMETRIC_REPRESENTATION_CONTEXT() REPRESENTATION_CONTEXT('2D SPACE',''
  ) );
#6700 = ORIENTED_EDGE('',*,*,#6701,.F.);
#6701 = EDGE_CURVE('',#3919,#6674,#6702,.T.);
#6702 = SURFACE_CURVE('',#6703,(#6707,#6714),.PCURVE_S1.);
#6703 = LINE('',#6704,#6705);
#6704 = CARTESIAN_POINT('',(0.9525,1.5875,-0.3175));
#6705 = VECTOR('',#6706,1.);
#6706 = DIRECTION('',(0.E+000,1.,0.E+000));
#6707 = PCURVE('',#4018,#6708);
#6708 = DEFINITIONAL_REPRESENTATION('',(#6709),#6713);
#6709 = LINE('',#6710,#6711);
#6710 = CARTESIAN_POINT('',(2.54,-3.4925));
#6711 = VECTOR('',#6712,1.);
#6712 = DIRECTION('',(1.,0.E+000));
#6713 = ( GEOMETRIC_REPRESENTATION_CONTEXT(2) 
PARAMETRIC_REPRESENTATION_CONTEXT() REPRESENTATION_CONTEXT('2D SPACE',''
  ) );
#6714 = PCURVE('',#3936,#6715);
#6715 = DEFINITIONAL_REPRESENTATION('',(#6716),#6720);
#6716 = LINE('',#6717,#6718);
#6717 = CARTESIAN_POINT('',(0.E+000,0.E+000));
#6718 = VECTOR('',#6719,1.);
#6719 = DIRECTION('',(-1.,0.E+000));
#6720 = ( GEOMETRIC_REPRESENTATION_CONTEXT(2) 
PARAMETRIC_REPRESENTATION_CONTEXT() REPRESENTATION_CONTEXT('2D SPACE',''
  ) );
#6721 = ORIENTED_EDGE('',*,*,#4004,.F.);
#6722 = ADVANCED_FACE('',(#6723),#6737,.F.);
#6723 = FACE_BOUND('',#6724,.T.);
#6724 = EDGE_LOOP('',(#6725,#6760,#6788,#6816,#6844,#6872,#6904,#6932));
#6725 = ORIENTED_EDGE('',*,*,#6726,.F.);
#6726 = EDGE_CURVE('',#6727,#6729,#6731,.T.);
#6727 = VERTEX_POINT('',#6728);
#6728 = CARTESIAN_POINT('',(0.9525,-2.8321,-0.3175));
#6729 = VERTEX_POINT('',#6730);
#6730 = CARTESIAN_POINT('',(0.9525,-0.9525,-0.3175));
#6731 = SURFACE_CURVE('',#6732,(#6736,#6748),.PCURVE_S1.);
#6732 = LINE('',#6733,#6734);
#6733 = CARTESIAN_POINT('',(0.9525,-2.8321,-0.3175));
#6734 = VECTOR('',#6735,1.);
#6735 = DIRECTION('',(0.E+000,1.,0.E+000));
#6736 = PCURVE('',#6737,#6742);
#6737 = PLANE('',#6738);
#6738 = AXIS2_PLACEMENT_3D('',#6739,#6740,#6741);
#6739 = CARTESIAN_POINT('',(0.9525,-0.9525,3.175));
#6740 = DIRECTION('',(1.,0.E+000,0.E+000));
#6741 = DIRECTION('',(0.E+000,1.,0.E+000));
#6742 = DEFINITIONAL_REPRESENTATION('',(#6743),#6747);
#6743 = LINE('',#6744,#6745);
#6744 = CARTESIAN_POINT('',(-1.8796,-3.4925));
#6745 = VECTOR('',#6746,1.);
#6746 = DIRECTION('',(1.,0.E+000));
#6747 = ( GEOMETRIC_REPRESENTATION_CONTEXT(2) 
PARAMETRIC_REPRESENTATION_CONTEXT() REPRESENTATION_CONTEXT('2D SPACE',''
  ) );
#6748 = PCURVE('',#6749,#6754);
#6749 = PLANE('',#6750);
#6750 = AXIS2_PLACEMENT_3D('',#6751,#6752,#6753);
#6751 = CARTESIAN_POINT('',(0.9525,-2.8321,-0.3175));
#6752 = DIRECTION('',(0.E+000,0.E+000,-1.));
#6753 = DIRECTION('',(0.E+000,-1.,0.E+000));
#6754 = DEFINITIONAL_REPRESENTATION('',(#6755),#6759);
#6755 = LINE('',#6756,#6757);
#6756 = CARTESIAN_POINT('',(0.E+000,0.E+000));
#6757 = VECTOR('',#6758,1.);
#6758 = DIRECTION('',(-1.,0.E+000));
#6759 = ( GEOMETRIC_REPRESENTATION_CONTEXT(2) 
PARAMETRIC_REPRESENTATION_CONTEXT() REPRESENTATION_CONTEXT('2D SPACE',''
  ) );
#6760 = ORIENTED_EDGE('',*,*,#6761,.F.);
#6761 = EDGE_CURVE('',#6762,#6727,#6764,.T.);
#6762 = VERTEX_POINT('',#6763);
#6763 = CARTESIAN_POINT('',(0.9525,-4.6355,1.4859));
#6764 = SURFACE_CURVE('',#6765,(#6770,#6777),.PCURVE_S1.);
#6765 = CIRCLE('',#6766,1.8034);
#6766 = AXIS2_PLACEMENT_3D('',#6767,#6768,#6769);
#6767 = CARTESIAN_POINT('',(0.9525,-2.8321,1.4859));
#6768 = DIRECTION('',(1.,0.E+000,0.E+000));
#6769 = DIRECTION('',(0.E+000,-1.,0.E+000));
#6770 = PCURVE('',#6737,#6771);
#6771 = DEFINITIONAL_REPRESENTATION('',(#6772),#6776);
#6772 = CIRCLE('',#6773,1.8034);
#6773 = AXIS2_PLACEMENT_2D('',#6774,#6775);
#6774 = CARTESIAN_POINT('',(-1.8796,-1.6891));
#6775 = DIRECTION('',(-1.,0.E+000));
#6776 = ( GEOMETRIC_REPRESENTATION_CONTEXT(2) 
PARAMETRIC_REPRESENTATION_CONTEXT() REPRESENTATION_CONTEXT('2D SPACE',''
  ) );
#6777 = PCURVE('',#6778,#6783);
#6778 = CYLINDRICAL_SURFACE('',#6779,1.8034);
#6779 = AXIS2_PLACEMENT_3D('',#6780,#6781,#6782);
#6780 = CARTESIAN_POINT('',(0.9525,-2.8321,1.4859));
#6781 = DIRECTION('',(-1.,0.E+000,0.E+000));
#6782 = DIRECTION('',(0.E+000,0.E+000,-1.));
#6783 = DEFINITIONAL_REPRESENTATION('',(#6784),#6787);
#6784 = B_SPLINE_CURVE_WITH_KNOTS('',1,(#6785,#6786),.UNSPECIFIED.,.F.,
  .F.,(2,2),(0.E+000,1.570796326795),.PIECEWISE_BEZIER_KNOTS.);
#6785 = CARTESIAN_POINT('',(1.570796326795,0.E+000));
#6786 = CARTESIAN_POINT('',(0.E+000,0.E+000));
#6787 = ( GEOMETRIC_REPRESENTATION_CONTEXT(2) 
PARAMETRIC_REPRESENTATION_CONTEXT() REPRESENTATION_CONTEXT('2D SPACE',''
  ) );
#6788 = ORIENTED_EDGE('',*,*,#6789,.F.);
#6789 = EDGE_CURVE('',#6790,#6762,#6792,.T.);
#6790 = VERTEX_POINT('',#6791);
#6791 = CARTESIAN_POINT('',(0.9525,-4.6355,6.7564));
#6792 = SURFACE_CURVE('',#6793,(#6797,#6804),.PCURVE_S1.);
#6793 = LINE('',#6794,#6795);
#6794 = CARTESIAN_POINT('',(0.9525,-4.6355,6.7564));
#6795 = VECTOR('',#6796,1.);
#6796 = DIRECTION('',(0.E+000,0.E+000,-1.));
#6797 = PCURVE('',#6737,#6798);
#6798 = DEFINITIONAL_REPRESENTATION('',(#6799),#6803);
#6799 = LINE('',#6800,#6801);
#6800 = CARTESIAN_POINT('',(-3.683,3.5814));
#6801 = VECTOR('',#6802,1.);
#6802 = DIRECTION('',(0.E+000,-1.));
#6803 = ( GEOMETRIC_REPRESENTATION_CONTEXT(2) 
PARAMETRIC_REPRESENTATION_CONTEXT() REPRESENTATION_CONTEXT('2D SPACE',''
  ) );
#6804 = PCURVE('',#6805,#6810);
#6805 = PLANE('',#6806);
#6806 = AXIS2_PLACEMENT_3D('',#6807,#6808,#6809);
#6807 = CARTESIAN_POINT('',(0.9525,-4.6355,6.7564));
#6808 = DIRECTION('',(0.E+000,-1.,0.E+000));
#6809 = DIRECTION('',(0.E+000,0.E+000,-1.));
#6810 = DEFINITIONAL_REPRESENTATION('',(#6811),#6815);
#6811 = LINE('',#6812,#6813);
#6812 = CARTESIAN_POINT('',(0.E+000,0.E+000));
#6813 = VECTOR('',#6814,1.);
#6814 = DIRECTION('',(1.,0.E+000));
#6815 = ( GEOMETRIC_REPRESENTATION_CONTEXT(2) 
PARAMETRIC_REPRESENTATION_CONTEXT() REPRESENTATION_CONTEXT('2D SPACE',''
  ) );
#6816 = ORIENTED_EDGE('',*,*,#6817,.F.);
#6817 = EDGE_CURVE('',#6818,#6790,#6820,.T.);
#6818 = VERTEX_POINT('',#6819);
#6819 = CARTESIAN_POINT('',(0.9525,-4.0005,6.7564));
#6820 = SURFACE_CURVE('',#6821,(#6825,#6832),.PCURVE_S1.);
#6821 = LINE('',#6822,#6823);
#6822 = CARTESIAN_POINT('',(0.9525,-4.0005,6.7564));
#6823 = VECTOR('',#6824,1.);
#6824 = DIRECTION('',(0.E+000,-1.,0.E+000));
#6825 = PCURVE('',#6737,#6826);
#6826 = DEFINITIONAL_REPRESENTATION('',(#6827),#6831);
#6827 = LINE('',#6828,#6829);
#6828 = CARTESIAN_POINT('',(-3.048,3.5814));
#6829 = VECTOR('',#6830,1.);
#6830 = DIRECTION('',(-1.,0.E+000));
#6831 = ( GEOMETRIC_REPRESENTATION_CONTEXT(2) 
PARAMETRIC_REPRESENTATION_CONTEXT() REPRESENTATION_CONTEXT('2D SPACE',''
  ) );
#6832 = PCURVE('',#6833,#6838);
#6833 = PLANE('',#6834);
#6834 = AXIS2_PLACEMENT_3D('',#6835,#6836,#6837);
#6835 = CARTESIAN_POINT('',(0.9525,-4.0005,6.7564));
#6836 = DIRECTION('',(0.E+000,0.E+000,1.));
#6837 = DIRECTION('',(1.,0.E+000,0.E+000));
#6838 = DEFINITIONAL_REPRESENTATION('',(#6839),#6843);
#6839 = LINE('',#6840,#6841);
#6840 = CARTESIAN_POINT('',(0.E+000,0.E+000));
#6841 = VECTOR('',#6842,1.);
#6842 = DIRECTION('',(0.E+000,-1.));
#6843 = ( GEOMETRIC_REPRESENTATION_CONTEXT(2) 
PARAMETRIC_REPRESENTATION_CONTEXT() REPRESENTATION_CONTEXT('2D SPACE',''
  ) );
#6844 = ORIENTED_EDGE('',*,*,#6845,.F.);
#6845 = EDGE_CURVE('',#6846,#6818,#6848,.T.);
#6846 = VERTEX_POINT('',#6847);
#6847 = CARTESIAN_POINT('',(0.9525,-4.0005,1.4859));
#6848 = SURFACE_CURVE('',#6849,(#6853,#6860),.PCURVE_S1.);
#6849 = LINE('',#6850,#6851);
#6850 = CARTESIAN_POINT('',(0.9525,-4.0005,1.4859));
#6851 = VECTOR('',#6852,1.);
#6852 = DIRECTION('',(0.E+000,0.E+000,1.));
#6853 = PCURVE('',#6737,#6854);
#6854 = DEFINITIONAL_REPRESENTATION('',(#6855),#6859);
#6855 = LINE('',#6856,#6857);
#6856 = CARTESIAN_POINT('',(-3.048,-1.6891));
#6857 = VECTOR('',#6858,1.);
#6858 = DIRECTION('',(0.E+000,1.));
#6859 = ( GEOMETRIC_REPRESENTATION_CONTEXT(2) 
PARAMETRIC_REPRESENTATION_CONTEXT() REPRESENTATION_CONTEXT('2D SPACE',''
  ) );
#6860 = PCURVE('',#6861,#6866);
#6861 = PLANE('',#6862);
#6862 = AXIS2_PLACEMENT_3D('',#6863,#6864,#6865);
#6863 = CARTESIAN_POINT('',(0.9525,-4.0005,1.4859));
#6864 = DIRECTION('',(0.E+000,1.,0.E+000));
#6865 = DIRECTION('',(1.,0.E+000,0.E+000));
#6866 = DEFINITIONAL_REPRESENTATION('',(#6867),#6871);
#6867 = LINE('',#6868,#6869);
#6868 = CARTESIAN_POINT('',(0.E+000,0.E+000));
#6869 = VECTOR('',#6870,1.);
#6870 = DIRECTION('',(0.E+000,-1.));
#6871 = ( GEOMETRIC_REPRESENTATION_CONTEXT(2) 
PARAMETRIC_REPRESENTATION_CONTEXT() REPRESENTATION_CONTEXT('2D SPACE',''
  ) );
#6872 = ORIENTED_EDGE('',*,*,#6873,.F.);
#6873 = EDGE_CURVE('',#6874,#6846,#6876,.T.);
#6874 = VERTEX_POINT('',#6875);
#6875 = CARTESIAN_POINT('',(0.9525,-2.8321,0.3175));
#6876 = SURFACE_CURVE('',#6877,(#6882,#6893),.PCURVE_S1.);
#6877 = CIRCLE('',#6878,1.1684);
#6878 = AXIS2_PLACEMENT_3D('',#6879,#6880,#6881);
#6879 = CARTESIAN_POINT('',(0.9525,-2.8321,1.4859));
#6880 = DIRECTION('',(-1.,0.E+000,0.E+000));
#6881 = DIRECTION('',(0.E+000,0.E+000,-1.));
#6882 = PCURVE('',#6737,#6883);
#6883 = DEFINITIONAL_REPRESENTATION('',(#6884),#6892);
#6884 = ( BOUNDED_CURVE() B_SPLINE_CURVE(2,(#6885,#6886,#6887,#6888,
#6889,#6890,#6891),.UNSPECIFIED.,.T.,.F.) B_SPLINE_CURVE_WITH_KNOTS((1,2
    ,2,2,2,1),(-2.094395102393,0.E+000,2.094395102393,4.188790204786,
6.28318530718,8.377580409573),.UNSPECIFIED.) CURVE() 
GEOMETRIC_REPRESENTATION_ITEM() RATIONAL_B_SPLINE_CURVE((1.,0.5,1.,0.5,
1.,0.5,1.)) REPRESENTATION_ITEM('') );
#6885 = CARTESIAN_POINT('',(-1.8796,-2.8575));
#6886 = CARTESIAN_POINT('',(-3.903328163563,-2.8575));
#6887 = CARTESIAN_POINT('',(-2.891464081782,-1.1049));
#6888 = CARTESIAN_POINT('',(-1.8796,0.6477));
#6889 = CARTESIAN_POINT('',(-0.867735918218,-1.1049));
#6890 = CARTESIAN_POINT('',(0.144128163563,-2.8575));
#6891 = CARTESIAN_POINT('',(-1.8796,-2.8575));
#6892 = ( GEOMETRIC_REPRESENTATION_CONTEXT(2) 
PARAMETRIC_REPRESENTATION_CONTEXT() REPRESENTATION_CONTEXT('2D SPACE',''
  ) );
#6893 = PCURVE('',#6894,#6899);
#6894 = CYLINDRICAL_SURFACE('',#6895,1.1684);
#6895 = AXIS2_PLACEMENT_3D('',#6896,#6897,#6898);
#6896 = CARTESIAN_POINT('',(0.9525,-2.8321,1.4859));
#6897 = DIRECTION('',(-1.,0.E+000,0.E+000));
#6898 = DIRECTION('',(0.E+000,0.E+000,-1.));
#6899 = DEFINITIONAL_REPRESENTATION('',(#6900),#6903);
#6900 = B_SPLINE_CURVE_WITH_KNOTS('',1,(#6901,#6902),.UNSPECIFIED.,.F.,
  .F.,(2,2),(0.E+000,1.570796326795),.PIECEWISE_BEZIER_KNOTS.);
#6901 = CARTESIAN_POINT('',(0.E+000,0.E+000));
#6902 = CARTESIAN_POINT('',(1.570796326795,0.E+000));
#6903 = ( GEOMETRIC_REPRESENTATION_CONTEXT(2) 
PARAMETRIC_REPRESENTATION_CONTEXT() REPRESENTATION_CONTEXT('2D SPACE',''
  ) );
#6904 = ORIENTED_EDGE('',*,*,#6905,.F.);
#6905 = EDGE_CURVE('',#6906,#6874,#6908,.T.);
#6906 = VERTEX_POINT('',#6907);
#6907 = CARTESIAN_POINT('',(0.9525,-0.9525,0.3175));
#6908 = SURFACE_CURVE('',#6909,(#6913,#6920),.PCURVE_S1.);
#6909 = LINE('',#6910,#6911);
#6910 = CARTESIAN_POINT('',(0.9525,-0.9525,0.3175));
#6911 = VECTOR('',#6912,1.);
#6912 = DIRECTION('',(0.E+000,-1.,0.E+000));
#6913 = PCURVE('',#6737,#6914);
#6914 = DEFINITIONAL_REPRESENTATION('',(#6915),#6919);
#6915 = LINE('',#6916,#6917);
#6916 = CARTESIAN_POINT('',(0.E+000,-2.8575));
#6917 = VECTOR('',#6918,1.);
#6918 = DIRECTION('',(-1.,0.E+000));
#6919 = ( GEOMETRIC_REPRESENTATION_CONTEXT(2) 
PARAMETRIC_REPRESENTATION_CONTEXT() REPRESENTATION_CONTEXT('2D SPACE',''
  ) );
#6920 = PCURVE('',#6921,#6926);
#6921 = PLANE('',#6922);
#6922 = AXIS2_PLACEMENT_3D('',#6923,#6924,#6925);
#6923 = CARTESIAN_POINT('',(0.9525,-0.9525,0.3175));
#6924 = DIRECTION('',(0.E+000,0.E+000,1.));
#6925 = DIRECTION('',(1.,0.E+000,0.E+000));
#6926 = DEFINITIONAL_REPRESENTATION('',(#6927),#6931);
#6927 = LINE('',#6928,#6929);
#6928 = CARTESIAN_POINT('',(0.E+000,0.E+000));
#6929 = VECTOR('',#6930,1.);
#6930 = DIRECTION('',(0.E+000,-1.));
#6931 = ( GEOMETRIC_REPRESENTATION_CONTEXT(2) 
PARAMETRIC_REPRESENTATION_CONTEXT() REPRESENTATION_CONTEXT('2D SPACE',''
  ) );
#6932 = ORIENTED_EDGE('',*,*,#6933,.T.);
#6933 = EDGE_CURVE('',#6906,#6729,#6934,.T.);
#6934 = SURFACE_CURVE('',#6935,(#6939,#6946),.PCURVE_S1.);
#6935 = LINE('',#6936,#6937);
#6936 = CARTESIAN_POINT('',(0.9525,-0.9525,0.3175));
#6937 = VECTOR('',#6938,1.);
#6938 = DIRECTION('',(0.E+000,0.E+000,-1.));
#6939 = PCURVE('',#6737,#6940);
#6940 = DEFINITIONAL_REPRESENTATION('',(#6941),#6945);
#6941 = LINE('',#6942,#6943);
#6942 = CARTESIAN_POINT('',(0.E+000,-2.8575));
#6943 = VECTOR('',#6944,1.);
#6944 = DIRECTION('',(0.E+000,-1.));
#6945 = ( GEOMETRIC_REPRESENTATION_CONTEXT(2) 
PARAMETRIC_REPRESENTATION_CONTEXT() REPRESENTATION_CONTEXT('2D SPACE',''
  ) );
#6946 = PCURVE('',#2083,#6947);
#6947 = DEFINITIONAL_REPRESENTATION('',(#6948),#6952);
#6948 = LINE('',#6949,#6950);
#6949 = CARTESIAN_POINT('',(-0.762,2.8575));
#6950 = VECTOR('',#6951,1.);
#6951 = DIRECTION('',(0.E+000,1.));
#6952 = ( GEOMETRIC_REPRESENTATION_CONTEXT(2) 
PARAMETRIC_REPRESENTATION_CONTEXT() REPRESENTATION_CONTEXT('2D SPACE',''
  ) );
#6953 = ADVANCED_FACE('',(#6954),#3936,.T.);
#6954 = FACE_BOUND('',#6955,.T.);
#6955 = EDGE_LOOP('',(#6956,#6957,#6980,#7001));
#6956 = ORIENTED_EDGE('',*,*,#6701,.T.);
#6957 = ORIENTED_EDGE('',*,*,#6958,.T.);
#6958 = EDGE_CURVE('',#6674,#6959,#6961,.T.);
#6959 = VERTEX_POINT('',#6960);
#6960 = CARTESIAN_POINT('',(1.5875,8.1915,-0.3175));
#6961 = SURFACE_CURVE('',#6962,(#6966,#6973),.PCURVE_S1.);
#6962 = LINE('',#6963,#6964);
#6963 = CARTESIAN_POINT('',(0.9525,8.1915,-0.3175));
#6964 = VECTOR('',#6965,1.);
#6965 = DIRECTION('',(1.,0.E+000,0.E+000));
#6966 = PCURVE('',#3936,#6967);
#6967 = DEFINITIONAL_REPRESENTATION('',(#6968),#6972);
#6968 = LINE('',#6969,#6970);
#6969 = CARTESIAN_POINT('',(-6.604,0.E+000));
#6970 = VECTOR('',#6971,1.);
#6971 = DIRECTION('',(0.E+000,-1.));
#6972 = ( GEOMETRIC_REPRESENTATION_CONTEXT(2) 
PARAMETRIC_REPRESENTATION_CONTEXT() REPRESENTATION_CONTEXT('2D SPACE',''
  ) );
#6973 = PCURVE('',#6689,#6974);
#6974 = DEFINITIONAL_REPRESENTATION('',(#6975),#6979);
#6975 = LINE('',#6976,#6977);
#6976 = CARTESIAN_POINT('',(0.E+000,0.E+000));
#6977 = VECTOR('',#6978,1.);
#6978 = DIRECTION('',(1.,0.E+000));
#6979 = ( GEOMETRIC_REPRESENTATION_CONTEXT(2) 
PARAMETRIC_REPRESENTATION_CONTEXT() REPRESENTATION_CONTEXT('2D SPACE',''
  ) );
#6980 = ORIENTED_EDGE('',*,*,#6981,.F.);
#6981 = EDGE_CURVE('',#3921,#6959,#6982,.T.);
#6982 = SURFACE_CURVE('',#6983,(#6987,#6994),.PCURVE_S1.);
#6983 = LINE('',#6984,#6985);
#6984 = CARTESIAN_POINT('',(1.5875,1.5875,-0.3175));
#6985 = VECTOR('',#6986,1.);
#6986 = DIRECTION('',(0.E+000,1.,0.E+000));
#6987 = PCURVE('',#3936,#6988);
#6988 = DEFINITIONAL_REPRESENTATION('',(#6989),#6993);
#6989 = LINE('',#6990,#6991);
#6990 = CARTESIAN_POINT('',(0.E+000,-0.635));
#6991 = VECTOR('',#6992,1.);
#6992 = DIRECTION('',(-1.,0.E+000));
#6993 = ( GEOMETRIC_REPRESENTATION_CONTEXT(2) 
PARAMETRIC_REPRESENTATION_CONTEXT() REPRESENTATION_CONTEXT('2D SPACE',''
  ) );
#6994 = PCURVE('',#3964,#6995);
#6995 = DEFINITIONAL_REPRESENTATION('',(#6996),#7000);
#6996 = LINE('',#6997,#6998);
#6997 = CARTESIAN_POINT('',(2.54,-3.4925));
#6998 = VECTOR('',#6999,1.);
#6999 = DIRECTION('',(1.,0.E+000));
#7000 = ( GEOMETRIC_REPRESENTATION_CONTEXT(2) 
PARAMETRIC_REPRESENTATION_CONTEXT() REPRESENTATION_CONTEXT('2D SPACE',''
  ) );
#7001 = ORIENTED_EDGE('',*,*,#3918,.F.);
#7002 = ADVANCED_FACE('',(#7003),#3964,.T.);
#7003 = FACE_BOUND('',#7004,.T.);
#7004 = EDGE_LOOP('',(#7005,#7006,#7029,#7050));
#7005 = ORIENTED_EDGE('',*,*,#6981,.T.);
#7006 = ORIENTED_EDGE('',*,*,#7007,.T.);
#7007 = EDGE_CURVE('',#6959,#7008,#7010,.T.);
#7008 = VERTEX_POINT('',#7009);
#7009 = CARTESIAN_POINT('',(1.5875,8.1915,0.3175));
#7010 = SURFACE_CURVE('',#7011,(#7015,#7022),.PCURVE_S1.);
#7011 = LINE('',#7012,#7013);
#7012 = CARTESIAN_POINT('',(1.5875,8.1915,-0.3175));
#7013 = VECTOR('',#7014,1.);
#7014 = DIRECTION('',(0.E+000,0.E+000,1.));
#7015 = PCURVE('',#3964,#7016);
#7016 = DEFINITIONAL_REPRESENTATION('',(#7017),#7021);
#7017 = LINE('',#7018,#7019);
#7018 = CARTESIAN_POINT('',(9.144,-3.4925));
#7019 = VECTOR('',#7020,1.);
#7020 = DIRECTION('',(0.E+000,1.));
#7021 = ( GEOMETRIC_REPRESENTATION_CONTEXT(2) 
PARAMETRIC_REPRESENTATION_CONTEXT() REPRESENTATION_CONTEXT('2D SPACE',''
  ) );
#7022 = PCURVE('',#6689,#7023);
#7023 = DEFINITIONAL_REPRESENTATION('',(#7024),#7028);
#7024 = LINE('',#7025,#7026);
#7025 = CARTESIAN_POINT('',(0.635,0.E+000));
#7026 = VECTOR('',#7027,1.);
#7027 = DIRECTION('',(0.E+000,-1.));
#7028 = ( GEOMETRIC_REPRESENTATION_CONTEXT(2) 
PARAMETRIC_REPRESENTATION_CONTEXT() REPRESENTATION_CONTEXT('2D SPACE',''
  ) );
#7029 = ORIENTED_EDGE('',*,*,#7030,.T.);
#7030 = EDGE_CURVE('',#7008,#3949,#7031,.T.);
#7031 = SURFACE_CURVE('',#7032,(#7036,#7043),.PCURVE_S1.);
#7032 = LINE('',#7033,#7034);
#7033 = CARTESIAN_POINT('',(1.5875,8.1915,0.3175));
#7034 = VECTOR('',#7035,1.);
#7035 = DIRECTION('',(0.E+000,-1.,0.E+000));
#7036 = PCURVE('',#3964,#7037);
#7037 = DEFINITIONAL_REPRESENTATION('',(#7038),#7042);
#7038 = LINE('',#7039,#7040);
#7039 = CARTESIAN_POINT('',(9.144,-2.8575));
#7040 = VECTOR('',#7041,1.);
#7041 = DIRECTION('',(-1.,0.E+000));
#7042 = ( GEOMETRIC_REPRESENTATION_CONTEXT(2) 
PARAMETRIC_REPRESENTATION_CONTEXT() REPRESENTATION_CONTEXT('2D SPACE',''
  ) );
#7043 = PCURVE('',#3992,#7044);
#7044 = DEFINITIONAL_REPRESENTATION('',(#7045),#7049);
#7045 = LINE('',#7046,#7047);
#7046 = CARTESIAN_POINT('',(0.635,0.E+000));
#7047 = VECTOR('',#7048,1.);
#7048 = DIRECTION('',(0.E+000,-1.));
#7049 = ( GEOMETRIC_REPRESENTATION_CONTEXT(2) 
PARAMETRIC_REPRESENTATION_CONTEXT() REPRESENTATION_CONTEXT('2D SPACE',''
  ) );
#7050 = ORIENTED_EDGE('',*,*,#3948,.T.);
#7051 = ADVANCED_FACE('',(#7052),#7066,.T.);
#7052 = FACE_BOUND('',#7053,.T.);
#7053 = EDGE_LOOP('',(#7054,#7084,#7111,#7134,#7157,#7180,#7203,#7226));
#7054 = ORIENTED_EDGE('',*,*,#7055,.T.);
#7055 = EDGE_CURVE('',#7056,#7058,#7060,.T.);
#7056 = VERTEX_POINT('',#7057);
#7057 = CARTESIAN_POINT('',(1.5875,-0.9525,0.3175));
#7058 = VERTEX_POINT('',#7059);
#7059 = CARTESIAN_POINT('',(1.5875,-2.8321,0.3175));
#7060 = SURFACE_CURVE('',#7061,(#7065,#7077),.PCURVE_S1.);
#7061 = LINE('',#7062,#7063);
#7062 = CARTESIAN_POINT('',(1.5875,-0.9525,0.3175));
#7063 = VECTOR('',#7064,1.);
#7064 = DIRECTION('',(0.E+000,-1.,0.E+000));
#7065 = PCURVE('',#7066,#7071);
#7066 = PLANE('',#7067);
#7067 = AXIS2_PLACEMENT_3D('',#7068,#7069,#7070);
#7068 = CARTESIAN_POINT('',(1.5875,-0.9525,3.175));
#7069 = DIRECTION('',(1.,0.E+000,0.E+000));
#7070 = DIRECTION('',(0.E+000,1.,0.E+000));
#7071 = DEFINITIONAL_REPRESENTATION('',(#7072),#7076);
#7072 = LINE('',#7073,#7074);
#7073 = CARTESIAN_POINT('',(0.E+000,-2.8575));
#7074 = VECTOR('',#7075,1.);
#7075 = DIRECTION('',(-1.,0.E+000));
#7076 = ( GEOMETRIC_REPRESENTATION_CONTEXT(2) 
PARAMETRIC_REPRESENTATION_CONTEXT() REPRESENTATION_CONTEXT('2D SPACE',''
  ) );
#7077 = PCURVE('',#6921,#7078);
#7078 = DEFINITIONAL_REPRESENTATION('',(#7079),#7083);
#7079 = LINE('',#7080,#7081);
#7080 = CARTESIAN_POINT('',(0.635,0.E+000));
#7081 = VECTOR('',#7082,1.);
#7082 = DIRECTION('',(0.E+000,-1.));
#7083 = ( GEOMETRIC_REPRESENTATION_CONTEXT(2) 
PARAMETRIC_REPRESENTATION_CONTEXT() REPRESENTATION_CONTEXT('2D SPACE',''
  ) );
#7084 = ORIENTED_EDGE('',*,*,#7085,.T.);
#7085 = EDGE_CURVE('',#7058,#7086,#7088,.T.);
#7086 = VERTEX_POINT('',#7087);
#7087 = CARTESIAN_POINT('',(1.5875,-4.0005,1.4859));
#7088 = SURFACE_CURVE('',#7089,(#7094,#7105),.PCURVE_S1.);
#7089 = CIRCLE('',#7090,1.1684);
#7090 = AXIS2_PLACEMENT_3D('',#7091,#7092,#7093);
#7091 = CARTESIAN_POINT('',(1.5875,-2.8321,1.4859));
#7092 = DIRECTION('',(-1.,0.E+000,0.E+000));
#7093 = DIRECTION('',(0.E+000,0.E+000,-1.));
#7094 = PCURVE('',#7066,#7095);
#7095 = DEFINITIONAL_REPRESENTATION('',(#7096),#7104);
#7096 = ( BOUNDED_CURVE() B_SPLINE_CURVE(2,(#7097,#7098,#7099,#7100,
#7101,#7102,#7103),.UNSPECIFIED.,.T.,.F.) B_SPLINE_CURVE_WITH_KNOTS((1,2
    ,2,2,2,1),(-2.094395102393,0.E+000,2.094395102393,4.188790204786,
6.28318530718,8.377580409573),.UNSPECIFIED.) CURVE() 
GEOMETRIC_REPRESENTATION_ITEM() RATIONAL_B_SPLINE_CURVE((1.,0.5,1.,0.5,
1.,0.5,1.)) REPRESENTATION_ITEM('') );
#7097 = CARTESIAN_POINT('',(-1.8796,-2.8575));
#7098 = CARTESIAN_POINT('',(-3.903328163563,-2.8575));
#7099 = CARTESIAN_POINT('',(-2.891464081782,-1.1049));
#7100 = CARTESIAN_POINT('',(-1.8796,0.6477));
#7101 = CARTESIAN_POINT('',(-0.867735918218,-1.1049));
#7102 = CARTESIAN_POINT('',(0.144128163563,-2.8575));
#7103 = CARTESIAN_POINT('',(-1.8796,-2.8575));
#7104 = ( GEOMETRIC_REPRESENTATION_CONTEXT(2) 
PARAMETRIC_REPRESENTATION_CONTEXT() REPRESENTATION_CONTEXT('2D SPACE',''
  ) );
#7105 = PCURVE('',#6894,#7106);
#7106 = DEFINITIONAL_REPRESENTATION('',(#7107),#7110);
#7107 = B_SPLINE_CURVE_WITH_KNOTS('',1,(#7108,#7109),.UNSPECIFIED.,.F.,
  .F.,(2,2),(0.E+000,1.570796326795),.PIECEWISE_BEZIER_KNOTS.);
#7108 = CARTESIAN_POINT('',(0.E+000,-0.635));
#7109 = CARTESIAN_POINT('',(1.570796326795,-0.635));
#7110 = ( GEOMETRIC_REPRESENTATION_CONTEXT(2) 
PARAMETRIC_REPRESENTATION_CONTEXT() REPRESENTATION_CONTEXT('2D SPACE',''
  ) );
#7111 = ORIENTED_EDGE('',*,*,#7112,.T.);
#7112 = EDGE_CURVE('',#7086,#7113,#7115,.T.);
#7113 = VERTEX_POINT('',#7114);
#7114 = CARTESIAN_POINT('',(1.5875,-4.0005,6.7564));
#7115 = SURFACE_CURVE('',#7116,(#7120,#7127),.PCURVE_S1.);
#7116 = LINE('',#7117,#7118);
#7117 = CARTESIAN_POINT('',(1.5875,-4.0005,1.4859));
#7118 = VECTOR('',#7119,1.);
#7119 = DIRECTION('',(0.E+000,0.E+000,1.));
#7120 = PCURVE('',#7066,#7121);
#7121 = DEFINITIONAL_REPRESENTATION('',(#7122),#7126);
#7122 = LINE('',#7123,#7124);
#7123 = CARTESIAN_POINT('',(-3.048,-1.6891));
#7124 = VECTOR('',#7125,1.);
#7125 = DIRECTION('',(0.E+000,1.));
#7126 = ( GEOMETRIC_REPRESENTATION_CONTEXT(2) 
PARAMETRIC_REPRESENTATION_CONTEXT() REPRESENTATION_CONTEXT('2D SPACE',''
  ) );
#7127 = PCURVE('',#6861,#7128);
#7128 = DEFINITIONAL_REPRESENTATION('',(#7129),#7133);
#7129 = LINE('',#7130,#7131);
#7130 = CARTESIAN_POINT('',(0.635,0.E+000));
#7131 = VECTOR('',#7132,1.);
#7132 = DIRECTION('',(0.E+000,-1.));
#7133 = ( GEOMETRIC_REPRESENTATION_CONTEXT(2) 
PARAMETRIC_REPRESENTATION_CONTEXT() REPRESENTATION_CONTEXT('2D SPACE',''
  ) );
#7134 = ORIENTED_EDGE('',*,*,#7135,.T.);
#7135 = EDGE_CURVE('',#7113,#7136,#7138,.T.);
#7136 = VERTEX_POINT('',#7137);
#7137 = CARTESIAN_POINT('',(1.5875,-4.6355,6.7564));
#7138 = SURFACE_CURVE('',#7139,(#7143,#7150),.PCURVE_S1.);
#7139 = LINE('',#7140,#7141);
#7140 = CARTESIAN_POINT('',(1.5875,-4.0005,6.7564));
#7141 = VECTOR('',#7142,1.);
#7142 = DIRECTION('',(0.E+000,-1.,0.E+000));
#7143 = PCURVE('',#7066,#7144);
#7144 = DEFINITIONAL_REPRESENTATION('',(#7145),#7149);
#7145 = LINE('',#7146,#7147);
#7146 = CARTESIAN_POINT('',(-3.048,3.5814));
#7147 = VECTOR('',#7148,1.);
#7148 = DIRECTION('',(-1.,0.E+000));
#7149 = ( GEOMETRIC_REPRESENTATION_CONTEXT(2) 
PARAMETRIC_REPRESENTATION_CONTEXT() REPRESENTATION_CONTEXT('2D SPACE',''
  ) );
#7150 = PCURVE('',#6833,#7151);
#7151 = DEFINITIONAL_REPRESENTATION('',(#7152),#7156);
#7152 = LINE('',#7153,#7154);
#7153 = CARTESIAN_POINT('',(0.635,0.E+000));
#7154 = VECTOR('',#7155,1.);
#7155 = DIRECTION('',(0.E+000,-1.));
#7156 = ( GEOMETRIC_REPRESENTATION_CONTEXT(2) 
PARAMETRIC_REPRESENTATION_CONTEXT() REPRESENTATION_CONTEXT('2D SPACE',''
  ) );
#7157 = ORIENTED_EDGE('',*,*,#7158,.T.);
#7158 = EDGE_CURVE('',#7136,#7159,#7161,.T.);
#7159 = VERTEX_POINT('',#7160);
#7160 = CARTESIAN_POINT('',(1.5875,-4.6355,1.4859));
#7161 = SURFACE_CURVE('',#7162,(#7166,#7173),.PCURVE_S1.);
#7162 = LINE('',#7163,#7164);
#7163 = CARTESIAN_POINT('',(1.5875,-4.6355,6.7564));
#7164 = VECTOR('',#7165,1.);
#7165 = DIRECTION('',(0.E+000,0.E+000,-1.));
#7166 = PCURVE('',#7066,#7167);
#7167 = DEFINITIONAL_REPRESENTATION('',(#7168),#7172);
#7168 = LINE('',#7169,#7170);
#7169 = CARTESIAN_POINT('',(-3.683,3.5814));
#7170 = VECTOR('',#7171,1.);
#7171 = DIRECTION('',(0.E+000,-1.));
#7172 = ( GEOMETRIC_REPRESENTATION_CONTEXT(2) 
PARAMETRIC_REPRESENTATION_CONTEXT() REPRESENTATION_CONTEXT('2D SPACE',''
  ) );
#7173 = PCURVE('',#6805,#7174);
#7174 = DEFINITIONAL_REPRESENTATION('',(#7175),#7179);
#7175 = LINE('',#7176,#7177);
#7176 = CARTESIAN_POINT('',(0.E+000,0.635));
#7177 = VECTOR('',#7178,1.);
#7178 = DIRECTION('',(1.,0.E+000));
#7179 = ( GEOMETRIC_REPRESENTATION_CONTEXT(2) 
PARAMETRIC_REPRESENTATION_CONTEXT() REPRESENTATION_CONTEXT('2D SPACE',''
  ) );
#7180 = ORIENTED_EDGE('',*,*,#7181,.T.);
#7181 = EDGE_CURVE('',#7159,#7182,#7184,.T.);
#7182 = VERTEX_POINT('',#7183);
#7183 = CARTESIAN_POINT('',(1.5875,-2.8321,-0.3175));
#7184 = SURFACE_CURVE('',#7185,(#7190,#7197),.PCURVE_S1.);
#7185 = CIRCLE('',#7186,1.8034);
#7186 = AXIS2_PLACEMENT_3D('',#7187,#7188,#7189);
#7187 = CARTESIAN_POINT('',(1.5875,-2.8321,1.4859));
#7188 = DIRECTION('',(1.,0.E+000,0.E+000));
#7189 = DIRECTION('',(0.E+000,-1.,0.E+000));
#7190 = PCURVE('',#7066,#7191);
#7191 = DEFINITIONAL_REPRESENTATION('',(#7192),#7196);
#7192 = CIRCLE('',#7193,1.8034);
#7193 = AXIS2_PLACEMENT_2D('',#7194,#7195);
#7194 = CARTESIAN_POINT('',(-1.8796,-1.6891));
#7195 = DIRECTION('',(-1.,0.E+000));
#7196 = ( GEOMETRIC_REPRESENTATION_CONTEXT(2) 
PARAMETRIC_REPRESENTATION_CONTEXT() REPRESENTATION_CONTEXT('2D SPACE',''
  ) );
#7197 = PCURVE('',#6778,#7198);
#7198 = DEFINITIONAL_REPRESENTATION('',(#7199),#7202);
#7199 = B_SPLINE_CURVE_WITH_KNOTS('',1,(#7200,#7201),.UNSPECIFIED.,.F.,
  .F.,(2,2),(0.E+000,1.570796326795),.PIECEWISE_BEZIER_KNOTS.);
#7200 = CARTESIAN_POINT('',(1.570796326795,-0.635));
#7201 = CARTESIAN_POINT('',(0.E+000,-0.635));
#7202 = ( GEOMETRIC_REPRESENTATION_CONTEXT(2) 
PARAMETRIC_REPRESENTATION_CONTEXT() REPRESENTATION_CONTEXT('2D SPACE',''
  ) );
#7203 = ORIENTED_EDGE('',*,*,#7204,.T.);
#7204 = EDGE_CURVE('',#7182,#7205,#7207,.T.);
#7205 = VERTEX_POINT('',#7206);
#7206 = CARTESIAN_POINT('',(1.5875,-0.9525,-0.3175));
#7207 = SURFACE_CURVE('',#7208,(#7212,#7219),.PCURVE_S1.);
#7208 = LINE('',#7209,#7210);
#7209 = CARTESIAN_POINT('',(1.5875,-2.8321,-0.3175));
#7210 = VECTOR('',#7211,1.);
#7211 = DIRECTION('',(0.E+000,1.,0.E+000));
#7212 = PCURVE('',#7066,#7213);
#7213 = DEFINITIONAL_REPRESENTATION('',(#7214),#7218);
#7214 = LINE('',#7215,#7216);
#7215 = CARTESIAN_POINT('',(-1.8796,-3.4925));
#7216 = VECTOR('',#7217,1.);
#7217 = DIRECTION('',(1.,0.E+000));
#7218 = ( GEOMETRIC_REPRESENTATION_CONTEXT(2) 
PARAMETRIC_REPRESENTATION_CONTEXT() REPRESENTATION_CONTEXT('2D SPACE',''
  ) );
#7219 = PCURVE('',#6749,#7220);
#7220 = DEFINITIONAL_REPRESENTATION('',(#7221),#7225);
#7221 = LINE('',#7222,#7223);
#7222 = CARTESIAN_POINT('',(0.E+000,-0.635));
#7223 = VECTOR('',#7224,1.);
#7224 = DIRECTION('',(-1.,0.E+000));
#7225 = ( GEOMETRIC_REPRESENTATION_CONTEXT(2) 
PARAMETRIC_REPRESENTATION_CONTEXT() REPRESENTATION_CONTEXT('2D SPACE',''
  ) );
#7226 = ORIENTED_EDGE('',*,*,#7227,.F.);
#7227 = EDGE_CURVE('',#7056,#7205,#7228,.T.);
#7228 = SURFACE_CURVE('',#7229,(#7233,#7240),.PCURVE_S1.);
#7229 = LINE('',#7230,#7231);
#7230 = CARTESIAN_POINT('',(1.5875,-0.9525,0.3175));
#7231 = VECTOR('',#7232,1.);
#7232 = DIRECTION('',(0.E+000,0.E+000,-1.));
#7233 = PCURVE('',#7066,#7234);
#7234 = DEFINITIONAL_REPRESENTATION('',(#7235),#7239);
#7235 = LINE('',#7236,#7237);
#7236 = CARTESIAN_POINT('',(0.E+000,-2.8575));
#7237 = VECTOR('',#7238,1.);
#7238 = DIRECTION('',(0.E+000,-1.));
#7239 = ( GEOMETRIC_REPRESENTATION_CONTEXT(2) 
PARAMETRIC_REPRESENTATION_CONTEXT() REPRESENTATION_CONTEXT('2D SPACE',''
  ) );
#7240 = PCURVE('',#2083,#7241);
#7241 = DEFINITIONAL_REPRESENTATION('',(#7242),#7246);
#7242 = LINE('',#7243,#7244);
#7243 = CARTESIAN_POINT('',(-0.127,2.8575));
#7244 = VECTOR('',#7245,1.);
#7245 = DIRECTION('',(0.E+000,1.));
#7246 = ( GEOMETRIC_REPRESENTATION_CONTEXT(2) 
PARAMETRIC_REPRESENTATION_CONTEXT() REPRESENTATION_CONTEXT('2D SPACE',''
  ) );
#7247 = ADVANCED_FACE('',(#7248),#3992,.T.);
#7248 = FACE_BOUND('',#7249,.T.);
#7249 = EDGE_LOOP('',(#7250,#7251,#7272,#7273));
#7250 = ORIENTED_EDGE('',*,*,#7030,.F.);
#7251 = ORIENTED_EDGE('',*,*,#7252,.F.);
#7252 = EDGE_CURVE('',#6651,#7008,#7253,.T.);
#7253 = SURFACE_CURVE('',#7254,(#7258,#7265),.PCURVE_S1.);
#7254 = LINE('',#7255,#7256);
#7255 = CARTESIAN_POINT('',(0.9525,8.1915,0.3175));
#7256 = VECTOR('',#7257,1.);
#7257 = DIRECTION('',(1.,0.E+000,0.E+000));
#7258 = PCURVE('',#3992,#7259);
#7259 = DEFINITIONAL_REPRESENTATION('',(#7260),#7264);
#7260 = LINE('',#7261,#7262);
#7261 = CARTESIAN_POINT('',(0.E+000,0.E+000));
#7262 = VECTOR('',#7263,1.);
#7263 = DIRECTION('',(1.,0.E+000));
#7264 = ( GEOMETRIC_REPRESENTATION_CONTEXT(2) 
PARAMETRIC_REPRESENTATION_CONTEXT() REPRESENTATION_CONTEXT('2D SPACE',''
  ) );
#7265 = PCURVE('',#6689,#7266);
#7266 = DEFINITIONAL_REPRESENTATION('',(#7267),#7271);
#7267 = LINE('',#7268,#7269);
#7268 = CARTESIAN_POINT('',(0.E+000,-0.635));
#7269 = VECTOR('',#7270,1.);
#7270 = DIRECTION('',(1.,0.E+000));
#7271 = ( GEOMETRIC_REPRESENTATION_CONTEXT(2) 
PARAMETRIC_REPRESENTATION_CONTEXT() REPRESENTATION_CONTEXT('2D SPACE',''
  ) );
#7272 = ORIENTED_EDGE('',*,*,#6650,.T.);
#7273 = ORIENTED_EDGE('',*,*,#3976,.T.);
#7274 = ADVANCED_FACE('',(#7275),#6689,.T.);
#7275 = FACE_BOUND('',#7276,.T.);
#7276 = EDGE_LOOP('',(#7277,#7278,#7279,#7280));
#7277 = ORIENTED_EDGE('',*,*,#7252,.T.);
#7278 = ORIENTED_EDGE('',*,*,#7007,.F.);
#7279 = ORIENTED_EDGE('',*,*,#6958,.F.);
#7280 = ORIENTED_EDGE('',*,*,#6673,.T.);
#7281 = ADVANCED_FACE('',(#7282,#7328),#2083,.F.);
#7282 = FACE_BOUND('',#7283,.T.);
#7283 = EDGE_LOOP('',(#7284,#7305,#7306,#7327));
#7284 = ORIENTED_EDGE('',*,*,#7285,.F.);
#7285 = EDGE_CURVE('',#2068,#2776,#7286,.T.);
#7286 = SURFACE_CURVE('',#7287,(#7291,#7298),.PCURVE_S1.);
#7287 = LINE('',#7288,#7289);
#7288 = CARTESIAN_POINT('',(1.7145,-0.9525,3.175));
#7289 = VECTOR('',#7290,1.);
#7290 = DIRECTION('',(0.E+000,0.E+000,-1.));
#7291 = PCURVE('',#2083,#7292);
#7292 = DEFINITIONAL_REPRESENTATION('',(#7293),#7297);
#7293 = LINE('',#7294,#7295);
#7294 = CARTESIAN_POINT('',(0.E+000,0.E+000));
#7295 = VECTOR('',#7296,1.);
#7296 = DIRECTION('',(0.E+000,1.));
#7297 = ( GEOMETRIC_REPRESENTATION_CONTEXT(2) 
PARAMETRIC_REPRESENTATION_CONTEXT() REPRESENTATION_CONTEXT('2D SPACE',''
  ) );
#7298 = PCURVE('',#2111,#7299);
#7299 = DEFINITIONAL_REPRESENTATION('',(#7300),#7304);
#7300 = LINE('',#7301,#7302);
#7301 = CARTESIAN_POINT('',(0.635,0.E+000));
#7302 = VECTOR('',#7303,1.);
#7303 = DIRECTION('',(0.E+000,-1.));
#7304 = ( GEOMETRIC_REPRESENTATION_CONTEXT(2) 
PARAMETRIC_REPRESENTATION_CONTEXT() REPRESENTATION_CONTEXT('2D SPACE',''
  ) );
#7305 = ORIENTED_EDGE('',*,*,#2067,.T.);
#7306 = ORIENTED_EDGE('',*,*,#7307,.T.);
#7307 = EDGE_CURVE('',#2040,#2799,#7308,.T.);
#7308 = SURFACE_CURVE('',#7309,(#7313,#7320),.PCURVE_S1.);
#7309 = LINE('',#7310,#7311);
#7310 = CARTESIAN_POINT('',(0.8255,-0.9525,3.175));
#7311 = VECTOR('',#7312,1.);
#7312 = DIRECTION('',(0.E+000,0.E+000,-1.));
#7313 = PCURVE('',#2083,#7314);
#7314 = DEFINITIONAL_REPRESENTATION('',(#7315),#7319);
#7315 = LINE('',#7316,#7317);
#7316 = CARTESIAN_POINT('',(-0.889,0.E+000));
#7317 = VECTOR('',#7318,1.);
#7318 = DIRECTION('',(0.E+000,1.));
#7319 = ( GEOMETRIC_REPRESENTATION_CONTEXT(2) 
PARAMETRIC_REPRESENTATION_CONTEXT() REPRESENTATION_CONTEXT('2D SPACE',''
  ) );
#7320 = PCURVE('',#2055,#7321);
#7321 = DEFINITIONAL_REPRESENTATION('',(#7322),#7326);
#7322 = LINE('',#7323,#7324);
#7323 = CARTESIAN_POINT('',(0.E+000,0.E+000));
#7324 = VECTOR('',#7325,1.);
#7325 = DIRECTION('',(-1.,0.E+000));
#7326 = ( GEOMETRIC_REPRESENTATION_CONTEXT(2) 
PARAMETRIC_REPRESENTATION_CONTEXT() REPRESENTATION_CONTEXT('2D SPACE',''
  ) );
#7327 = ORIENTED_EDGE('',*,*,#2798,.F.);
#7328 = FACE_BOUND('',#7329,.T.);
#7329 = EDGE_LOOP('',(#7330,#7351,#7352,#7373));
#7330 = ORIENTED_EDGE('',*,*,#7331,.T.);
#7331 = EDGE_CURVE('',#6906,#7056,#7332,.T.);
#7332 = SURFACE_CURVE('',#7333,(#7337,#7344),.PCURVE_S1.);
#7333 = LINE('',#7334,#7335);
#7334 = CARTESIAN_POINT('',(0.9525,-0.9525,0.3175));
#7335 = VECTOR('',#7336,1.);
#7336 = DIRECTION('',(1.,0.E+000,0.E+000));
#7337 = PCURVE('',#2083,#7338);
#7338 = DEFINITIONAL_REPRESENTATION('',(#7339),#7343);
#7339 = LINE('',#7340,#7341);
#7340 = CARTESIAN_POINT('',(-0.762,2.8575));
#7341 = VECTOR('',#7342,1.);
#7342 = DIRECTION('',(1.,0.E+000));
#7343 = ( GEOMETRIC_REPRESENTATION_CONTEXT(2) 
PARAMETRIC_REPRESENTATION_CONTEXT() REPRESENTATION_CONTEXT('2D SPACE',''
  ) );
#7344 = PCURVE('',#6921,#7345);
#7345 = DEFINITIONAL_REPRESENTATION('',(#7346),#7350);
#7346 = LINE('',#7347,#7348);
#7347 = CARTESIAN_POINT('',(0.E+000,0.E+000));
#7348 = VECTOR('',#7349,1.);
#7349 = DIRECTION('',(1.,0.E+000));
#7350 = ( GEOMETRIC_REPRESENTATION_CONTEXT(2) 
PARAMETRIC_REPRESENTATION_CONTEXT() REPRESENTATION_CONTEXT('2D SPACE',''
  ) );
#7351 = ORIENTED_EDGE('',*,*,#7227,.T.);
#7352 = ORIENTED_EDGE('',*,*,#7353,.F.);
#7353 = EDGE_CURVE('',#6729,#7205,#7354,.T.);
#7354 = SURFACE_CURVE('',#7355,(#7359,#7366),.PCURVE_S1.);
#7355 = LINE('',#7356,#7357);
#7356 = CARTESIAN_POINT('',(0.9525,-0.9525,-0.3175));
#7357 = VECTOR('',#7358,1.);
#7358 = DIRECTION('',(1.,0.E+000,0.E+000));
#7359 = PCURVE('',#2083,#7360);
#7360 = DEFINITIONAL_REPRESENTATION('',(#7361),#7365);
#7361 = LINE('',#7362,#7363);
#7362 = CARTESIAN_POINT('',(-0.762,3.4925));
#7363 = VECTOR('',#7364,1.);
#7364 = DIRECTION('',(1.,0.E+000));
#7365 = ( GEOMETRIC_REPRESENTATION_CONTEXT(2) 
PARAMETRIC_REPRESENTATION_CONTEXT() REPRESENTATION_CONTEXT('2D SPACE',''
  ) );
#7366 = PCURVE('',#6749,#7367);
#7367 = DEFINITIONAL_REPRESENTATION('',(#7368),#7372);
#7368 = LINE('',#7369,#7370);
#7369 = CARTESIAN_POINT('',(-1.8796,0.E+000));
#7370 = VECTOR('',#7371,1.);
#7371 = DIRECTION('',(0.E+000,-1.));
#7372 = ( GEOMETRIC_REPRESENTATION_CONTEXT(2) 
PARAMETRIC_REPRESENTATION_CONTEXT() REPRESENTATION_CONTEXT('2D SPACE',''
  ) );
#7373 = ORIENTED_EDGE('',*,*,#6933,.F.);
#7374 = ADVANCED_FACE('',(#7375),#2055,.F.);
#7375 = FACE_BOUND('',#7376,.T.);
#7376 = EDGE_LOOP('',(#7377,#7378,#7379,#7380));
#7377 = ORIENTED_EDGE('',*,*,#2821,.T.);
#7378 = ORIENTED_EDGE('',*,*,#7307,.F.);
#7379 = ORIENTED_EDGE('',*,*,#2039,.F.);
#7380 = ORIENTED_EDGE('',*,*,#2418,.T.);
#7381 = ADVANCED_FACE('',(#7382),#2111,.F.);
#7382 = FACE_BOUND('',#7383,.T.);
#7383 = EDGE_LOOP('',(#7384,#7385,#7386,#7387));
#7384 = ORIENTED_EDGE('',*,*,#2095,.T.);
#7385 = ORIENTED_EDGE('',*,*,#7285,.T.);
#7386 = ORIENTED_EDGE('',*,*,#2775,.F.);
#7387 = ORIENTED_EDGE('',*,*,#2443,.F.);
#7388 = ADVANCED_FACE('',(#7389),#6749,.T.);
#7389 = FACE_BOUND('',#7390,.T.);
#7390 = EDGE_LOOP('',(#7391,#7392,#7412,#7413));
#7391 = ORIENTED_EDGE('',*,*,#7204,.F.);
#7392 = ORIENTED_EDGE('',*,*,#7393,.F.);
#7393 = EDGE_CURVE('',#6727,#7182,#7394,.T.);
#7394 = SURFACE_CURVE('',#7395,(#7399,#7406),.PCURVE_S1.);
#7395 = LINE('',#7396,#7397);
#7396 = CARTESIAN_POINT('',(0.9525,-2.8321,-0.3175));
#7397 = VECTOR('',#7398,1.);
#7398 = DIRECTION('',(1.,0.E+000,0.E+000));
#7399 = PCURVE('',#6749,#7400);
#7400 = DEFINITIONAL_REPRESENTATION('',(#7401),#7405);
#7401 = LINE('',#7402,#7403);
#7402 = CARTESIAN_POINT('',(0.E+000,0.E+000));
#7403 = VECTOR('',#7404,1.);
#7404 = DIRECTION('',(0.E+000,-1.));
#7405 = ( GEOMETRIC_REPRESENTATION_CONTEXT(2) 
PARAMETRIC_REPRESENTATION_CONTEXT() REPRESENTATION_CONTEXT('2D SPACE',''
  ) );
#7406 = PCURVE('',#6778,#7407);
#7407 = DEFINITIONAL_REPRESENTATION('',(#7408),#7411);
#7408 = B_SPLINE_CURVE_WITH_KNOTS('',1,(#7409,#7410),.UNSPECIFIED.,.F.,
  .F.,(2,2),(0.E+000,0.635),.PIECEWISE_BEZIER_KNOTS.);
#7409 = CARTESIAN_POINT('',(0.E+000,0.E+000));
#7410 = CARTESIAN_POINT('',(0.E+000,-0.635));
#7411 = ( GEOMETRIC_REPRESENTATION_CONTEXT(2) 
PARAMETRIC_REPRESENTATION_CONTEXT() REPRESENTATION_CONTEXT('2D SPACE',''
  ) );
#7412 = ORIENTED_EDGE('',*,*,#6726,.T.);
#7413 = ORIENTED_EDGE('',*,*,#7353,.T.);
#7414 = ADVANCED_FACE('',(#7415),#6778,.T.);
#7415 = FACE_BOUND('',#7416,.T.);
#7416 = EDGE_LOOP('',(#7417,#7418,#7419,#7439));
#7417 = ORIENTED_EDGE('',*,*,#7393,.T.);
#7418 = ORIENTED_EDGE('',*,*,#7181,.F.);
#7419 = ORIENTED_EDGE('',*,*,#7420,.F.);
#7420 = EDGE_CURVE('',#6762,#7159,#7421,.T.);
#7421 = SURFACE_CURVE('',#7422,(#7426,#7432),.PCURVE_S1.);
#7422 = LINE('',#7423,#7424);
#7423 = CARTESIAN_POINT('',(0.9525,-4.6355,1.4859));
#7424 = VECTOR('',#7425,1.);
#7425 = DIRECTION('',(1.,0.E+000,0.E+000));
#7426 = PCURVE('',#6778,#7427);
#7427 = DEFINITIONAL_REPRESENTATION('',(#7428),#7431);
#7428 = B_SPLINE_CURVE_WITH_KNOTS('',1,(#7429,#7430),.UNSPECIFIED.,.F.,
  .F.,(2,2),(0.E+000,0.635),.PIECEWISE_BEZIER_KNOTS.);
#7429 = CARTESIAN_POINT('',(1.570796326795,0.E+000));
#7430 = CARTESIAN_POINT('',(1.570796326795,-0.635));
#7431 = ( GEOMETRIC_REPRESENTATION_CONTEXT(2) 
PARAMETRIC_REPRESENTATION_CONTEXT() REPRESENTATION_CONTEXT('2D SPACE',''
  ) );
#7432 = PCURVE('',#6805,#7433);
#7433 = DEFINITIONAL_REPRESENTATION('',(#7434),#7438);
#7434 = LINE('',#7435,#7436);
#7435 = CARTESIAN_POINT('',(5.2705,0.E+000));
#7436 = VECTOR('',#7437,1.);
#7437 = DIRECTION('',(0.E+000,1.));
#7438 = ( GEOMETRIC_REPRESENTATION_CONTEXT(2) 
PARAMETRIC_REPRESENTATION_CONTEXT() REPRESENTATION_CONTEXT('2D SPACE',''
  ) );
#7439 = ORIENTED_EDGE('',*,*,#6761,.T.);
#7440 = ADVANCED_FACE('',(#7441),#6805,.T.);
#7441 = FACE_BOUND('',#7442,.T.);
#7442 = EDGE_LOOP('',(#7443,#7444,#7445,#7466));
#7443 = ORIENTED_EDGE('',*,*,#7420,.T.);
#7444 = ORIENTED_EDGE('',*,*,#7158,.F.);
#7445 = ORIENTED_EDGE('',*,*,#7446,.F.);
#7446 = EDGE_CURVE('',#6790,#7136,#7447,.T.);
#7447 = SURFACE_CURVE('',#7448,(#7452,#7459),.PCURVE_S1.);
#7448 = LINE('',#7449,#7450);
#7449 = CARTESIAN_POINT('',(0.9525,-4.6355,6.7564));
#7450 = VECTOR('',#7451,1.);
#7451 = DIRECTION('',(1.,0.E+000,0.E+000));
#7452 = PCURVE('',#6805,#7453);
#7453 = DEFINITIONAL_REPRESENTATION('',(#7454),#7458);
#7454 = LINE('',#7455,#7456);
#7455 = CARTESIAN_POINT('',(0.E+000,0.E+000));
#7456 = VECTOR('',#7457,1.);
#7457 = DIRECTION('',(0.E+000,1.));
#7458 = ( GEOMETRIC_REPRESENTATION_CONTEXT(2) 
PARAMETRIC_REPRESENTATION_CONTEXT() REPRESENTATION_CONTEXT('2D SPACE',''
  ) );
#7459 = PCURVE('',#6833,#7460);
#7460 = DEFINITIONAL_REPRESENTATION('',(#7461),#7465);
#7461 = LINE('',#7462,#7463);
#7462 = CARTESIAN_POINT('',(0.E+000,-0.635));
#7463 = VECTOR('',#7464,1.);
#7464 = DIRECTION('',(1.,0.E+000));
#7465 = ( GEOMETRIC_REPRESENTATION_CONTEXT(2) 
PARAMETRIC_REPRESENTATION_CONTEXT() REPRESENTATION_CONTEXT('2D SPACE',''
  ) );
#7466 = ORIENTED_EDGE('',*,*,#6789,.T.);
#7467 = ADVANCED_FACE('',(#7468),#6833,.T.);
#7468 = FACE_BOUND('',#7469,.T.);
#7469 = EDGE_LOOP('',(#7470,#7471,#7472,#7493));
#7470 = ORIENTED_EDGE('',*,*,#7446,.T.);
#7471 = ORIENTED_EDGE('',*,*,#7135,.F.);
#7472 = ORIENTED_EDGE('',*,*,#7473,.F.);
#7473 = EDGE_CURVE('',#6818,#7113,#7474,.T.);
#7474 = SURFACE_CURVE('',#7475,(#7479,#7486),.PCURVE_S1.);
#7475 = LINE('',#7476,#7477);
#7476 = CARTESIAN_POINT('',(0.9525,-4.0005,6.7564));
#7477 = VECTOR('',#7478,1.);
#7478 = DIRECTION('',(1.,0.E+000,0.E+000));
#7479 = PCURVE('',#6833,#7480);
#7480 = DEFINITIONAL_REPRESENTATION('',(#7481),#7485);
#7481 = LINE('',#7482,#7483);
#7482 = CARTESIAN_POINT('',(0.E+000,0.E+000));
#7483 = VECTOR('',#7484,1.);
#7484 = DIRECTION('',(1.,0.E+000));
#7485 = ( GEOMETRIC_REPRESENTATION_CONTEXT(2) 
PARAMETRIC_REPRESENTATION_CONTEXT() REPRESENTATION_CONTEXT('2D SPACE',''
  ) );
#7486 = PCURVE('',#6861,#7487);
#7487 = DEFINITIONAL_REPRESENTATION('',(#7488),#7492);
#7488 = LINE('',#7489,#7490);
#7489 = CARTESIAN_POINT('',(0.E+000,-5.2705));
#7490 = VECTOR('',#7491,1.);
#7491 = DIRECTION('',(1.,0.E+000));
#7492 = ( GEOMETRIC_REPRESENTATION_CONTEXT(2) 
PARAMETRIC_REPRESENTATION_CONTEXT() REPRESENTATION_CONTEXT('2D SPACE',''
  ) );
#7493 = ORIENTED_EDGE('',*,*,#6817,.T.);
#7494 = ADVANCED_FACE('',(#7495),#6861,.T.);
#7495 = FACE_BOUND('',#7496,.T.);
#7496 = EDGE_LOOP('',(#7497,#7498,#7499,#7519));
#7497 = ORIENTED_EDGE('',*,*,#7473,.T.);
#7498 = ORIENTED_EDGE('',*,*,#7112,.F.);
#7499 = ORIENTED_EDGE('',*,*,#7500,.F.);
#7500 = EDGE_CURVE('',#6846,#7086,#7501,.T.);
#7501 = SURFACE_CURVE('',#7502,(#7506,#7513),.PCURVE_S1.);
#7502 = LINE('',#7503,#7504);
#7503 = CARTESIAN_POINT('',(0.9525,-4.0005,1.4859));
#7504 = VECTOR('',#7505,1.);
#7505 = DIRECTION('',(1.,0.E+000,0.E+000));
#7506 = PCURVE('',#6861,#7507);
#7507 = DEFINITIONAL_REPRESENTATION('',(#7508),#7512);
#7508 = LINE('',#7509,#7510);
#7509 = CARTESIAN_POINT('',(0.E+000,0.E+000));
#7510 = VECTOR('',#7511,1.);
#7511 = DIRECTION('',(1.,0.E+000));
#7512 = ( GEOMETRIC_REPRESENTATION_CONTEXT(2) 
PARAMETRIC_REPRESENTATION_CONTEXT() REPRESENTATION_CONTEXT('2D SPACE',''
  ) );
#7513 = PCURVE('',#6894,#7514);
#7514 = DEFINITIONAL_REPRESENTATION('',(#7515),#7518);
#7515 = B_SPLINE_CURVE_WITH_KNOTS('',1,(#7516,#7517),.UNSPECIFIED.,.F.,
  .F.,(2,2),(0.E+000,0.635),.PIECEWISE_BEZIER_KNOTS.);
#7516 = CARTESIAN_POINT('',(1.570796326795,0.E+000));
#7517 = CARTESIAN_POINT('',(1.570796326795,-0.635));
#7518 = ( GEOMETRIC_REPRESENTATION_CONTEXT(2) 
PARAMETRIC_REPRESENTATION_CONTEXT() REPRESENTATION_CONTEXT('2D SPACE',''
  ) );
#7519 = ORIENTED_EDGE('',*,*,#6845,.T.);
#7520 = ADVANCED_FACE('',(#7521),#6894,.F.);
#7521 = FACE_BOUND('',#7522,.F.);
#7522 = EDGE_LOOP('',(#7523,#7524,#7525,#7545));
#7523 = ORIENTED_EDGE('',*,*,#7500,.F.);
#7524 = ORIENTED_EDGE('',*,*,#6873,.F.);
#7525 = ORIENTED_EDGE('',*,*,#7526,.T.);
#7526 = EDGE_CURVE('',#6874,#7058,#7527,.T.);
#7527 = SURFACE_CURVE('',#7528,(#7532,#7538),.PCURVE_S1.);
#7528 = LINE('',#7529,#7530);
#7529 = CARTESIAN_POINT('',(0.9525,-2.8321,0.3175));
#7530 = VECTOR('',#7531,1.);
#7531 = DIRECTION('',(1.,0.E+000,0.E+000));
#7532 = PCURVE('',#6894,#7533);
#7533 = DEFINITIONAL_REPRESENTATION('',(#7534),#7537);
#7534 = B_SPLINE_CURVE_WITH_KNOTS('',1,(#7535,#7536),.UNSPECIFIED.,.F.,
  .F.,(2,2),(0.E+000,0.635),.PIECEWISE_BEZIER_KNOTS.);
#7535 = CARTESIAN_POINT('',(0.E+000,0.E+000));
#7536 = CARTESIAN_POINT('',(0.E+000,-0.635));
#7537 = ( GEOMETRIC_REPRESENTATION_CONTEXT(2) 
PARAMETRIC_REPRESENTATION_CONTEXT() REPRESENTATION_CONTEXT('2D SPACE',''
  ) );
#7538 = PCURVE('',#6921,#7539);
#7539 = DEFINITIONAL_REPRESENTATION('',(#7540),#7544);
#7540 = LINE('',#7541,#7542);
#7541 = CARTESIAN_POINT('',(0.E+000,-1.8796));
#7542 = VECTOR('',#7543,1.);
#7543 = DIRECTION('',(1.,0.E+000));
#7544 = ( GEOMETRIC_REPRESENTATION_CONTEXT(2) 
PARAMETRIC_REPRESENTATION_CONTEXT() REPRESENTATION_CONTEXT('2D SPACE',''
  ) );
#7545 = ORIENTED_EDGE('',*,*,#7085,.T.);
#7546 = ADVANCED_FACE('',(#7547),#6921,.T.);
#7547 = FACE_BOUND('',#7548,.T.);
#7548 = EDGE_LOOP('',(#7549,#7550,#7551,#7552));
#7549 = ORIENTED_EDGE('',*,*,#6905,.T.);
#7550 = ORIENTED_EDGE('',*,*,#7526,.T.);
#7551 = ORIENTED_EDGE('',*,*,#7055,.F.);
#7552 = ORIENTED_EDGE('',*,*,#7331,.F.);
#7553 = ADVANCED_FACE('',(#7554),#3307,.T.);
#7554 = FACE_BOUND('',#7555,.T.);
#7555 = EDGE_LOOP('',(#7556,#7579,#7600,#7601));
#7556 = ORIENTED_EDGE('',*,*,#7557,.F.);
#7557 = EDGE_CURVE('',#7558,#4056,#7560,.T.);
#7558 = VERTEX_POINT('',#7559);
#7559 = CARTESIAN_POINT('',(4.1275,8.1915,0.3175));
#7560 = SURFACE_CURVE('',#7561,(#7565,#7572),.PCURVE_S1.);
#7561 = LINE('',#7562,#7563);
#7562 = CARTESIAN_POINT('',(4.1275,8.1915,0.3175));
#7563 = VECTOR('',#7564,1.);
#7564 = DIRECTION('',(0.E+000,-1.,0.E+000));
#7565 = PCURVE('',#3307,#7566);
#7566 = DEFINITIONAL_REPRESENTATION('',(#7567),#7571);
#7567 = LINE('',#7568,#7569);
#7568 = CARTESIAN_POINT('',(0.635,0.E+000));
#7569 = VECTOR('',#7570,1.);
#7570 = DIRECTION('',(0.E+000,-1.));
#7571 = ( GEOMETRIC_REPRESENTATION_CONTEXT(2) 
PARAMETRIC_REPRESENTATION_CONTEXT() REPRESENTATION_CONTEXT('2D SPACE',''
  ) );
#7572 = PCURVE('',#4071,#7573);
#7573 = DEFINITIONAL_REPRESENTATION('',(#7574),#7578);
#7574 = LINE('',#7575,#7576);
#7575 = CARTESIAN_POINT('',(9.144,-2.8575));
#7576 = VECTOR('',#7577,1.);
#7577 = DIRECTION('',(-1.,0.E+000));
#7578 = ( GEOMETRIC_REPRESENTATION_CONTEXT(2) 
PARAMETRIC_REPRESENTATION_CONTEXT() REPRESENTATION_CONTEXT('2D SPACE',''
  ) );
#7579 = ORIENTED_EDGE('',*,*,#7580,.F.);
#7580 = EDGE_CURVE('',#3285,#7558,#7581,.T.);
#7581 = SURFACE_CURVE('',#7582,(#7586,#7593),.PCURVE_S1.);
#7582 = LINE('',#7583,#7584);
#7583 = CARTESIAN_POINT('',(3.4925,8.1915,0.3175));
#7584 = VECTOR('',#7585,1.);
#7585 = DIRECTION('',(1.,0.E+000,0.E+000));
#7586 = PCURVE('',#3307,#7587);
#7587 = DEFINITIONAL_REPRESENTATION('',(#7588),#7592);
#7588 = LINE('',#7589,#7590);
#7589 = CARTESIAN_POINT('',(0.E+000,0.E+000));
#7590 = VECTOR('',#7591,1.);
#7591 = DIRECTION('',(1.,0.E+000));
#7592 = ( GEOMETRIC_REPRESENTATION_CONTEXT(2) 
PARAMETRIC_REPRESENTATION_CONTEXT() REPRESENTATION_CONTEXT('2D SPACE',''
  ) );
#7593 = PCURVE('',#3335,#7594);
#7594 = DEFINITIONAL_REPRESENTATION('',(#7595),#7599);
#7595 = LINE('',#7596,#7597);
#7596 = CARTESIAN_POINT('',(0.E+000,-0.635));
#7597 = VECTOR('',#7598,1.);
#7598 = DIRECTION('',(1.,0.E+000));
#7599 = ( GEOMETRIC_REPRESENTATION_CONTEXT(2) 
PARAMETRIC_REPRESENTATION_CONTEXT() REPRESENTATION_CONTEXT('2D SPACE',''
  ) );
#7600 = ORIENTED_EDGE('',*,*,#3284,.T.);
#7601 = ORIENTED_EDGE('',*,*,#4083,.T.);
#7602 = ADVANCED_FACE('',(#7603),#3335,.T.);
#7603 = FACE_BOUND('',#7604,.T.);
#7604 = EDGE_LOOP('',(#7605,#7606,#7629,#7650));
#7605 = ORIENTED_EDGE('',*,*,#7580,.T.);
#7606 = ORIENTED_EDGE('',*,*,#7607,.F.);
#7607 = EDGE_CURVE('',#7608,#7558,#7610,.T.);
#7608 = VERTEX_POINT('',#7609);
#7609 = CARTESIAN_POINT('',(4.1275,8.1915,-0.3175));
#7610 = SURFACE_CURVE('',#7611,(#7615,#7622),.PCURVE_S1.);
#7611 = LINE('',#7612,#7613);
#7612 = CARTESIAN_POINT('',(4.1275,8.1915,-0.3175));
#7613 = VECTOR('',#7614,1.);
#7614 = DIRECTION('',(0.E+000,0.E+000,1.));
#7615 = PCURVE('',#3335,#7616);
#7616 = DEFINITIONAL_REPRESENTATION('',(#7617),#7621);
#7617 = LINE('',#7618,#7619);
#7618 = CARTESIAN_POINT('',(0.635,0.E+000));
#7619 = VECTOR('',#7620,1.);
#7620 = DIRECTION('',(0.E+000,-1.));
#7621 = ( GEOMETRIC_REPRESENTATION_CONTEXT(2) 
PARAMETRIC_REPRESENTATION_CONTEXT() REPRESENTATION_CONTEXT('2D SPACE',''
  ) );
#7622 = PCURVE('',#4071,#7623);
#7623 = DEFINITIONAL_REPRESENTATION('',(#7624),#7628);
#7624 = LINE('',#7625,#7626);
#7625 = CARTESIAN_POINT('',(9.144,-3.4925));
#7626 = VECTOR('',#7627,1.);
#7627 = DIRECTION('',(0.E+000,1.));
#7628 = ( GEOMETRIC_REPRESENTATION_CONTEXT(2) 
PARAMETRIC_REPRESENTATION_CONTEXT() REPRESENTATION_CONTEXT('2D SPACE',''
  ) );
#7629 = ORIENTED_EDGE('',*,*,#7630,.F.);
#7630 = EDGE_CURVE('',#3320,#7608,#7631,.T.);
#7631 = SURFACE_CURVE('',#7632,(#7636,#7643),.PCURVE_S1.);
#7632 = LINE('',#7633,#7634);
#7633 = CARTESIAN_POINT('',(3.4925,8.1915,-0.3175));
#7634 = VECTOR('',#7635,1.);
#7635 = DIRECTION('',(1.,0.E+000,0.E+000));
#7636 = PCURVE('',#3335,#7637);
#7637 = DEFINITIONAL_REPRESENTATION('',(#7638),#7642);
#7638 = LINE('',#7639,#7640);
#7639 = CARTESIAN_POINT('',(0.E+000,0.E+000));
#7640 = VECTOR('',#7641,1.);
#7641 = DIRECTION('',(1.,0.E+000));
#7642 = ( GEOMETRIC_REPRESENTATION_CONTEXT(2) 
PARAMETRIC_REPRESENTATION_CONTEXT() REPRESENTATION_CONTEXT('2D SPACE',''
  ) );
#7643 = PCURVE('',#3363,#7644);
#7644 = DEFINITIONAL_REPRESENTATION('',(#7645),#7649);
#7645 = LINE('',#7646,#7647);
#7646 = CARTESIAN_POINT('',(-6.604,0.E+000));
#7647 = VECTOR('',#7648,1.);
#7648 = DIRECTION('',(0.E+000,-1.));
#7649 = ( GEOMETRIC_REPRESENTATION_CONTEXT(2) 
PARAMETRIC_REPRESENTATION_CONTEXT() REPRESENTATION_CONTEXT('2D SPACE',''
  ) );
#7650 = ORIENTED_EDGE('',*,*,#3319,.T.);
#7651 = ADVANCED_FACE('',(#7652),#3363,.T.);
#7652 = FACE_BOUND('',#7653,.T.);
#7653 = EDGE_LOOP('',(#7654,#7655,#7656,#7677));
#7654 = ORIENTED_EDGE('',*,*,#3347,.T.);
#7655 = ORIENTED_EDGE('',*,*,#7630,.T.);
#7656 = ORIENTED_EDGE('',*,*,#7657,.F.);
#7657 = EDGE_CURVE('',#4033,#7608,#7658,.T.);
#7658 = SURFACE_CURVE('',#7659,(#7663,#7670),.PCURVE_S1.);
#7659 = LINE('',#7660,#7661);
#7660 = CARTESIAN_POINT('',(4.1275,1.5875,-0.3175));
#7661 = VECTOR('',#7662,1.);
#7662 = DIRECTION('',(0.E+000,1.,0.E+000));
#7663 = PCURVE('',#3363,#7664);
#7664 = DEFINITIONAL_REPRESENTATION('',(#7665),#7669);
#7665 = LINE('',#7666,#7667);
#7666 = CARTESIAN_POINT('',(0.E+000,-0.635));
#7667 = VECTOR('',#7668,1.);
#7668 = DIRECTION('',(-1.,0.E+000));
#7669 = ( GEOMETRIC_REPRESENTATION_CONTEXT(2) 
PARAMETRIC_REPRESENTATION_CONTEXT() REPRESENTATION_CONTEXT('2D SPACE',''
  ) );
#7670 = PCURVE('',#4071,#7671);
#7671 = DEFINITIONAL_REPRESENTATION('',(#7672),#7676);
#7672 = LINE('',#7673,#7674);
#7673 = CARTESIAN_POINT('',(2.54,-3.4925));
#7674 = VECTOR('',#7675,1.);
#7675 = DIRECTION('',(1.,0.E+000));
#7676 = ( GEOMETRIC_REPRESENTATION_CONTEXT(2) 
PARAMETRIC_REPRESENTATION_CONTEXT() REPRESENTATION_CONTEXT('2D SPACE',''
  ) );
#7677 = ORIENTED_EDGE('',*,*,#4032,.F.);
#7678 = ADVANCED_FACE('',(#7679),#4071,.T.);
#7679 = FACE_BOUND('',#7680,.T.);
#7680 = EDGE_LOOP('',(#7681,#7682,#7683,#7684));
#7681 = ORIENTED_EDGE('',*,*,#7657,.T.);
#7682 = ORIENTED_EDGE('',*,*,#7607,.T.);
#7683 = ORIENTED_EDGE('',*,*,#7557,.T.);
#7684 = ORIENTED_EDGE('',*,*,#4055,.T.);
#7685 = ADVANCED_FACE('',(#7686),#3208,.T.);
#7686 = FACE_BOUND('',#7687,.T.);
#7687 = EDGE_LOOP('',(#7688,#7711,#7738,#7761,#7784,#7807,#7830,#7851));
#7688 = ORIENTED_EDGE('',*,*,#7689,.T.);
#7689 = EDGE_CURVE('',#3165,#7690,#7692,.T.);
#7690 = VERTEX_POINT('',#7691);
#7691 = CARTESIAN_POINT('',(4.1275,-2.8321,0.3175));
#7692 = SURFACE_CURVE('',#7693,(#7697,#7704),.PCURVE_S1.);
#7693 = LINE('',#7694,#7695);
#7694 = CARTESIAN_POINT('',(4.1275,-0.9525,0.3175));
#7695 = VECTOR('',#7696,1.);
#7696 = DIRECTION('',(0.E+000,-1.,0.E+000));
#7697 = PCURVE('',#3208,#7698);
#7698 = DEFINITIONAL_REPRESENTATION('',(#7699),#7703);
#7699 = LINE('',#7700,#7701);
#7700 = CARTESIAN_POINT('',(0.E+000,-2.8575));
#7701 = VECTOR('',#7702,1.);
#7702 = DIRECTION('',(-1.,0.E+000));
#7703 = ( GEOMETRIC_REPRESENTATION_CONTEXT(2) 
PARAMETRIC_REPRESENTATION_CONTEXT() REPRESENTATION_CONTEXT('2D SPACE',''
  ) );
#7704 = PCURVE('',#3180,#7705);
#7705 = DEFINITIONAL_REPRESENTATION('',(#7706),#7710);
#7706 = LINE('',#7707,#7708);
#7707 = CARTESIAN_POINT('',(0.635,0.E+000));
#7708 = VECTOR('',#7709,1.);
#7709 = DIRECTION('',(0.E+000,-1.));
#7710 = ( GEOMETRIC_REPRESENTATION_CONTEXT(2) 
PARAMETRIC_REPRESENTATION_CONTEXT() REPRESENTATION_CONTEXT('2D SPACE',''
  ) );
#7711 = ORIENTED_EDGE('',*,*,#7712,.T.);
#7712 = EDGE_CURVE('',#7690,#7713,#7715,.T.);
#7713 = VERTEX_POINT('',#7714);
#7714 = CARTESIAN_POINT('',(4.1275,-4.0005,1.4859));
#7715 = SURFACE_CURVE('',#7716,(#7721,#7732),.PCURVE_S1.);
#7716 = CIRCLE('',#7717,1.1684);
#7717 = AXIS2_PLACEMENT_3D('',#7718,#7719,#7720);
#7718 = CARTESIAN_POINT('',(4.1275,-2.8321,1.4859));
#7719 = DIRECTION('',(-1.,0.E+000,0.E+000));
#7720 = DIRECTION('',(0.E+000,0.E+000,-1.));
#7721 = PCURVE('',#3208,#7722);
#7722 = DEFINITIONAL_REPRESENTATION('',(#7723),#7731);
#7723 = ( BOUNDED_CURVE() B_SPLINE_CURVE(2,(#7724,#7725,#7726,#7727,
#7728,#7729,#7730),.UNSPECIFIED.,.T.,.F.) B_SPLINE_CURVE_WITH_KNOTS((1,2
    ,2,2,2,1),(-2.094395102393,0.E+000,2.094395102393,4.188790204786,
6.28318530718,8.377580409573),.UNSPECIFIED.) CURVE() 
GEOMETRIC_REPRESENTATION_ITEM() RATIONAL_B_SPLINE_CURVE((1.,0.5,1.,0.5,
1.,0.5,1.)) REPRESENTATION_ITEM('') );
#7724 = CARTESIAN_POINT('',(-1.8796,-2.8575));
#7725 = CARTESIAN_POINT('',(-3.903328163563,-2.8575));
#7726 = CARTESIAN_POINT('',(-2.891464081782,-1.1049));
#7727 = CARTESIAN_POINT('',(-1.8796,0.6477));
#7728 = CARTESIAN_POINT('',(-0.867735918218,-1.1049));
#7729 = CARTESIAN_POINT('',(0.144128163563,-2.8575));
#7730 = CARTESIAN_POINT('',(-1.8796,-2.8575));
#7731 = ( GEOMETRIC_REPRESENTATION_CONTEXT(2) 
PARAMETRIC_REPRESENTATION_CONTEXT() REPRESENTATION_CONTEXT('2D SPACE',''
  ) );
#7732 = PCURVE('',#3555,#7733);
#7733 = DEFINITIONAL_REPRESENTATION('',(#7734),#7737);
#7734 = B_SPLINE_CURVE_WITH_KNOTS('',1,(#7735,#7736),.UNSPECIFIED.,.F.,
  .F.,(2,2),(0.E+000,1.570796326795),.PIECEWISE_BEZIER_KNOTS.);
#7735 = CARTESIAN_POINT('',(0.E+000,-0.635));
#7736 = CARTESIAN_POINT('',(1.570796326795,-0.635));
#7737 = ( GEOMETRIC_REPRESENTATION_CONTEXT(2) 
PARAMETRIC_REPRESENTATION_CONTEXT() REPRESENTATION_CONTEXT('2D SPACE',''
  ) );
#7738 = ORIENTED_EDGE('',*,*,#7739,.T.);
#7739 = EDGE_CURVE('',#7713,#7740,#7742,.T.);
#7740 = VERTEX_POINT('',#7741);
#7741 = CARTESIAN_POINT('',(4.1275,-4.0005,6.7564));
#7742 = SURFACE_CURVE('',#7743,(#7747,#7754),.PCURVE_S1.);
#7743 = LINE('',#7744,#7745);
#7744 = CARTESIAN_POINT('',(4.1275,-4.0005,1.4859));
#7745 = VECTOR('',#7746,1.);
#7746 = DIRECTION('',(0.E+000,0.E+000,1.));
#7747 = PCURVE('',#3208,#7748);
#7748 = DEFINITIONAL_REPRESENTATION('',(#7749),#7753);
#7749 = LINE('',#7750,#7751);
#7750 = CARTESIAN_POINT('',(-3.048,-1.6891));
#7751 = VECTOR('',#7752,1.);
#7752 = DIRECTION('',(0.E+000,1.));
#7753 = ( GEOMETRIC_REPRESENTATION_CONTEXT(2) 
PARAMETRIC_REPRESENTATION_CONTEXT() REPRESENTATION_CONTEXT('2D SPACE',''
  ) );
#7754 = PCURVE('',#3522,#7755);
#7755 = DEFINITIONAL_REPRESENTATION('',(#7756),#7760);
#7756 = LINE('',#7757,#7758);
#7757 = CARTESIAN_POINT('',(0.635,0.E+000));
#7758 = VECTOR('',#7759,1.);
#7759 = DIRECTION('',(0.E+000,-1.));
#7760 = ( GEOMETRIC_REPRESENTATION_CONTEXT(2) 
PARAMETRIC_REPRESENTATION_CONTEXT() REPRESENTATION_CONTEXT('2D SPACE',''
  ) );
#7761 = ORIENTED_EDGE('',*,*,#7762,.T.);
#7762 = EDGE_CURVE('',#7740,#7763,#7765,.T.);
#7763 = VERTEX_POINT('',#7764);
#7764 = CARTESIAN_POINT('',(4.1275,-4.6355,6.7564));
#7765 = SURFACE_CURVE('',#7766,(#7770,#7777),.PCURVE_S1.);
#7766 = LINE('',#7767,#7768);
#7767 = CARTESIAN_POINT('',(4.1275,-4.0005,6.7564));
#7768 = VECTOR('',#7769,1.);
#7769 = DIRECTION('',(0.E+000,-1.,0.E+000));
#7770 = PCURVE('',#3208,#7771);
#7771 = DEFINITIONAL_REPRESENTATION('',(#7772),#7776);
#7772 = LINE('',#7773,#7774);
#7773 = CARTESIAN_POINT('',(-3.048,3.5814));
#7774 = VECTOR('',#7775,1.);
#7775 = DIRECTION('',(-1.,0.E+000));
#7776 = ( GEOMETRIC_REPRESENTATION_CONTEXT(2) 
PARAMETRIC_REPRESENTATION_CONTEXT() REPRESENTATION_CONTEXT('2D SPACE',''
  ) );
#7777 = PCURVE('',#3494,#7778);
#7778 = DEFINITIONAL_REPRESENTATION('',(#7779),#7783);
#7779 = LINE('',#7780,#7781);
#7780 = CARTESIAN_POINT('',(0.635,0.E+000));
#7781 = VECTOR('',#7782,1.);
#7782 = DIRECTION('',(0.E+000,-1.));
#7783 = ( GEOMETRIC_REPRESENTATION_CONTEXT(2) 
PARAMETRIC_REPRESENTATION_CONTEXT() REPRESENTATION_CONTEXT('2D SPACE',''
  ) );
#7784 = ORIENTED_EDGE('',*,*,#7785,.T.);
#7785 = EDGE_CURVE('',#7763,#7786,#7788,.T.);
#7786 = VERTEX_POINT('',#7787);
#7787 = CARTESIAN_POINT('',(4.1275,-4.6355,1.4859));
#7788 = SURFACE_CURVE('',#7789,(#7793,#7800),.PCURVE_S1.);
#7789 = LINE('',#7790,#7791);
#7790 = CARTESIAN_POINT('',(4.1275,-4.6355,6.7564));
#7791 = VECTOR('',#7792,1.);
#7792 = DIRECTION('',(0.E+000,0.E+000,-1.));
#7793 = PCURVE('',#3208,#7794);
#7794 = DEFINITIONAL_REPRESENTATION('',(#7795),#7799);
#7795 = LINE('',#7796,#7797);
#7796 = CARTESIAN_POINT('',(-3.683,3.5814));
#7797 = VECTOR('',#7798,1.);
#7798 = DIRECTION('',(0.E+000,-1.));
#7799 = ( GEOMETRIC_REPRESENTATION_CONTEXT(2) 
PARAMETRIC_REPRESENTATION_CONTEXT() REPRESENTATION_CONTEXT('2D SPACE',''
  ) );
#7800 = PCURVE('',#3466,#7801);
#7801 = DEFINITIONAL_REPRESENTATION('',(#7802),#7806);
#7802 = LINE('',#7803,#7804);
#7803 = CARTESIAN_POINT('',(0.E+000,0.635));
#7804 = VECTOR('',#7805,1.);
#7805 = DIRECTION('',(1.,0.E+000));
#7806 = ( GEOMETRIC_REPRESENTATION_CONTEXT(2) 
PARAMETRIC_REPRESENTATION_CONTEXT() REPRESENTATION_CONTEXT('2D SPACE',''
  ) );
#7807 = ORIENTED_EDGE('',*,*,#7808,.T.);
#7808 = EDGE_CURVE('',#7786,#7809,#7811,.T.);
#7809 = VERTEX_POINT('',#7810);
#7810 = CARTESIAN_POINT('',(4.1275,-2.8321,-0.3175));
#7811 = SURFACE_CURVE('',#7812,(#7817,#7824),.PCURVE_S1.);
#7812 = CIRCLE('',#7813,1.8034);
#7813 = AXIS2_PLACEMENT_3D('',#7814,#7815,#7816);
#7814 = CARTESIAN_POINT('',(4.1275,-2.8321,1.4859));
#7815 = DIRECTION('',(1.,0.E+000,0.E+000));
#7816 = DIRECTION('',(0.E+000,-1.,0.E+000));
#7817 = PCURVE('',#3208,#7818);
#7818 = DEFINITIONAL_REPRESENTATION('',(#7819),#7823);
#7819 = CIRCLE('',#7820,1.8034);
#7820 = AXIS2_PLACEMENT_2D('',#7821,#7822);
#7821 = CARTESIAN_POINT('',(-1.8796,-1.6891));
#7822 = DIRECTION('',(-1.,0.E+000));
#7823 = ( GEOMETRIC_REPRESENTATION_CONTEXT(2) 
PARAMETRIC_REPRESENTATION_CONTEXT() REPRESENTATION_CONTEXT('2D SPACE',''
  ) );
#7824 = PCURVE('',#3439,#7825);
#7825 = DEFINITIONAL_REPRESENTATION('',(#7826),#7829);
#7826 = B_SPLINE_CURVE_WITH_KNOTS('',1,(#7827,#7828),.UNSPECIFIED.,.F.,
  .F.,(2,2),(0.E+000,1.570796326795),.PIECEWISE_BEZIER_KNOTS.);
#7827 = CARTESIAN_POINT('',(1.570796326795,-0.635));
#7828 = CARTESIAN_POINT('',(0.E+000,-0.635));
#7829 = ( GEOMETRIC_REPRESENTATION_CONTEXT(2) 
PARAMETRIC_REPRESENTATION_CONTEXT() REPRESENTATION_CONTEXT('2D SPACE',''
  ) );
#7830 = ORIENTED_EDGE('',*,*,#7831,.T.);
#7831 = EDGE_CURVE('',#7809,#3193,#7832,.T.);
#7832 = SURFACE_CURVE('',#7833,(#7837,#7844),.PCURVE_S1.);
#7833 = LINE('',#7834,#7835);
#7834 = CARTESIAN_POINT('',(4.1275,-2.8321,-0.3175));
#7835 = VECTOR('',#7836,1.);
#7836 = DIRECTION('',(0.E+000,1.,0.E+000));
#7837 = PCURVE('',#3208,#7838);
#7838 = DEFINITIONAL_REPRESENTATION('',(#7839),#7843);
#7839 = LINE('',#7840,#7841);
#7840 = CARTESIAN_POINT('',(-1.8796,-3.4925));
#7841 = VECTOR('',#7842,1.);
#7842 = DIRECTION('',(1.,0.E+000));
#7843 = ( GEOMETRIC_REPRESENTATION_CONTEXT(2) 
PARAMETRIC_REPRESENTATION_CONTEXT() REPRESENTATION_CONTEXT('2D SPACE',''
  ) );
#7844 = PCURVE('',#3236,#7845);
#7845 = DEFINITIONAL_REPRESENTATION('',(#7846),#7850);
#7846 = LINE('',#7847,#7848);
#7847 = CARTESIAN_POINT('',(0.E+000,-0.635));
#7848 = VECTOR('',#7849,1.);
#7849 = DIRECTION('',(-1.,0.E+000));
#7850 = ( GEOMETRIC_REPRESENTATION_CONTEXT(2) 
PARAMETRIC_REPRESENTATION_CONTEXT() REPRESENTATION_CONTEXT('2D SPACE',''
  ) );
#7851 = ORIENTED_EDGE('',*,*,#3192,.F.);
#7852 = ADVANCED_FACE('',(#7853),#3236,.T.);
#7853 = FACE_BOUND('',#7854,.T.);
#7854 = EDGE_LOOP('',(#7855,#7856,#7876,#7877));
#7855 = ORIENTED_EDGE('',*,*,#7831,.F.);
#7856 = ORIENTED_EDGE('',*,*,#7857,.F.);
#7857 = EDGE_CURVE('',#3400,#7809,#7858,.T.);
#7858 = SURFACE_CURVE('',#7859,(#7863,#7870),.PCURVE_S1.);
#7859 = LINE('',#7860,#7861);
#7860 = CARTESIAN_POINT('',(3.4925,-2.8321,-0.3175));
#7861 = VECTOR('',#7862,1.);
#7862 = DIRECTION('',(1.,0.E+000,0.E+000));
#7863 = PCURVE('',#3236,#7864);
#7864 = DEFINITIONAL_REPRESENTATION('',(#7865),#7869);
#7865 = LINE('',#7866,#7867);
#7866 = CARTESIAN_POINT('',(0.E+000,0.E+000));
#7867 = VECTOR('',#7868,1.);
#7868 = DIRECTION('',(0.E+000,-1.));
#7869 = ( GEOMETRIC_REPRESENTATION_CONTEXT(2) 
PARAMETRIC_REPRESENTATION_CONTEXT() REPRESENTATION_CONTEXT('2D SPACE',''
  ) );
#7870 = PCURVE('',#3439,#7871);
#7871 = DEFINITIONAL_REPRESENTATION('',(#7872),#7875);
#7872 = B_SPLINE_CURVE_WITH_KNOTS('',1,(#7873,#7874),.UNSPECIFIED.,.F.,
  .F.,(2,2),(0.E+000,0.635),.PIECEWISE_BEZIER_KNOTS.);
#7873 = CARTESIAN_POINT('',(0.E+000,0.E+000));
#7874 = CARTESIAN_POINT('',(0.E+000,-0.635));
#7875 = ( GEOMETRIC_REPRESENTATION_CONTEXT(2) 
PARAMETRIC_REPRESENTATION_CONTEXT() REPRESENTATION_CONTEXT('2D SPACE',''
  ) );
#7876 = ORIENTED_EDGE('',*,*,#3399,.T.);
#7877 = ORIENTED_EDGE('',*,*,#3220,.T.);
#7878 = ADVANCED_FACE('',(#7879),#3439,.T.);
#7879 = FACE_BOUND('',#7880,.T.);
#7880 = EDGE_LOOP('',(#7881,#7882,#7883,#7903));
#7881 = ORIENTED_EDGE('',*,*,#7857,.T.);
#7882 = ORIENTED_EDGE('',*,*,#7808,.F.);
#7883 = ORIENTED_EDGE('',*,*,#7884,.F.);
#7884 = EDGE_CURVE('',#3423,#7786,#7885,.T.);
#7885 = SURFACE_CURVE('',#7886,(#7890,#7896),.PCURVE_S1.);
#7886 = LINE('',#7887,#7888);
#7887 = CARTESIAN_POINT('',(3.4925,-4.6355,1.4859));
#7888 = VECTOR('',#7889,1.);
#7889 = DIRECTION('',(1.,0.E+000,0.E+000));
#7890 = PCURVE('',#3439,#7891);
#7891 = DEFINITIONAL_REPRESENTATION('',(#7892),#7895);
#7892 = B_SPLINE_CURVE_WITH_KNOTS('',1,(#7893,#7894),.UNSPECIFIED.,.F.,
  .F.,(2,2),(0.E+000,0.635),.PIECEWISE_BEZIER_KNOTS.);
#7893 = CARTESIAN_POINT('',(1.570796326795,0.E+000));
#7894 = CARTESIAN_POINT('',(1.570796326795,-0.635));
#7895 = ( GEOMETRIC_REPRESENTATION_CONTEXT(2) 
PARAMETRIC_REPRESENTATION_CONTEXT() REPRESENTATION_CONTEXT('2D SPACE',''
  ) );
#7896 = PCURVE('',#3466,#7897);
#7897 = DEFINITIONAL_REPRESENTATION('',(#7898),#7902);
#7898 = LINE('',#7899,#7900);
#7899 = CARTESIAN_POINT('',(5.2705,0.E+000));
#7900 = VECTOR('',#7901,1.);
#7901 = DIRECTION('',(0.E+000,1.));
#7902 = ( GEOMETRIC_REPRESENTATION_CONTEXT(2) 
PARAMETRIC_REPRESENTATION_CONTEXT() REPRESENTATION_CONTEXT('2D SPACE',''
  ) );
#7903 = ORIENTED_EDGE('',*,*,#3422,.T.);
#7904 = ADVANCED_FACE('',(#7905),#3466,.T.);
#7905 = FACE_BOUND('',#7906,.T.);
#7906 = EDGE_LOOP('',(#7907,#7908,#7909,#7930));
#7907 = ORIENTED_EDGE('',*,*,#7884,.T.);
#7908 = ORIENTED_EDGE('',*,*,#7785,.F.);
#7909 = ORIENTED_EDGE('',*,*,#7910,.F.);
#7910 = EDGE_CURVE('',#3451,#7763,#7911,.T.);
#7911 = SURFACE_CURVE('',#7912,(#7916,#7923),.PCURVE_S1.);
#7912 = LINE('',#7913,#7914);
#7913 = CARTESIAN_POINT('',(3.4925,-4.6355,6.7564));
#7914 = VECTOR('',#7915,1.);
#7915 = DIRECTION('',(1.,0.E+000,0.E+000));
#7916 = PCURVE('',#3466,#7917);
#7917 = DEFINITIONAL_REPRESENTATION('',(#7918),#7922);
#7918 = LINE('',#7919,#7920);
#7919 = CARTESIAN_POINT('',(0.E+000,0.E+000));
#7920 = VECTOR('',#7921,1.);
#7921 = DIRECTION('',(0.E+000,1.));
#7922 = ( GEOMETRIC_REPRESENTATION_CONTEXT(2) 
PARAMETRIC_REPRESENTATION_CONTEXT() REPRESENTATION_CONTEXT('2D SPACE',''
  ) );
#7923 = PCURVE('',#3494,#7924);
#7924 = DEFINITIONAL_REPRESENTATION('',(#7925),#7929);
#7925 = LINE('',#7926,#7927);
#7926 = CARTESIAN_POINT('',(0.E+000,-0.635));
#7927 = VECTOR('',#7928,1.);
#7928 = DIRECTION('',(1.,0.E+000));
#7929 = ( GEOMETRIC_REPRESENTATION_CONTEXT(2) 
PARAMETRIC_REPRESENTATION_CONTEXT() REPRESENTATION_CONTEXT('2D SPACE',''
  ) );
#7930 = ORIENTED_EDGE('',*,*,#3450,.T.);
#7931 = ADVANCED_FACE('',(#7932),#3494,.T.);
#7932 = FACE_BOUND('',#7933,.T.);
#7933 = EDGE_LOOP('',(#7934,#7935,#7936,#7957));
#7934 = ORIENTED_EDGE('',*,*,#7910,.T.);
#7935 = ORIENTED_EDGE('',*,*,#7762,.F.);
#7936 = ORIENTED_EDGE('',*,*,#7937,.F.);
#7937 = EDGE_CURVE('',#3479,#7740,#7938,.T.);
#7938 = SURFACE_CURVE('',#7939,(#7943,#7950),.PCURVE_S1.);
#7939 = LINE('',#7940,#7941);
#7940 = CARTESIAN_POINT('',(3.4925,-4.0005,6.7564));
#7941 = VECTOR('',#7942,1.);
#7942 = DIRECTION('',(1.,0.E+000,0.E+000));
#7943 = PCURVE('',#3494,#7944);
#7944 = DEFINITIONAL_REPRESENTATION('',(#7945),#7949);
#7945 = LINE('',#7946,#7947);
#7946 = CARTESIAN_POINT('',(0.E+000,0.E+000));
#7947 = VECTOR('',#7948,1.);
#7948 = DIRECTION('',(1.,0.E+000));
#7949 = ( GEOMETRIC_REPRESENTATION_CONTEXT(2) 
PARAMETRIC_REPRESENTATION_CONTEXT() REPRESENTATION_CONTEXT('2D SPACE',''
  ) );
#7950 = PCURVE('',#3522,#7951);
#7951 = DEFINITIONAL_REPRESENTATION('',(#7952),#7956);
#7952 = LINE('',#7953,#7954);
#7953 = CARTESIAN_POINT('',(0.E+000,-5.2705));
#7954 = VECTOR('',#7955,1.);
#7955 = DIRECTION('',(1.,0.E+000));
#7956 = ( GEOMETRIC_REPRESENTATION_CONTEXT(2) 
PARAMETRIC_REPRESENTATION_CONTEXT() REPRESENTATION_CONTEXT('2D SPACE',''
  ) );
#7957 = ORIENTED_EDGE('',*,*,#3478,.T.);
#7958 = ADVANCED_FACE('',(#7959),#3522,.T.);
#7959 = FACE_BOUND('',#7960,.T.);
#7960 = EDGE_LOOP('',(#7961,#7962,#7963,#7983));
#7961 = ORIENTED_EDGE('',*,*,#7937,.T.);
#7962 = ORIENTED_EDGE('',*,*,#7739,.F.);
#7963 = ORIENTED_EDGE('',*,*,#7964,.F.);
#7964 = EDGE_CURVE('',#3507,#7713,#7965,.T.);
#7965 = SURFACE_CURVE('',#7966,(#7970,#7977),.PCURVE_S1.);
#7966 = LINE('',#7967,#7968);
#7967 = CARTESIAN_POINT('',(3.4925,-4.0005,1.4859));
#7968 = VECTOR('',#7969,1.);
#7969 = DIRECTION('',(1.,0.E+000,0.E+000));
#7970 = PCURVE('',#3522,#7971);
#7971 = DEFINITIONAL_REPRESENTATION('',(#7972),#7976);
#7972 = LINE('',#7973,#7974);
#7973 = CARTESIAN_POINT('',(0.E+000,0.E+000));
#7974 = VECTOR('',#7975,1.);
#7975 = DIRECTION('',(1.,0.E+000));
#7976 = ( GEOMETRIC_REPRESENTATION_CONTEXT(2) 
PARAMETRIC_REPRESENTATION_CONTEXT() REPRESENTATION_CONTEXT('2D SPACE',''
  ) );
#7977 = PCURVE('',#3555,#7978);
#7978 = DEFINITIONAL_REPRESENTATION('',(#7979),#7982);
#7979 = B_SPLINE_CURVE_WITH_KNOTS('',1,(#7980,#7981),.UNSPECIFIED.,.F.,
  .F.,(2,2),(0.E+000,0.635),.PIECEWISE_BEZIER_KNOTS.);
#7980 = CARTESIAN_POINT('',(1.570796326795,0.E+000));
#7981 = CARTESIAN_POINT('',(1.570796326795,-0.635));
#7982 = ( GEOMETRIC_REPRESENTATION_CONTEXT(2) 
PARAMETRIC_REPRESENTATION_CONTEXT() REPRESENTATION_CONTEXT('2D SPACE',''
  ) );
#7983 = ORIENTED_EDGE('',*,*,#3506,.T.);
#7984 = ADVANCED_FACE('',(#7985),#3555,.F.);
#7985 = FACE_BOUND('',#7986,.F.);
#7986 = EDGE_LOOP('',(#7987,#7988,#7989,#8009));
#7987 = ORIENTED_EDGE('',*,*,#7964,.F.);
#7988 = ORIENTED_EDGE('',*,*,#3534,.F.);
#7989 = ORIENTED_EDGE('',*,*,#7990,.T.);
#7990 = EDGE_CURVE('',#3535,#7690,#7991,.T.);
#7991 = SURFACE_CURVE('',#7992,(#7996,#8002),.PCURVE_S1.);
#7992 = LINE('',#7993,#7994);
#7993 = CARTESIAN_POINT('',(3.4925,-2.8321,0.3175));
#7994 = VECTOR('',#7995,1.);
#7995 = DIRECTION('',(1.,0.E+000,0.E+000));
#7996 = PCURVE('',#3555,#7997);
#7997 = DEFINITIONAL_REPRESENTATION('',(#7998),#8001);
#7998 = B_SPLINE_CURVE_WITH_KNOTS('',1,(#7999,#8000),.UNSPECIFIED.,.F.,
  .F.,(2,2),(0.E+000,0.635),.PIECEWISE_BEZIER_KNOTS.);
#7999 = CARTESIAN_POINT('',(0.E+000,0.E+000));
#8000 = CARTESIAN_POINT('',(0.E+000,-0.635));
#8001 = ( GEOMETRIC_REPRESENTATION_CONTEXT(2) 
PARAMETRIC_REPRESENTATION_CONTEXT() REPRESENTATION_CONTEXT('2D SPACE',''
  ) );
#8002 = PCURVE('',#3180,#8003);
#8003 = DEFINITIONAL_REPRESENTATION('',(#8004),#8008);
#8004 = LINE('',#8005,#8006);
#8005 = CARTESIAN_POINT('',(0.E+000,-1.8796));
#8006 = VECTOR('',#8007,1.);
#8007 = DIRECTION('',(1.,0.E+000));
#8008 = ( GEOMETRIC_REPRESENTATION_CONTEXT(2) 
PARAMETRIC_REPRESENTATION_CONTEXT() REPRESENTATION_CONTEXT('2D SPACE',''
  ) );
#8009 = ORIENTED_EDGE('',*,*,#7712,.T.);
#8010 = ADVANCED_FACE('',(#8011),#3180,.T.);
#8011 = FACE_BOUND('',#8012,.T.);
#8012 = EDGE_LOOP('',(#8013,#8014,#8015,#8016));
#8013 = ORIENTED_EDGE('',*,*,#3566,.T.);
#8014 = ORIENTED_EDGE('',*,*,#7990,.T.);
#8015 = ORIENTED_EDGE('',*,*,#7689,.F.);
#8016 = ORIENTED_EDGE('',*,*,#3162,.F.);
#8017 = ADVANCED_FACE('',(#8018),#1887,.F.);
#8018 = FACE_BOUND('',#8019,.T.);
#8019 = EDGE_LOOP('',(#8020,#8021,#8022,#8023));
#8020 = ORIENTED_EDGE('',*,*,#1871,.T.);
#8021 = ORIENTED_EDGE('',*,*,#2611,.T.);
#8022 = ORIENTED_EDGE('',*,*,#2911,.F.);
#8023 = ORIENTED_EDGE('',*,*,#2301,.F.);
#8024 = ( GEOMETRIC_REPRESENTATION_CONTEXT(3) 
GLOBAL_UNCERTAINTY_ASSIGNED_CONTEXT((#8028)) 
GLOBAL_UNIT_ASSIGNED_CONTEXT((#8025,#8026,#8027)) REPRESENTATION_CONTEXT
('Context #1','3D Context with UNIT and UNCERTAINTY') );
#8025 = ( LENGTH_UNIT() NAMED_UNIT(*) SI_UNIT(.MILLI.,.METRE.) );
#8026 = ( NAMED_UNIT(*) PLANE_ANGLE_UNIT() SI_UNIT($,.RADIAN.) );
#8027 = ( NAMED_UNIT(*) SI_UNIT($,.STERADIAN.) SOLID_ANGLE_UNIT() );
#8028 = UNCERTAINTY_MEASURE_WITH_UNIT(LENGTH_MEASURE(1.E-007),#8025,
  'distance_accuracy_value','confusion accuracy');
#8029 = SHAPE_DEFINITION_REPRESENTATION(#8030,#1415);
#8030 = PRODUCT_DEFINITION_SHAPE('','',#8031);
#8031 = PRODUCT_DEFINITION('design','',#8032,#8035);
#8032 = PRODUCT_DEFINITION_FORMATION('','',#8033);
#8033 = PRODUCT('4x1_90','4x1_90','',(#8034));
#8034 = PRODUCT_CONTEXT('',#2,'mechanical');
#8035 = PRODUCT_DEFINITION_CONTEXT('part definition',#2,'design');
#8036 = CONTEXT_DEPENDENT_SHAPE_REPRESENTATION(#8037,#8039);
#8037 = ( REPRESENTATION_RELATIONSHIP('','',#1415,#1401) 
REPRESENTATION_RELATIONSHIP_WITH_TRANSFORMATION(#8038) 
SHAPE_REPRESENTATION_RELATIONSHIP() );
#8038 = ITEM_DEFINED_TRANSFORMATION('','',#11,#1402);
#8039 = PRODUCT_DEFINITION_SHAPE('Placement','Placement of an item',
  #8040);
#8040 = NEXT_ASSEMBLY_USAGE_OCCURRENCE('10','=>[0:1:1:4]','',#1396,#8031
  ,$);
#8041 = PRODUCT_RELATED_PRODUCT_CATEGORY('part',$,(#8033));
#8042 = SHAPE_REPRESENTATION('',(#11,#8043,#8052,#8061,#8070,#8079,#8088
    ,#8097,#8106),#8115);
#8043 = GEOMETRIC_CURVE_SET('',(#8044));
#8044 = TRIMMED_CURVE('',#8045,(#8050,PARAMETER_VALUE(0.E+000)),(#8051,
    PARAMETER_VALUE(3.141592653589)),.T.,.PARAMETER.);
#8045 = CIRCLE('',#8046,0.508);
#8046 = AXIS2_PLACEMENT_3D('',#8047,#8048,#8049);
#8047 = CARTESIAN_POINT('',(-3.81,-4.318,3.175));
#8048 = DIRECTION('',(0.E+000,0.E+000,1.));
#8049 = DIRECTION('',(1.,0.E+000,0.E+000));
#8050 = CARTESIAN_POINT('',(-3.302,-4.318,3.175));
#8051 = CARTESIAN_POINT('',(-4.318,-4.318,3.175));
#8052 = GEOMETRIC_CURVE_SET('',(#8053));
#8053 = TRIMMED_CURVE('',#8054,(#8059,PARAMETER_VALUE(0.E+000)),(#8060,
    PARAMETER_VALUE(3.141592653589)),.T.,.PARAMETER.);
#8054 = CIRCLE('',#8055,0.508);
#8055 = AXIS2_PLACEMENT_3D('',#8056,#8057,#8058);
#8056 = CARTESIAN_POINT('',(-3.81,-4.318,3.175));
#8057 = DIRECTION('',(0.E+000,0.E+000,1.));
#8058 = DIRECTION('',(-1.,0.E+000,0.E+000));
#8059 = CARTESIAN_POINT('',(-4.318,-4.318,3.175));
#8060 = CARTESIAN_POINT('',(-3.302,-4.318,3.175));
#8061 = GEOMETRIC_CURVE_SET('',(#8062));
#8062 = TRIMMED_CURVE('',#8063,(#8068,PARAMETER_VALUE(0.E+000)),(#8069,
    PARAMETER_VALUE(3.141592653589)),.T.,.PARAMETER.);
#8063 = CIRCLE('',#8064,0.508);
#8064 = AXIS2_PLACEMENT_3D('',#8065,#8066,#8067);
#8065 = CARTESIAN_POINT('',(-1.27,-4.318,3.175));
#8066 = DIRECTION('',(0.E+000,0.E+000,1.));
#8067 = DIRECTION('',(1.,0.E+000,0.E+000));
#8068 = CARTESIAN_POINT('',(-0.762,-4.318,3.175));
#8069 = CARTESIAN_POINT('',(-1.778,-4.318,3.175));
#8070 = GEOMETRIC_CURVE_SET('',(#8071));
#8071 = TRIMMED_CURVE('',#8072,(#8077,PARAMETER_VALUE(0.E+000)),(#8078,
    PARAMETER_VALUE(3.141592653589)),.T.,.PARAMETER.);
#8072 = CIRCLE('',#8073,0.508);
#8073 = AXIS2_PLACEMENT_3D('',#8074,#8075,#8076);
#8074 = CARTESIAN_POINT('',(-1.27,-4.318,3.175));
#8075 = DIRECTION('',(0.E+000,0.E+000,1.));
#8076 = DIRECTION('',(-1.,0.E+000,0.E+000));
#8077 = CARTESIAN_POINT('',(-1.778,-4.318,3.175));
#8078 = CARTESIAN_POINT('',(-0.762,-4.318,3.175));
#8079 = GEOMETRIC_CURVE_SET('',(#8080));
#8080 = TRIMMED_CURVE('',#8081,(#8086,PARAMETER_VALUE(0.E+000)),(#8087,
    PARAMETER_VALUE(3.141592653589)),.T.,.PARAMETER.);
#8081 = CIRCLE('',#8082,0.508);
#8082 = AXIS2_PLACEMENT_3D('',#8083,#8084,#8085);
#8083 = CARTESIAN_POINT('',(1.27,-4.318,3.175));
#8084 = DIRECTION('',(0.E+000,0.E+000,1.));
#8085 = DIRECTION('',(1.,0.E+000,0.E+000));
#8086 = CARTESIAN_POINT('',(1.778,-4.318,3.175));
#8087 = CARTESIAN_POINT('',(0.762,-4.318,3.175));
#8088 = GEOMETRIC_CURVE_SET('',(#8089));
#8089 = TRIMMED_CURVE('',#8090,(#8095,PARAMETER_VALUE(0.E+000)),(#8096,
    PARAMETER_VALUE(3.141592653589)),.T.,.PARAMETER.);
#8090 = CIRCLE('',#8091,0.508);
#8091 = AXIS2_PLACEMENT_3D('',#8092,#8093,#8094);
#8092 = CARTESIAN_POINT('',(1.27,-4.318,3.175));
#8093 = DIRECTION('',(0.E+000,0.E+000,1.));
#8094 = DIRECTION('',(-1.,0.E+000,0.E+000));
#8095 = CARTESIAN_POINT('',(0.762,-4.318,3.175));
#8096 = CARTESIAN_POINT('',(1.778,-4.318,3.175));
#8097 = GEOMETRIC_CURVE_SET('',(#8098));
#8098 = TRIMMED_CURVE('',#8099,(#8104,PARAMETER_VALUE(0.E+000)),(#8105,
    PARAMETER_VALUE(3.141592653589)),.T.,.PARAMETER.);
#8099 = CIRCLE('',#8100,0.508);
#8100 = AXIS2_PLACEMENT_3D('',#8101,#8102,#8103);
#8101 = CARTESIAN_POINT('',(3.81,-4.318,3.175));
#8102 = DIRECTION('',(0.E+000,0.E+000,1.));
#8103 = DIRECTION('',(1.,0.E+000,0.E+000));
#8104 = CARTESIAN_POINT('',(4.318,-4.318,3.175));
#8105 = CARTESIAN_POINT('',(3.302,-4.318,3.175));
#8106 = GEOMETRIC_CURVE_SET('',(#8107));
#8107 = TRIMMED_CURVE('',#8108,(#8113,PARAMETER_VALUE(0.E+000)),(#8114,
    PARAMETER_VALUE(3.141592653589)),.T.,.PARAMETER.);
#8108 = CIRCLE('',#8109,0.508);
#8109 = AXIS2_PLACEMENT_3D('',#8110,#8111,#8112);
#8110 = CARTESIAN_POINT('',(3.81,-4.318,3.175));
#8111 = DIRECTION('',(0.E+000,0.E+000,1.));
#8112 = DIRECTION('',(-1.,0.E+000,0.E+000));
#8113 = CARTESIAN_POINT('',(3.302,-4.318,3.175));
#8114 = CARTESIAN_POINT('',(4.318,-4.318,3.175));
#8115 = ( GEOMETRIC_REPRESENTATION_CONTEXT(3) 
GLOBAL_UNCERTAINTY_ASSIGNED_CONTEXT((#8119)) 
GLOBAL_UNIT_ASSIGNED_CONTEXT((#8116,#8117,#8118)) REPRESENTATION_CONTEXT
('Context #1','3D Context with UNIT and UNCERTAINTY') );
#8116 = ( LENGTH_UNIT() NAMED_UNIT(*) SI_UNIT(.MILLI.,.METRE.) );
#8117 = ( NAMED_UNIT(*) PLANE_ANGLE_UNIT() SI_UNIT($,.RADIAN.) );
#8118 = ( NAMED_UNIT(*) SI_UNIT($,.STERADIAN.) SOLID_ANGLE_UNIT() );
#8119 = UNCERTAINTY_MEASURE_WITH_UNIT(LENGTH_MEASURE(1.E-007),#8116,
  'distance_accuracy_value','confusion accuracy');
#8120 = SHAPE_DEFINITION_REPRESENTATION(#8121,#8042);
#8121 = PRODUCT_DEFINITION_SHAPE('','',#8122);
#8122 = PRODUCT_DEFINITION('design','',#8123,#8126);
#8123 = PRODUCT_DEFINITION_FORMATION('','',#8124);
#8124 = PRODUCT('4x1_90','4x1_90','',(#8125));
#8125 = PRODUCT_CONTEXT('',#2,'mechanical');
#8126 = PRODUCT_DEFINITION_CONTEXT('part definition',#2,'design');
#8127 = CONTEXT_DEPENDENT_SHAPE_REPRESENTATION(#8128,#8130);
#8128 = ( REPRESENTATION_RELATIONSHIP('','',#8042,#1401) 
REPRESENTATION_RELATIONSHIP_WITH_TRANSFORMATION(#8129) 
SHAPE_REPRESENTATION_RELATIONSHIP() );
#8129 = ITEM_DEFINED_TRANSFORMATION('','',#11,#1406);
#8130 = PRODUCT_DEFINITION_SHAPE('Placement','Placement of an item',
  #8131);
#8131 = NEXT_ASSEMBLY_USAGE_OCCURRENCE('11','=>[0:1:1:5]','',#1396,#8122
  ,$);
#8132 = PRODUCT_RELATED_PRODUCT_CATEGORY('part',$,(#8124));
#8133 = CONTEXT_DEPENDENT_SHAPE_REPRESENTATION(#8134,#8136);
#8134 = ( REPRESENTATION_RELATIONSHIP('','',#1401,#10) 
REPRESENTATION_RELATIONSHIP_WITH_TRANSFORMATION(#8135) 
SHAPE_REPRESENTATION_RELATIONSHIP() );
#8135 = ITEM_DEFINED_TRANSFORMATION('','',#11,#19);
#8136 = PRODUCT_DEFINITION_SHAPE('Placement','Placement of an item',
  #8137);
#8137 = NEXT_ASSEMBLY_USAGE_OCCURRENCE('12','=>[0:1:1:3]','',#5,#1396,$
  );
#8138 = PRODUCT_RELATED_PRODUCT_CATEGORY('part',$,(#1398));
#8139 = SHAPE_DEFINITION_REPRESENTATION(#8140,#8146);
#8140 = PRODUCT_DEFINITION_SHAPE('','',#8141);
#8141 = PRODUCT_DEFINITION('design','',#8142,#8145);
#8142 = PRODUCT_DEFINITION_FORMATION('','',#8143);
#8143 = PRODUCT('JP3','JP3','',(#8144));
#8144 = PRODUCT_CONTEXT('',#2,'mechanical');
#8145 = PRODUCT_DEFINITION_CONTEXT('part definition',#2,'design');
#8146 = SHAPE_REPRESENTATION('',(#11,#8147),#8151);
#8147 = AXIS2_PLACEMENT_3D('',#8148,#8149,#8150);
#8148 = CARTESIAN_POINT('',(115.56991872,103.1873984,0.E+000));
#8149 = DIRECTION('',(1.224606353822E-016,1.,1.110223024625E-016));
#8150 = DIRECTION('',(-1.,1.224606353822E-016,0.E+000));
#8151 = ( GEOMETRIC_REPRESENTATION_CONTEXT(3) 
GLOBAL_UNCERTAINTY_ASSIGNED_CONTEXT((#8155)) 
GLOBAL_UNIT_ASSIGNED_CONTEXT((#8152,#8153,#8154)) REPRESENTATION_CONTEXT
('Context #1','3D Context with UNIT and UNCERTAINTY') );
#8152 = ( LENGTH_UNIT() NAMED_UNIT(*) SI_UNIT(.MILLI.,.METRE.) );
#8153 = ( NAMED_UNIT(*) PLANE_ANGLE_UNIT() SI_UNIT($,.RADIAN.) );
#8154 = ( NAMED_UNIT(*) SI_UNIT($,.STERADIAN.) SOLID_ANGLE_UNIT() );
#8155 = UNCERTAINTY_MEASURE_WITH_UNIT(LENGTH_MEASURE(1.E-007),#8152,
  'distance_accuracy_value','confusion accuracy');
#8156 = ADVANCED_BREP_SHAPE_REPRESENTATION('',(#11,#8157),#11263);
#8157 = MANIFOLD_SOLID_BREP('',#8158);
#8158 = CLOSED_SHELL('',(#8159,#8279,#8617,#8955,#9060,#9248,#9275,#9438
    ,#9485,#9512,#9519,#9639,#9710,#9759,#9808,#9835,#9911,#9965,#10019,
    #10051,#10151,#10271,#10342,#10391,#10440,#10467,#10543,#10597,
    #10651,#10683,#10783,#10830,#10857,#10884,#10891,#10938,#10965,
    #10992,#10999,#11046,#11073,#11100,#11107,#11154,#11181,#11208,
    #11215,#11242,#11249,#11256));
#8159 = ADVANCED_FACE('',(#8160),#8174,.F.);
#8160 = FACE_BOUND('',#8161,.T.);
#8161 = EDGE_LOOP('',(#8162,#8197,#8225,#8253));
#8162 = ORIENTED_EDGE('',*,*,#8163,.F.);
#8163 = EDGE_CURVE('',#8164,#8166,#8168,.T.);
#8164 = VERTEX_POINT('',#8165);
#8165 = CARTESIAN_POINT('',(5.,11.5,4.2));
#8166 = VERTEX_POINT('',#8167);
#8167 = CARTESIAN_POINT('',(5.,10.,4.2));
#8168 = SURFACE_CURVE('',#8169,(#8173,#8185),.PCURVE_S1.);
#8169 = LINE('',#8170,#8171);
#8170 = CARTESIAN_POINT('',(5.,12.,4.2));
#8171 = VECTOR('',#8172,1.);
#8172 = DIRECTION('',(0.E+000,-1.,0.E+000));
#8173 = PCURVE('',#8174,#8179);
#8174 = PLANE('',#8175);
#8175 = AXIS2_PLACEMENT_3D('',#8176,#8177,#8178);
#8176 = CARTESIAN_POINT('',(-5.,12.,4.2));
#8177 = DIRECTION('',(0.E+000,0.E+000,-1.));
#8178 = DIRECTION('',(-1.,0.E+000,0.E+000));
#8179 = DEFINITIONAL_REPRESENTATION('',(#8180),#8184);
#8180 = LINE('',#8181,#8182);
#8181 = CARTESIAN_POINT('',(-10.,0.E+000));
#8182 = VECTOR('',#8183,1.);
#8183 = DIRECTION('',(0.E+000,-1.));
#8184 = ( GEOMETRIC_REPRESENTATION_CONTEXT(2) 
PARAMETRIC_REPRESENTATION_CONTEXT() REPRESENTATION_CONTEXT('2D SPACE',''
  ) );
#8185 = PCURVE('',#8186,#8191);
#8186 = PLANE('',#8187);
#8187 = AXIS2_PLACEMENT_3D('',#8188,#8189,#8190);
#8188 = CARTESIAN_POINT('',(5.,12.,4.2));
#8189 = DIRECTION('',(-1.,0.E+000,0.E+000));
#8190 = DIRECTION('',(0.E+000,0.E+000,1.));
#8191 = DEFINITIONAL_REPRESENTATION('',(#8192),#8196);
#8192 = LINE('',#8193,#8194);
#8193 = CARTESIAN_POINT('',(0.E+000,0.E+000));
#8194 = VECTOR('',#8195,1.);
#8195 = DIRECTION('',(0.E+000,-1.));
#8196 = ( GEOMETRIC_REPRESENTATION_CONTEXT(2) 
PARAMETRIC_REPRESENTATION_CONTEXT() REPRESENTATION_CONTEXT('2D SPACE',''
  ) );
#8197 = ORIENTED_EDGE('',*,*,#8198,.T.);
#8198 = EDGE_CURVE('',#8164,#8199,#8201,.T.);
#8199 = VERTEX_POINT('',#8200);
#8200 = CARTESIAN_POINT('',(-5.,11.5,4.2));
#8201 = SURFACE_CURVE('',#8202,(#8206,#8213),.PCURVE_S1.);
#8202 = LINE('',#8203,#8204);
#8203 = CARTESIAN_POINT('',(-5.,11.5,4.2));
#8204 = VECTOR('',#8205,1.);
#8205 = DIRECTION('',(-1.,0.E+000,0.E+000));
#8206 = PCURVE('',#8174,#8207);
#8207 = DEFINITIONAL_REPRESENTATION('',(#8208),#8212);
#8208 = LINE('',#8209,#8210);
#8209 = CARTESIAN_POINT('',(0.E+000,-0.5));
#8210 = VECTOR('',#8211,1.);
#8211 = DIRECTION('',(1.,0.E+000));
#8212 = ( GEOMETRIC_REPRESENTATION_CONTEXT(2) 
PARAMETRIC_REPRESENTATION_CONTEXT() REPRESENTATION_CONTEXT('2D SPACE',''
  ) );
#8213 = PCURVE('',#8214,#8219);
#8214 = PLANE('',#8215);
#8215 = AXIS2_PLACEMENT_3D('',#8216,#8217,#8218);
#8216 = CARTESIAN_POINT('',(5.,12.,3.7));
#8217 = DIRECTION('',(0.E+000,-0.707106781187,-0.707106781187));
#8218 = DIRECTION('',(0.E+000,0.707106781187,-0.707106781187));
#8219 = DEFINITIONAL_REPRESENTATION('',(#8220),#8224);
#8220 = LINE('',#8221,#8222);
#8221 = CARTESIAN_POINT('',(-0.707106781187,-10.));
#8222 = VECTOR('',#8223,1.);
#8223 = DIRECTION('',(0.E+000,-1.));
#8224 = ( GEOMETRIC_REPRESENTATION_CONTEXT(2) 
PARAMETRIC_REPRESENTATION_CONTEXT() REPRESENTATION_CONTEXT('2D SPACE',''
  ) );
#8225 = ORIENTED_EDGE('',*,*,#8226,.T.);
#8226 = EDGE_CURVE('',#8199,#8227,#8229,.T.);
#8227 = VERTEX_POINT('',#8228);
#8228 = CARTESIAN_POINT('',(-5.,10.,4.2));
#8229 = SURFACE_CURVE('',#8230,(#8234,#8241),.PCURVE_S1.);
#8230 = LINE('',#8231,#8232);
#8231 = CARTESIAN_POINT('',(-5.,12.,4.2));
#8232 = VECTOR('',#8233,1.);
#8233 = DIRECTION('',(0.E+000,-1.,0.E+000));
#8234 = PCURVE('',#8174,#8235);
#8235 = DEFINITIONAL_REPRESENTATION('',(#8236),#8240);
#8236 = LINE('',#8237,#8238);
#8237 = CARTESIAN_POINT('',(0.E+000,0.E+000));
#8238 = VECTOR('',#8239,1.);
#8239 = DIRECTION('',(0.E+000,-1.));
#8240 = ( GEOMETRIC_REPRESENTATION_CONTEXT(2) 
PARAMETRIC_REPRESENTATION_CONTEXT() REPRESENTATION_CONTEXT('2D SPACE',''
  ) );
#8241 = PCURVE('',#8242,#8247);
#8242 = PLANE('',#8243);
#8243 = AXIS2_PLACEMENT_3D('',#8244,#8245,#8246);
#8244 = CARTESIAN_POINT('',(-5.,12.,4.2));
#8245 = DIRECTION('',(1.,0.E+000,0.E+000));
#8246 = DIRECTION('',(0.E+000,0.E+000,-1.));
#8247 = DEFINITIONAL_REPRESENTATION('',(#8248),#8252);
#8248 = LINE('',#8249,#8250);
#8249 = CARTESIAN_POINT('',(0.E+000,0.E+000));
#8250 = VECTOR('',#8251,1.);
#8251 = DIRECTION('',(0.E+000,-1.));
#8252 = ( GEOMETRIC_REPRESENTATION_CONTEXT(2) 
PARAMETRIC_REPRESENTATION_CONTEXT() REPRESENTATION_CONTEXT('2D SPACE',''
  ) );
#8253 = ORIENTED_EDGE('',*,*,#8254,.F.);
#8254 = EDGE_CURVE('',#8166,#8227,#8255,.T.);
#8255 = SURFACE_CURVE('',#8256,(#8260,#8267),.PCURVE_S1.);
#8256 = LINE('',#8257,#8258);
#8257 = CARTESIAN_POINT('',(-5.,10.,4.2));
#8258 = VECTOR('',#8259,1.);
#8259 = DIRECTION('',(-1.,0.E+000,0.E+000));
#8260 = PCURVE('',#8174,#8261);
#8261 = DEFINITIONAL_REPRESENTATION('',(#8262),#8266);
#8262 = LINE('',#8263,#8264);
#8263 = CARTESIAN_POINT('',(0.E+000,-2.));
#8264 = VECTOR('',#8265,1.);
#8265 = DIRECTION('',(1.,0.E+000));
#8266 = ( GEOMETRIC_REPRESENTATION_CONTEXT(2) 
PARAMETRIC_REPRESENTATION_CONTEXT() REPRESENTATION_CONTEXT('2D SPACE',''
  ) );
#8267 = PCURVE('',#8268,#8273);
#8268 = PLANE('',#8269);
#8269 = AXIS2_PLACEMENT_3D('',#8270,#8271,#8272);
#8270 = CARTESIAN_POINT('',(-5.,10.,3.7));
#8271 = DIRECTION('',(0.E+000,-1.,0.E+000));
#8272 = DIRECTION('',(0.E+000,0.E+000,-1.));
#8273 = DEFINITIONAL_REPRESENTATION('',(#8274),#8278);
#8274 = LINE('',#8275,#8276);
#8275 = CARTESIAN_POINT('',(-0.5,0.E+000));
#8276 = VECTOR('',#8277,1.);
#8277 = DIRECTION('',(0.E+000,-1.));
#8278 = ( GEOMETRIC_REPRESENTATION_CONTEXT(2) 
PARAMETRIC_REPRESENTATION_CONTEXT() REPRESENTATION_CONTEXT('2D SPACE',''
  ) );
#8279 = ADVANCED_FACE('',(#8280,#8389,#8503),#8294,.T.);
#8280 = FACE_BOUND('',#8281,.T.);
#8281 = EDGE_LOOP('',(#8282,#8317,#8340,#8368));
#8282 = ORIENTED_EDGE('',*,*,#8283,.F.);
#8283 = EDGE_CURVE('',#8284,#8286,#8288,.T.);
#8284 = VERTEX_POINT('',#8285);
#8285 = CARTESIAN_POINT('',(-5.,0.E+000,3.7));
#8286 = VERTEX_POINT('',#8287);
#8287 = CARTESIAN_POINT('',(5.,0.E+000,3.7));
#8288 = SURFACE_CURVE('',#8289,(#8293,#8305),.PCURVE_S1.);
#8289 = LINE('',#8290,#8291);
#8290 = CARTESIAN_POINT('',(-5.,0.E+000,3.7));
#8291 = VECTOR('',#8292,1.);
#8292 = DIRECTION('',(1.,0.E+000,0.E+000));
#8293 = PCURVE('',#8294,#8299);
#8294 = PLANE('',#8295);
#8295 = AXIS2_PLACEMENT_3D('',#8296,#8297,#8298);
#8296 = CARTESIAN_POINT('',(5.,0.E+000,-4.2));
#8297 = DIRECTION('',(0.E+000,-1.,0.E+000));
#8298 = DIRECTION('',(0.E+000,0.E+000,-1.));
#8299 = DEFINITIONAL_REPRESENTATION('',(#8300),#8304);
#8300 = LINE('',#8301,#8302);
#8301 = CARTESIAN_POINT('',(-7.9,-10.));
#8302 = VECTOR('',#8303,1.);
#8303 = DIRECTION('',(0.E+000,1.));
#8304 = ( GEOMETRIC_REPRESENTATION_CONTEXT(2) 
PARAMETRIC_REPRESENTATION_CONTEXT() REPRESENTATION_CONTEXT('2D SPACE',''
  ) );
#8305 = PCURVE('',#8306,#8311);
#8306 = PLANE('',#8307);
#8307 = AXIS2_PLACEMENT_3D('',#8308,#8309,#8310);
#8308 = CARTESIAN_POINT('',(-5.,10.,3.7));
#8309 = DIRECTION('',(0.E+000,0.E+000,-1.));
#8310 = DIRECTION('',(-1.,0.E+000,0.E+000));
#8311 = DEFINITIONAL_REPRESENTATION('',(#8312),#8316);
#8312 = LINE('',#8313,#8314);
#8313 = CARTESIAN_POINT('',(0.E+000,-10.));
#8314 = VECTOR('',#8315,1.);
#8315 = DIRECTION('',(-1.,0.E+000));
#8316 = ( GEOMETRIC_REPRESENTATION_CONTEXT(2) 
PARAMETRIC_REPRESENTATION_CONTEXT() REPRESENTATION_CONTEXT('2D SPACE',''
  ) );
#8317 = ORIENTED_EDGE('',*,*,#8318,.F.);
#8318 = EDGE_CURVE('',#8319,#8284,#8321,.T.);
#8319 = VERTEX_POINT('',#8320);
#8320 = CARTESIAN_POINT('',(-5.,0.E+000,-4.2));
#8321 = SURFACE_CURVE('',#8322,(#8326,#8333),.PCURVE_S1.);
#8322 = LINE('',#8323,#8324);
#8323 = CARTESIAN_POINT('',(-5.,0.E+000,4.2));
#8324 = VECTOR('',#8325,1.);
#8325 = DIRECTION('',(0.E+000,0.E+000,1.));
#8326 = PCURVE('',#8294,#8327);
#8327 = DEFINITIONAL_REPRESENTATION('',(#8328),#8332);
#8328 = LINE('',#8329,#8330);
#8329 = CARTESIAN_POINT('',(-8.4,-10.));
#8330 = VECTOR('',#8331,1.);
#8331 = DIRECTION('',(-1.,0.E+000));
#8332 = ( GEOMETRIC_REPRESENTATION_CONTEXT(2) 
PARAMETRIC_REPRESENTATION_CONTEXT() REPRESENTATION_CONTEXT('2D SPACE',''
  ) );
#8333 = PCURVE('',#8242,#8334);
#8334 = DEFINITIONAL_REPRESENTATION('',(#8335),#8339);
#8335 = LINE('',#8336,#8337);
#8336 = CARTESIAN_POINT('',(0.E+000,-12.));
#8337 = VECTOR('',#8338,1.);
#8338 = DIRECTION('',(-1.,0.E+000));
#8339 = ( GEOMETRIC_REPRESENTATION_CONTEXT(2) 
PARAMETRIC_REPRESENTATION_CONTEXT() REPRESENTATION_CONTEXT('2D SPACE',''
  ) );
#8340 = ORIENTED_EDGE('',*,*,#8341,.F.);
#8341 = EDGE_CURVE('',#8342,#8319,#8344,.T.);
#8342 = VERTEX_POINT('',#8343);
#8343 = CARTESIAN_POINT('',(5.,0.E+000,-4.2));
#8344 = SURFACE_CURVE('',#8345,(#8349,#8356),.PCURVE_S1.);
#8345 = LINE('',#8346,#8347);
#8346 = CARTESIAN_POINT('',(-5.,0.E+000,-4.2));
#8347 = VECTOR('',#8348,1.);
#8348 = DIRECTION('',(-1.,0.E+000,0.E+000));
#8349 = PCURVE('',#8294,#8350);
#8350 = DEFINITIONAL_REPRESENTATION('',(#8351),#8355);
#8351 = LINE('',#8352,#8353);
#8352 = CARTESIAN_POINT('',(0.E+000,-10.));
#8353 = VECTOR('',#8354,1.);
#8354 = DIRECTION('',(0.E+000,-1.));
#8355 = ( GEOMETRIC_REPRESENTATION_CONTEXT(2) 
PARAMETRIC_REPRESENTATION_CONTEXT() REPRESENTATION_CONTEXT('2D SPACE',''
  ) );
#8356 = PCURVE('',#8357,#8362);
#8357 = PLANE('',#8358);
#8358 = AXIS2_PLACEMENT_3D('',#8359,#8360,#8361);
#8359 = CARTESIAN_POINT('',(-5.,12.,-4.2));
#8360 = DIRECTION('',(0.E+000,0.E+000,1.));
#8361 = DIRECTION('',(1.,0.E+000,0.E+000));
#8362 = DEFINITIONAL_REPRESENTATION('',(#8363),#8367);
#8363 = LINE('',#8364,#8365);
#8364 = CARTESIAN_POINT('',(0.E+000,-12.));
#8365 = VECTOR('',#8366,1.);
#8366 = DIRECTION('',(-1.,0.E+000));
#8367 = ( GEOMETRIC_REPRESENTATION_CONTEXT(2) 
PARAMETRIC_REPRESENTATION_CONTEXT() REPRESENTATION_CONTEXT('2D SPACE',''
  ) );
#8368 = ORIENTED_EDGE('',*,*,#8369,.F.);
#8369 = EDGE_CURVE('',#8286,#8342,#8370,.T.);
#8370 = SURFACE_CURVE('',#8371,(#8375,#8382),.PCURVE_S1.);
#8371 = LINE('',#8372,#8373);
#8372 = CARTESIAN_POINT('',(5.,0.E+000,4.2));
#8373 = VECTOR('',#8374,1.);
#8374 = DIRECTION('',(0.E+000,0.E+000,-1.));
#8375 = PCURVE('',#8294,#8376);
#8376 = DEFINITIONAL_REPRESENTATION('',(#8377),#8381);
#8377 = LINE('',#8378,#8379);
#8378 = CARTESIAN_POINT('',(-8.4,0.E+000));
#8379 = VECTOR('',#8380,1.);
#8380 = DIRECTION('',(1.,0.E+000));
#8381 = ( GEOMETRIC_REPRESENTATION_CONTEXT(2) 
PARAMETRIC_REPRESENTATION_CONTEXT() REPRESENTATION_CONTEXT('2D SPACE',''
  ) );
#8382 = PCURVE('',#8186,#8383);
#8383 = DEFINITIONAL_REPRESENTATION('',(#8384),#8388);
#8384 = LINE('',#8385,#8386);
#8385 = CARTESIAN_POINT('',(0.E+000,-12.));
#8386 = VECTOR('',#8387,1.);
#8387 = DIRECTION('',(-1.,0.E+000));
#8388 = ( GEOMETRIC_REPRESENTATION_CONTEXT(2) 
PARAMETRIC_REPRESENTATION_CONTEXT() REPRESENTATION_CONTEXT('2D SPACE',''
  ) );
#8389 = FACE_BOUND('',#8390,.T.);
#8390 = EDGE_LOOP('',(#8391,#8421,#8449,#8477));
#8391 = ORIENTED_EDGE('',*,*,#8392,.T.);
#8392 = EDGE_CURVE('',#8393,#8395,#8397,.T.);
#8393 = VERTEX_POINT('',#8394);
#8394 = CARTESIAN_POINT('',(-3.,0.E+000,1.E-001));
#8395 = VERTEX_POINT('',#8396);
#8396 = CARTESIAN_POINT('',(-2.,0.E+000,1.E-001));
#8397 = SURFACE_CURVE('',#8398,(#8402,#8409),.PCURVE_S1.);
#8398 = LINE('',#8399,#8400);
#8399 = CARTESIAN_POINT('',(5.,0.E+000,1.E-001));
#8400 = VECTOR('',#8401,1.);
#8401 = DIRECTION('',(1.,0.E+000,0.E+000));
#8402 = PCURVE('',#8294,#8403);
#8403 = DEFINITIONAL_REPRESENTATION('',(#8404),#8408);
#8404 = LINE('',#8405,#8406);
#8405 = CARTESIAN_POINT('',(-4.3,0.E+000));
#8406 = VECTOR('',#8407,1.);
#8407 = DIRECTION('',(0.E+000,1.));
#8408 = ( GEOMETRIC_REPRESENTATION_CONTEXT(2) 
PARAMETRIC_REPRESENTATION_CONTEXT() REPRESENTATION_CONTEXT('2D SPACE',''
  ) );
#8409 = PCURVE('',#8410,#8415);
#8410 = PLANE('',#8411);
#8411 = AXIS2_PLACEMENT_3D('',#8412,#8413,#8414);
#8412 = CARTESIAN_POINT('',(-3.,11.9,1.E-001));
#8413 = DIRECTION('',(0.E+000,0.E+000,-1.));
#8414 = DIRECTION('',(-1.,0.E+000,0.E+000));
#8415 = DEFINITIONAL_REPRESENTATION('',(#8416),#8420);
#8416 = LINE('',#8417,#8418);
#8417 = CARTESIAN_POINT('',(-8.,-11.9));
#8418 = VECTOR('',#8419,1.);
#8419 = DIRECTION('',(-1.,0.E+000));
#8420 = ( GEOMETRIC_REPRESENTATION_CONTEXT(2) 
PARAMETRIC_REPRESENTATION_CONTEXT() REPRESENTATION_CONTEXT('2D SPACE',''
  ) );
#8421 = ORIENTED_EDGE('',*,*,#8422,.T.);
#8422 = EDGE_CURVE('',#8395,#8423,#8425,.T.);
#8423 = VERTEX_POINT('',#8424);
#8424 = CARTESIAN_POINT('',(-2.,0.E+000,-0.9));
#8425 = SURFACE_CURVE('',#8426,(#8430,#8437),.PCURVE_S1.);
#8426 = LINE('',#8427,#8428);
#8427 = CARTESIAN_POINT('',(-2.,0.E+000,-4.2));
#8428 = VECTOR('',#8429,1.);
#8429 = DIRECTION('',(0.E+000,0.E+000,-1.));
#8430 = PCURVE('',#8294,#8431);
#8431 = DEFINITIONAL_REPRESENTATION('',(#8432),#8436);
#8432 = LINE('',#8433,#8434);
#8433 = CARTESIAN_POINT('',(0.E+000,-7.));
#8434 = VECTOR('',#8435,1.);
#8435 = DIRECTION('',(1.,0.E+000));
#8436 = ( GEOMETRIC_REPRESENTATION_CONTEXT(2) 
PARAMETRIC_REPRESENTATION_CONTEXT() REPRESENTATION_CONTEXT('2D SPACE',''
  ) );
#8437 = PCURVE('',#8438,#8443);
#8438 = PLANE('',#8439);
#8439 = AXIS2_PLACEMENT_3D('',#8440,#8441,#8442);
#8440 = CARTESIAN_POINT('',(-2.,11.9,-0.9));
#8441 = DIRECTION('',(-1.,0.E+000,0.E+000));
#8442 = DIRECTION('',(0.E+000,0.E+000,1.));
#8443 = DEFINITIONAL_REPRESENTATION('',(#8444),#8448);
#8444 = LINE('',#8445,#8446);
#8445 = CARTESIAN_POINT('',(-3.3,-11.9));
#8446 = VECTOR('',#8447,1.);
#8447 = DIRECTION('',(-1.,0.E+000));
#8448 = ( GEOMETRIC_REPRESENTATION_CONTEXT(2) 
PARAMETRIC_REPRESENTATION_CONTEXT() REPRESENTATION_CONTEXT('2D SPACE',''
  ) );
#8449 = ORIENTED_EDGE('',*,*,#8450,.T.);
#8450 = EDGE_CURVE('',#8423,#8451,#8453,.T.);
#8451 = VERTEX_POINT('',#8452);
#8452 = CARTESIAN_POINT('',(-3.,0.E+000,-0.9));
#8453 = SURFACE_CURVE('',#8454,(#8458,#8465),.PCURVE_S1.);
#8454 = LINE('',#8455,#8456);
#8455 = CARTESIAN_POINT('',(5.,0.E+000,-0.9));
#8456 = VECTOR('',#8457,1.);
#8457 = DIRECTION('',(-1.,0.E+000,0.E+000));
#8458 = PCURVE('',#8294,#8459);
#8459 = DEFINITIONAL_REPRESENTATION('',(#8460),#8464);
#8460 = LINE('',#8461,#8462);
#8461 = CARTESIAN_POINT('',(-3.3,0.E+000));
#8462 = VECTOR('',#8463,1.);
#8463 = DIRECTION('',(0.E+000,-1.));
#8464 = ( GEOMETRIC_REPRESENTATION_CONTEXT(2) 
PARAMETRIC_REPRESENTATION_CONTEXT() REPRESENTATION_CONTEXT('2D SPACE',''
  ) );
#8465 = PCURVE('',#8466,#8471);
#8466 = PLANE('',#8467);
#8467 = AXIS2_PLACEMENT_3D('',#8468,#8469,#8470);
#8468 = CARTESIAN_POINT('',(-3.,11.9,-0.9));
#8469 = DIRECTION('',(0.E+000,0.E+000,1.));
#8470 = DIRECTION('',(1.,0.E+000,0.E+000));
#8471 = DEFINITIONAL_REPRESENTATION('',(#8472),#8476);
#8472 = LINE('',#8473,#8474);
#8473 = CARTESIAN_POINT('',(8.,-11.9));
#8474 = VECTOR('',#8475,1.);
#8475 = DIRECTION('',(-1.,0.E+000));
#8476 = ( GEOMETRIC_REPRESENTATION_CONTEXT(2) 
PARAMETRIC_REPRESENTATION_CONTEXT() REPRESENTATION_CONTEXT('2D SPACE',''
  ) );
#8477 = ORIENTED_EDGE('',*,*,#8478,.T.);
#8478 = EDGE_CURVE('',#8451,#8393,#8479,.T.);
#8479 = SURFACE_CURVE('',#8480,(#8484,#8491),.PCURVE_S1.);
#8480 = LINE('',#8481,#8482);
#8481 = CARTESIAN_POINT('',(-3.,0.E+000,-4.2));
#8482 = VECTOR('',#8483,1.);
#8483 = DIRECTION('',(0.E+000,0.E+000,1.));
#8484 = PCURVE('',#8294,#8485);
#8485 = DEFINITIONAL_REPRESENTATION('',(#8486),#8490);
#8486 = LINE('',#8487,#8488);
#8487 = CARTESIAN_POINT('',(0.E+000,-8.));
#8488 = VECTOR('',#8489,1.);
#8489 = DIRECTION('',(-1.,0.E+000));
#8490 = ( GEOMETRIC_REPRESENTATION_CONTEXT(2) 
PARAMETRIC_REPRESENTATION_CONTEXT() REPRESENTATION_CONTEXT('2D SPACE',''
  ) );
#8491 = PCURVE('',#8492,#8497);
#8492 = PLANE('',#8493);
#8493 = AXIS2_PLACEMENT_3D('',#8494,#8495,#8496);
#8494 = CARTESIAN_POINT('',(-3.,11.9,-0.9));
#8495 = DIRECTION('',(1.,0.E+000,0.E+000));
#8496 = DIRECTION('',(0.E+000,0.E+000,-1.));
#8497 = DEFINITIONAL_REPRESENTATION('',(#8498),#8502);
#8498 = LINE('',#8499,#8500);
#8499 = CARTESIAN_POINT('',(3.3,-11.9));
#8500 = VECTOR('',#8501,1.);
#8501 = DIRECTION('',(-1.,0.E+000));
#8502 = ( GEOMETRIC_REPRESENTATION_CONTEXT(2) 
PARAMETRIC_REPRESENTATION_CONTEXT() REPRESENTATION_CONTEXT('2D SPACE',''
  ) );
#8503 = FACE_BOUND('',#8504,.T.);
#8504 = EDGE_LOOP('',(#8505,#8535,#8563,#8591));
#8505 = ORIENTED_EDGE('',*,*,#8506,.T.);
#8506 = EDGE_CURVE('',#8507,#8509,#8511,.T.);
#8507 = VERTEX_POINT('',#8508);
#8508 = CARTESIAN_POINT('',(2.,0.E+000,1.E-001));
#8509 = VERTEX_POINT('',#8510);
#8510 = CARTESIAN_POINT('',(3.,0.E+000,1.E-001));
#8511 = SURFACE_CURVE('',#8512,(#8516,#8523),.PCURVE_S1.);
#8512 = LINE('',#8513,#8514);
#8513 = CARTESIAN_POINT('',(5.,0.E+000,1.E-001));
#8514 = VECTOR('',#8515,1.);
#8515 = DIRECTION('',(1.,0.E+000,0.E+000));
#8516 = PCURVE('',#8294,#8517);
#8517 = DEFINITIONAL_REPRESENTATION('',(#8518),#8522);
#8518 = LINE('',#8519,#8520);
#8519 = CARTESIAN_POINT('',(-4.3,0.E+000));
#8520 = VECTOR('',#8521,1.);
#8521 = DIRECTION('',(0.E+000,1.));
#8522 = ( GEOMETRIC_REPRESENTATION_CONTEXT(2) 
PARAMETRIC_REPRESENTATION_CONTEXT() REPRESENTATION_CONTEXT('2D SPACE',''
  ) );
#8523 = PCURVE('',#8524,#8529);
#8524 = PLANE('',#8525);
#8525 = AXIS2_PLACEMENT_3D('',#8526,#8527,#8528);
#8526 = CARTESIAN_POINT('',(2.,11.9,1.E-001));
#8527 = DIRECTION('',(0.E+000,0.E+000,-1.));
#8528 = DIRECTION('',(-1.,0.E+000,0.E+000));
#8529 = DEFINITIONAL_REPRESENTATION('',(#8530),#8534);
#8530 = LINE('',#8531,#8532);
#8531 = CARTESIAN_POINT('',(-3.,-11.9));
#8532 = VECTOR('',#8533,1.);
#8533 = DIRECTION('',(-1.,0.E+000));
#8534 = ( GEOMETRIC_REPRESENTATION_CONTEXT(2) 
PARAMETRIC_REPRESENTATION_CONTEXT() REPRESENTATION_CONTEXT('2D SPACE',''
  ) );
#8535 = ORIENTED_EDGE('',*,*,#8536,.T.);
#8536 = EDGE_CURVE('',#8509,#8537,#8539,.T.);
#8537 = VERTEX_POINT('',#8538);
#8538 = CARTESIAN_POINT('',(3.,0.E+000,-0.9));
#8539 = SURFACE_CURVE('',#8540,(#8544,#8551),.PCURVE_S1.);
#8540 = LINE('',#8541,#8542);
#8541 = CARTESIAN_POINT('',(3.,0.E+000,-4.2));
#8542 = VECTOR('',#8543,1.);
#8543 = DIRECTION('',(0.E+000,0.E+000,-1.));
#8544 = PCURVE('',#8294,#8545);
#8545 = DEFINITIONAL_REPRESENTATION('',(#8546),#8550);
#8546 = LINE('',#8547,#8548);
#8547 = CARTESIAN_POINT('',(0.E+000,-2.));
#8548 = VECTOR('',#8549,1.);
#8549 = DIRECTION('',(1.,0.E+000));
#8550 = ( GEOMETRIC_REPRESENTATION_CONTEXT(2) 
PARAMETRIC_REPRESENTATION_CONTEXT() REPRESENTATION_CONTEXT('2D SPACE',''
  ) );
#8551 = PCURVE('',#8552,#8557);
#8552 = PLANE('',#8553);
#8553 = AXIS2_PLACEMENT_3D('',#8554,#8555,#8556);
#8554 = CARTESIAN_POINT('',(3.,11.9,-0.9));
#8555 = DIRECTION('',(-1.,0.E+000,0.E+000));
#8556 = DIRECTION('',(0.E+000,0.E+000,1.));
#8557 = DEFINITIONAL_REPRESENTATION('',(#8558),#8562);
#8558 = LINE('',#8559,#8560);
#8559 = CARTESIAN_POINT('',(-3.3,-11.9));
#8560 = VECTOR('',#8561,1.);
#8561 = DIRECTION('',(-1.,0.E+000));
#8562 = ( GEOMETRIC_REPRESENTATION_CONTEXT(2) 
PARAMETRIC_REPRESENTATION_CONTEXT() REPRESENTATION_CONTEXT('2D SPACE',''
  ) );
#8563 = ORIENTED_EDGE('',*,*,#8564,.T.);
#8564 = EDGE_CURVE('',#8537,#8565,#8567,.T.);
#8565 = VERTEX_POINT('',#8566);
#8566 = CARTESIAN_POINT('',(2.,0.E+000,-0.9));
#8567 = SURFACE_CURVE('',#8568,(#8572,#8579),.PCURVE_S1.);
#8568 = LINE('',#8569,#8570);
#8569 = CARTESIAN_POINT('',(5.,0.E+000,-0.9));
#8570 = VECTOR('',#8571,1.);
#8571 = DIRECTION('',(-1.,0.E+000,-4.336808689942E-016));
#8572 = PCURVE('',#8294,#8573);
#8573 = DEFINITIONAL_REPRESENTATION('',(#8574),#8578);
#8574 = LINE('',#8575,#8576);
#8575 = CARTESIAN_POINT('',(-3.3,-1.7763568394E-015));
#8576 = VECTOR('',#8577,1.);
#8577 = DIRECTION('',(4.336808689942E-016,-1.));
#8578 = ( GEOMETRIC_REPRESENTATION_CONTEXT(2) 
PARAMETRIC_REPRESENTATION_CONTEXT() REPRESENTATION_CONTEXT('2D SPACE',''
  ) );
#8579 = PCURVE('',#8580,#8585);
#8580 = PLANE('',#8581);
#8581 = AXIS2_PLACEMENT_3D('',#8582,#8583,#8584);
#8582 = CARTESIAN_POINT('',(2.,11.9,-0.9));
#8583 = DIRECTION('',(-4.336808689942E-016,0.E+000,1.));
#8584 = DIRECTION('',(1.,0.E+000,4.336808689942E-016));
#8585 = DEFINITIONAL_REPRESENTATION('',(#8586),#8590);
#8586 = LINE('',#8587,#8588);
#8587 = CARTESIAN_POINT('',(3.,-11.9));
#8588 = VECTOR('',#8589,1.);
#8589 = DIRECTION('',(-1.,0.E+000));
#8590 = ( GEOMETRIC_REPRESENTATION_CONTEXT(2) 
PARAMETRIC_REPRESENTATION_CONTEXT() REPRESENTATION_CONTEXT('2D SPACE',''
  ) );
#8591 = ORIENTED_EDGE('',*,*,#8592,.T.);
#8592 = EDGE_CURVE('',#8565,#8507,#8593,.T.);
#8593 = SURFACE_CURVE('',#8594,(#8598,#8605),.PCURVE_S1.);
#8594 = LINE('',#8595,#8596);
#8595 = CARTESIAN_POINT('',(2.,0.E+000,-4.2));
#8596 = VECTOR('',#8597,1.);
#8597 = DIRECTION('',(0.E+000,0.E+000,1.));
#8598 = PCURVE('',#8294,#8599);
#8599 = DEFINITIONAL_REPRESENTATION('',(#8600),#8604);
#8600 = LINE('',#8601,#8602);
#8601 = CARTESIAN_POINT('',(0.E+000,-3.));
#8602 = VECTOR('',#8603,1.);
#8603 = DIRECTION('',(-1.,0.E+000));
#8604 = ( GEOMETRIC_REPRESENTATION_CONTEXT(2) 
PARAMETRIC_REPRESENTATION_CONTEXT() REPRESENTATION_CONTEXT('2D SPACE',''
  ) );
#8605 = PCURVE('',#8606,#8611);
#8606 = PLANE('',#8607);
#8607 = AXIS2_PLACEMENT_3D('',#8608,#8609,#8610);
#8608 = CARTESIAN_POINT('',(2.,11.9,-0.9));
#8609 = DIRECTION('',(1.,0.E+000,0.E+000));
#8610 = DIRECTION('',(0.E+000,0.E+000,-1.));
#8611 = DEFINITIONAL_REPRESENTATION('',(#8612),#8616);
#8612 = LINE('',#8613,#8614);
#8613 = CARTESIAN_POINT('',(3.3,-11.9));
#8614 = VECTOR('',#8615,1.);
#8615 = DIRECTION('',(-1.,0.E+000));
#8616 = ( GEOMETRIC_REPRESENTATION_CONTEXT(2) 
PARAMETRIC_REPRESENTATION_CONTEXT() REPRESENTATION_CONTEXT('2D SPACE',''
  ) );
#8617 = ADVANCED_FACE('',(#8618,#8737,#8841),#8632,.T.);
#8618 = FACE_BOUND('',#8619,.T.);
#8619 = EDGE_LOOP('',(#8620,#8655,#8683,#8711));
#8620 = ORIENTED_EDGE('',*,*,#8621,.T.);
#8621 = EDGE_CURVE('',#8622,#8624,#8626,.T.);
#8622 = VERTEX_POINT('',#8623);
#8623 = CARTESIAN_POINT('',(-3.,4.,-0.9));
#8624 = VERTEX_POINT('',#8625);
#8625 = CARTESIAN_POINT('',(-2.,4.,-0.9));
#8626 = SURFACE_CURVE('',#8627,(#8631,#8643),.PCURVE_S1.);
#8627 = LINE('',#8628,#8629);
#8628 = CARTESIAN_POINT('',(-5.,4.,-0.9));
#8629 = VECTOR('',#8630,1.);
#8630 = DIRECTION('',(1.,0.E+000,0.E+000));
#8631 = PCURVE('',#8632,#8637);
#8632 = PLANE('',#8633);
#8633 = AXIS2_PLACEMENT_3D('',#8634,#8635,#8636);
#8634 = CARTESIAN_POINT('',(-5.,4.,3.));
#8635 = DIRECTION('',(0.E+000,1.,0.E+000));
#8636 = DIRECTION('',(0.E+000,0.E+000,1.));
#8637 = DEFINITIONAL_REPRESENTATION('',(#8638),#8642);
#8638 = LINE('',#8639,#8640);
#8639 = CARTESIAN_POINT('',(-3.9,0.E+000));
#8640 = VECTOR('',#8641,1.);
#8641 = DIRECTION('',(0.E+000,1.));
#8642 = ( GEOMETRIC_REPRESENTATION_CONTEXT(2) 
PARAMETRIC_REPRESENTATION_CONTEXT() REPRESENTATION_CONTEXT('2D SPACE',''
  ) );
#8643 = PCURVE('',#8644,#8649);
#8644 = PLANE('',#8645);
#8645 = AXIS2_PLACEMENT_3D('',#8646,#8647,#8648);
#8646 = CARTESIAN_POINT('',(-3.,11.9,-0.9));
#8647 = DIRECTION('',(0.E+000,0.E+000,1.));
#8648 = DIRECTION('',(1.,0.E+000,0.E+000));
#8649 = DEFINITIONAL_REPRESENTATION('',(#8650),#8654);
#8650 = LINE('',#8651,#8652);
#8651 = CARTESIAN_POINT('',(-2.,-7.9));
#8652 = VECTOR('',#8653,1.);
#8653 = DIRECTION('',(1.,0.E+000));
#8654 = ( GEOMETRIC_REPRESENTATION_CONTEXT(2) 
PARAMETRIC_REPRESENTATION_CONTEXT() REPRESENTATION_CONTEXT('2D SPACE',''
  ) );
#8655 = ORIENTED_EDGE('',*,*,#8656,.T.);
#8656 = EDGE_CURVE('',#8624,#8657,#8659,.T.);
#8657 = VERTEX_POINT('',#8658);
#8658 = CARTESIAN_POINT('',(-2.,4.,1.E-001));
#8659 = SURFACE_CURVE('',#8660,(#8664,#8671),.PCURVE_S1.);
#8660 = LINE('',#8661,#8662);
#8661 = CARTESIAN_POINT('',(-2.,4.,3.));
#8662 = VECTOR('',#8663,1.);
#8663 = DIRECTION('',(0.E+000,0.E+000,1.));
#8664 = PCURVE('',#8632,#8665);
#8665 = DEFINITIONAL_REPRESENTATION('',(#8666),#8670);
#8666 = LINE('',#8667,#8668);
#8667 = CARTESIAN_POINT('',(0.E+000,3.));
#8668 = VECTOR('',#8669,1.);
#8669 = DIRECTION('',(1.,0.E+000));
#8670 = ( GEOMETRIC_REPRESENTATION_CONTEXT(2) 
PARAMETRIC_REPRESENTATION_CONTEXT() REPRESENTATION_CONTEXT('2D SPACE',''
  ) );
#8671 = PCURVE('',#8672,#8677);
#8672 = PLANE('',#8673);
#8673 = AXIS2_PLACEMENT_3D('',#8674,#8675,#8676);
#8674 = CARTESIAN_POINT('',(-2.,11.9,-0.9));
#8675 = DIRECTION('',(-1.,0.E+000,0.E+000));
#8676 = DIRECTION('',(0.E+000,0.E+000,1.));
#8677 = DEFINITIONAL_REPRESENTATION('',(#8678),#8682);
#8678 = LINE('',#8679,#8680);
#8679 = CARTESIAN_POINT('',(3.9,-7.9));
#8680 = VECTOR('',#8681,1.);
#8681 = DIRECTION('',(1.,0.E+000));
#8682 = ( GEOMETRIC_REPRESENTATION_CONTEXT(2) 
PARAMETRIC_REPRESENTATION_CONTEXT() REPRESENTATION_CONTEXT('2D SPACE',''
  ) );
#8683 = ORIENTED_EDGE('',*,*,#8684,.T.);
#8684 = EDGE_CURVE('',#8657,#8685,#8687,.T.);
#8685 = VERTEX_POINT('',#8686);
#8686 = CARTESIAN_POINT('',(-3.,4.,1.E-001));
#8687 = SURFACE_CURVE('',#8688,(#8692,#8699),.PCURVE_S1.);
#8688 = LINE('',#8689,#8690);
#8689 = CARTESIAN_POINT('',(-5.,4.,1.E-001));
#8690 = VECTOR('',#8691,1.);
#8691 = DIRECTION('',(-1.,0.E+000,0.E+000));
#8692 = PCURVE('',#8632,#8693);
#8693 = DEFINITIONAL_REPRESENTATION('',(#8694),#8698);
#8694 = LINE('',#8695,#8696);
#8695 = CARTESIAN_POINT('',(-2.9,0.E+000));
#8696 = VECTOR('',#8697,1.);
#8697 = DIRECTION('',(0.E+000,-1.));
#8698 = ( GEOMETRIC_REPRESENTATION_CONTEXT(2) 
PARAMETRIC_REPRESENTATION_CONTEXT() REPRESENTATION_CONTEXT('2D SPACE',''
  ) );
#8699 = PCURVE('',#8700,#8705);
#8700 = PLANE('',#8701);
#8701 = AXIS2_PLACEMENT_3D('',#8702,#8703,#8704);
#8702 = CARTESIAN_POINT('',(-3.,11.9,1.E-001));
#8703 = DIRECTION('',(0.E+000,0.E+000,-1.));
#8704 = DIRECTION('',(-1.,0.E+000,0.E+000));
#8705 = DEFINITIONAL_REPRESENTATION('',(#8706),#8710);
#8706 = LINE('',#8707,#8708);
#8707 = CARTESIAN_POINT('',(2.,-7.9));
#8708 = VECTOR('',#8709,1.);
#8709 = DIRECTION('',(1.,0.E+000));
#8710 = ( GEOMETRIC_REPRESENTATION_CONTEXT(2) 
PARAMETRIC_REPRESENTATION_CONTEXT() REPRESENTATION_CONTEXT('2D SPACE',''
  ) );
#8711 = ORIENTED_EDGE('',*,*,#8712,.T.);
#8712 = EDGE_CURVE('',#8685,#8622,#8713,.T.);
#8713 = SURFACE_CURVE('',#8714,(#8718,#8725),.PCURVE_S1.);
#8714 = LINE('',#8715,#8716);
#8715 = CARTESIAN_POINT('',(-3.,4.,3.));
#8716 = VECTOR('',#8717,1.);
#8717 = DIRECTION('',(0.E+000,0.E+000,-1.));
#8718 = PCURVE('',#8632,#8719);
#8719 = DEFINITIONAL_REPRESENTATION('',(#8720),#8724);
#8720 = LINE('',#8721,#8722);
#8721 = CARTESIAN_POINT('',(0.E+000,2.));
#8722 = VECTOR('',#8723,1.);
#8723 = DIRECTION('',(-1.,0.E+000));
#8724 = ( GEOMETRIC_REPRESENTATION_CONTEXT(2) 
PARAMETRIC_REPRESENTATION_CONTEXT() REPRESENTATION_CONTEXT('2D SPACE',''
  ) );
#8725 = PCURVE('',#8726,#8731);
#8726 = PLANE('',#8727);
#8727 = AXIS2_PLACEMENT_3D('',#8728,#8729,#8730);
#8728 = CARTESIAN_POINT('',(-3.,11.9,-0.9));
#8729 = DIRECTION('',(1.,0.E+000,0.E+000));
#8730 = DIRECTION('',(0.E+000,0.E+000,-1.));
#8731 = DEFINITIONAL_REPRESENTATION('',(#8732),#8736);
#8732 = LINE('',#8733,#8734);
#8733 = CARTESIAN_POINT('',(-3.9,-7.9));
#8734 = VECTOR('',#8735,1.);
#8735 = DIRECTION('',(1.,0.E+000));
#8736 = ( GEOMETRIC_REPRESENTATION_CONTEXT(2) 
PARAMETRIC_REPRESENTATION_CONTEXT() REPRESENTATION_CONTEXT('2D SPACE',''
  ) );
#8737 = FACE_BOUND('',#8738,.T.);
#8738 = EDGE_LOOP('',(#8739,#8764,#8792,#8815));
#8739 = ORIENTED_EDGE('',*,*,#8740,.T.);
#8740 = EDGE_CURVE('',#8741,#8743,#8745,.T.);
#8741 = VERTEX_POINT('',#8742);
#8742 = CARTESIAN_POINT('',(-5.,4.,-3.2));
#8743 = VERTEX_POINT('',#8744);
#8744 = CARTESIAN_POINT('',(-5.,4.,3.));
#8745 = SURFACE_CURVE('',#8746,(#8750,#8757),.PCURVE_S1.);
#8746 = LINE('',#8747,#8748);
#8747 = CARTESIAN_POINT('',(-5.,4.,-3.2));
#8748 = VECTOR('',#8749,1.);
#8749 = DIRECTION('',(1.398970545143E-016,0.E+000,1.));
#8750 = PCURVE('',#8632,#8751);
#8751 = DEFINITIONAL_REPRESENTATION('',(#8752),#8756);
#8752 = LINE('',#8753,#8754);
#8753 = CARTESIAN_POINT('',(-6.2,-8.881784197001E-016));
#8754 = VECTOR('',#8755,1.);
#8755 = DIRECTION('',(1.,1.398970545143E-016));
#8756 = ( GEOMETRIC_REPRESENTATION_CONTEXT(2) 
PARAMETRIC_REPRESENTATION_CONTEXT() REPRESENTATION_CONTEXT('2D SPACE',''
  ) );
#8757 = PCURVE('',#8242,#8758);
#8758 = DEFINITIONAL_REPRESENTATION('',(#8759),#8763);
#8759 = LINE('',#8760,#8761);
#8760 = CARTESIAN_POINT('',(7.4,-8.));
#8761 = VECTOR('',#8762,1.);
#8762 = DIRECTION('',(-1.,0.E+000));
#8763 = ( GEOMETRIC_REPRESENTATION_CONTEXT(2) 
PARAMETRIC_REPRESENTATION_CONTEXT() REPRESENTATION_CONTEXT('2D SPACE',''
  ) );
#8764 = ORIENTED_EDGE('',*,*,#8765,.T.);
#8765 = EDGE_CURVE('',#8743,#8766,#8768,.T.);
#8766 = VERTEX_POINT('',#8767);
#8767 = CARTESIAN_POINT('',(5.,4.,3.));
#8768 = SURFACE_CURVE('',#8769,(#8773,#8780),.PCURVE_S1.);
#8769 = LINE('',#8770,#8771);
#8770 = CARTESIAN_POINT('',(-5.,4.,3.));
#8771 = VECTOR('',#8772,1.);
#8772 = DIRECTION('',(1.,0.E+000,0.E+000));
#8773 = PCURVE('',#8632,#8774);
#8774 = DEFINITIONAL_REPRESENTATION('',(#8775),#8779);
#8775 = LINE('',#8776,#8777);
#8776 = CARTESIAN_POINT('',(0.E+000,0.E+000));
#8777 = VECTOR('',#8778,1.);
#8778 = DIRECTION('',(0.E+000,1.));
#8779 = ( GEOMETRIC_REPRESENTATION_CONTEXT(2) 
PARAMETRIC_REPRESENTATION_CONTEXT() REPRESENTATION_CONTEXT('2D SPACE',''
  ) );
#8780 = PCURVE('',#8781,#8786);
#8781 = PLANE('',#8782);
#8782 = AXIS2_PLACEMENT_3D('',#8783,#8784,#8785);
#8783 = CARTESIAN_POINT('',(-5.,4.,3.));
#8784 = DIRECTION('',(0.E+000,0.E+000,1.));
#8785 = DIRECTION('',(1.,0.E+000,0.E+000));
#8786 = DEFINITIONAL_REPRESENTATION('',(#8787),#8791);
#8787 = LINE('',#8788,#8789);
#8788 = CARTESIAN_POINT('',(0.E+000,0.E+000));
#8789 = VECTOR('',#8790,1.);
#8790 = DIRECTION('',(1.,0.E+000));
#8791 = ( GEOMETRIC_REPRESENTATION_CONTEXT(2) 
PARAMETRIC_REPRESENTATION_CONTEXT() REPRESENTATION_CONTEXT('2D SPACE',''
  ) );
#8792 = ORIENTED_EDGE('',*,*,#8793,.T.);
#8793 = EDGE_CURVE('',#8766,#8794,#8796,.T.);
#8794 = VERTEX_POINT('',#8795);
#8795 = CARTESIAN_POINT('',(5.,4.,-3.2));
#8796 = SURFACE_CURVE('',#8797,(#8801,#8808),.PCURVE_S1.);
#8797 = LINE('',#8798,#8799);
#8798 = CARTESIAN_POINT('',(5.,4.,-3.2));
#8799 = VECTOR('',#8800,1.);
#8800 = DIRECTION('',(0.E+000,0.E+000,-1.));
#8801 = PCURVE('',#8632,#8802);
#8802 = DEFINITIONAL_REPRESENTATION('',(#8803),#8807);
#8803 = LINE('',#8804,#8805);
#8804 = CARTESIAN_POINT('',(-6.2,10.));
#8805 = VECTOR('',#8806,1.);
#8806 = DIRECTION('',(-1.,0.E+000));
#8807 = ( GEOMETRIC_REPRESENTATION_CONTEXT(2) 
PARAMETRIC_REPRESENTATION_CONTEXT() REPRESENTATION_CONTEXT('2D SPACE',''
  ) );
#8808 = PCURVE('',#8186,#8809);
#8809 = DEFINITIONAL_REPRESENTATION('',(#8810),#8814);
#8810 = LINE('',#8811,#8812);
#8811 = CARTESIAN_POINT('',(-7.4,-8.));
#8812 = VECTOR('',#8813,1.);
#8813 = DIRECTION('',(-1.,0.E+000));
#8814 = ( GEOMETRIC_REPRESENTATION_CONTEXT(2) 
PARAMETRIC_REPRESENTATION_CONTEXT() REPRESENTATION_CONTEXT('2D SPACE',''
  ) );
#8815 = ORIENTED_EDGE('',*,*,#8816,.T.);
#8816 = EDGE_CURVE('',#8794,#8741,#8817,.T.);
#8817 = SURFACE_CURVE('',#8818,(#8822,#8829),.PCURVE_S1.);
#8818 = LINE('',#8819,#8820);
#8819 = CARTESIAN_POINT('',(-5.,4.,-3.2));
#8820 = VECTOR('',#8821,1.);
#8821 = DIRECTION('',(-1.,0.E+000,0.E+000));
#8822 = PCURVE('',#8632,#8823);
#8823 = DEFINITIONAL_REPRESENTATION('',(#8824),#8828);
#8824 = LINE('',#8825,#8826);
#8825 = CARTESIAN_POINT('',(-6.2,-8.881784197001E-016));
#8826 = VECTOR('',#8827,1.);
#8827 = DIRECTION('',(0.E+000,-1.));
#8828 = ( GEOMETRIC_REPRESENTATION_CONTEXT(2) 
PARAMETRIC_REPRESENTATION_CONTEXT() REPRESENTATION_CONTEXT('2D SPACE',''
  ) );
#8829 = PCURVE('',#8830,#8835);
#8830 = PLANE('',#8831);
#8831 = AXIS2_PLACEMENT_3D('',#8832,#8833,#8834);
#8832 = CARTESIAN_POINT('',(-5.,4.,-3.2));
#8833 = DIRECTION('',(0.E+000,0.E+000,-1.));
#8834 = DIRECTION('',(-1.,0.E+000,0.E+000));
#8835 = DEFINITIONAL_REPRESENTATION('',(#8836),#8840);
#8836 = LINE('',#8837,#8838);
#8837 = CARTESIAN_POINT('',(0.E+000,0.E+000));
#8838 = VECTOR('',#8839,1.);
#8839 = DIRECTION('',(1.,0.E+000));
#8840 = ( GEOMETRIC_REPRESENTATION_CONTEXT(2) 
PARAMETRIC_REPRESENTATION_CONTEXT() REPRESENTATION_CONTEXT('2D SPACE',''
  ) );
#8841 = FACE_BOUND('',#8842,.T.);
#8842 = EDGE_LOOP('',(#8843,#8873,#8901,#8929));
#8843 = ORIENTED_EDGE('',*,*,#8844,.T.);
#8844 = EDGE_CURVE('',#8845,#8847,#8849,.T.);
#8845 = VERTEX_POINT('',#8846);
#8846 = CARTESIAN_POINT('',(2.,4.,-0.9));
#8847 = VERTEX_POINT('',#8848);
#8848 = CARTESIAN_POINT('',(3.,4.,-0.9));
#8849 = SURFACE_CURVE('',#8850,(#8854,#8861),.PCURVE_S1.);
#8850 = LINE('',#8851,#8852);
#8851 = CARTESIAN_POINT('',(-5.,4.,-0.9));
#8852 = VECTOR('',#8853,1.);
#8853 = DIRECTION('',(1.,0.E+000,4.336808689942E-016));
#8854 = PCURVE('',#8632,#8855);
#8855 = DEFINITIONAL_REPRESENTATION('',(#8856),#8860);
#8856 = LINE('',#8857,#8858);
#8857 = CARTESIAN_POINT('',(-3.9,1.7763568394E-015));
#8858 = VECTOR('',#8859,1.);
#8859 = DIRECTION('',(4.336808689942E-016,1.));
#8860 = ( GEOMETRIC_REPRESENTATION_CONTEXT(2) 
PARAMETRIC_REPRESENTATION_CONTEXT() REPRESENTATION_CONTEXT('2D SPACE',''
  ) );
#8861 = PCURVE('',#8862,#8867);
#8862 = PLANE('',#8863);
#8863 = AXIS2_PLACEMENT_3D('',#8864,#8865,#8866);
#8864 = CARTESIAN_POINT('',(2.,11.9,-0.9));
#8865 = DIRECTION('',(-4.336808689942E-016,0.E+000,1.));
#8866 = DIRECTION('',(1.,0.E+000,4.336808689942E-016));
#8867 = DEFINITIONAL_REPRESENTATION('',(#8868),#8872);
#8868 = LINE('',#8869,#8870);
#8869 = CARTESIAN_POINT('',(-7.,-7.9));
#8870 = VECTOR('',#8871,1.);
#8871 = DIRECTION('',(1.,0.E+000));
#8872 = ( GEOMETRIC_REPRESENTATION_CONTEXT(2) 
PARAMETRIC_REPRESENTATION_CONTEXT() REPRESENTATION_CONTEXT('2D SPACE',''
  ) );
#8873 = ORIENTED_EDGE('',*,*,#8874,.T.);
#8874 = EDGE_CURVE('',#8847,#8875,#8877,.T.);
#8875 = VERTEX_POINT('',#8876);
#8876 = CARTESIAN_POINT('',(3.,4.,1.E-001));
#8877 = SURFACE_CURVE('',#8878,(#8882,#8889),.PCURVE_S1.);
#8878 = LINE('',#8879,#8880);
#8879 = CARTESIAN_POINT('',(3.,4.,3.));
#8880 = VECTOR('',#8881,1.);
#8881 = DIRECTION('',(0.E+000,0.E+000,1.));
#8882 = PCURVE('',#8632,#8883);
#8883 = DEFINITIONAL_REPRESENTATION('',(#8884),#8888);
#8884 = LINE('',#8885,#8886);
#8885 = CARTESIAN_POINT('',(0.E+000,8.));
#8886 = VECTOR('',#8887,1.);
#8887 = DIRECTION('',(1.,0.E+000));
#8888 = ( GEOMETRIC_REPRESENTATION_CONTEXT(2) 
PARAMETRIC_REPRESENTATION_CONTEXT() REPRESENTATION_CONTEXT('2D SPACE',''
  ) );
#8889 = PCURVE('',#8890,#8895);
#8890 = PLANE('',#8891);
#8891 = AXIS2_PLACEMENT_3D('',#8892,#8893,#8894);
#8892 = CARTESIAN_POINT('',(3.,11.9,-0.9));
#8893 = DIRECTION('',(-1.,0.E+000,0.E+000));
#8894 = DIRECTION('',(0.E+000,0.E+000,1.));
#8895 = DEFINITIONAL_REPRESENTATION('',(#8896),#8900);
#8896 = LINE('',#8897,#8898);
#8897 = CARTESIAN_POINT('',(3.9,-7.9));
#8898 = VECTOR('',#8899,1.);
#8899 = DIRECTION('',(1.,0.E+000));
#8900 = ( GEOMETRIC_REPRESENTATION_CONTEXT(2) 
PARAMETRIC_REPRESENTATION_CONTEXT() REPRESENTATION_CONTEXT('2D SPACE',''
  ) );
#8901 = ORIENTED_EDGE('',*,*,#8902,.T.);
#8902 = EDGE_CURVE('',#8875,#8903,#8905,.T.);
#8903 = VERTEX_POINT('',#8904);
#8904 = CARTESIAN_POINT('',(2.,4.,1.E-001));
#8905 = SURFACE_CURVE('',#8906,(#8910,#8917),.PCURVE_S1.);
#8906 = LINE('',#8907,#8908);
#8907 = CARTESIAN_POINT('',(-5.,4.,1.E-001));
#8908 = VECTOR('',#8909,1.);
#8909 = DIRECTION('',(-1.,0.E+000,0.E+000));
#8910 = PCURVE('',#8632,#8911);
#8911 = DEFINITIONAL_REPRESENTATION('',(#8912),#8916);
#8912 = LINE('',#8913,#8914);
#8913 = CARTESIAN_POINT('',(-2.9,0.E+000));
#8914 = VECTOR('',#8915,1.);
#8915 = DIRECTION('',(0.E+000,-1.));
#8916 = ( GEOMETRIC_REPRESENTATION_CONTEXT(2) 
PARAMETRIC_REPRESENTATION_CONTEXT() REPRESENTATION_CONTEXT('2D SPACE',''
  ) );
#8917 = PCURVE('',#8918,#8923);
#8918 = PLANE('',#8919);
#8919 = AXIS2_PLACEMENT_3D('',#8920,#8921,#8922);
#8920 = CARTESIAN_POINT('',(2.,11.9,1.E-001));
#8921 = DIRECTION('',(0.E+000,0.E+000,-1.));
#8922 = DIRECTION('',(-1.,0.E+000,0.E+000));
#8923 = DEFINITIONAL_REPRESENTATION('',(#8924),#8928);
#8924 = LINE('',#8925,#8926);
#8925 = CARTESIAN_POINT('',(7.,-7.9));
#8926 = VECTOR('',#8927,1.);
#8927 = DIRECTION('',(1.,0.E+000));
#8928 = ( GEOMETRIC_REPRESENTATION_CONTEXT(2) 
PARAMETRIC_REPRESENTATION_CONTEXT() REPRESENTATION_CONTEXT('2D SPACE',''
  ) );
#8929 = ORIENTED_EDGE('',*,*,#8930,.T.);
#8930 = EDGE_CURVE('',#8903,#8845,#8931,.T.);
#8931 = SURFACE_CURVE('',#8932,(#8936,#8943),.PCURVE_S1.);
#8932 = LINE('',#8933,#8934);
#8933 = CARTESIAN_POINT('',(2.,4.,3.));
#8934 = VECTOR('',#8935,1.);
#8935 = DIRECTION('',(0.E+000,0.E+000,-1.));
#8936 = PCURVE('',#8632,#8937);
#8937 = DEFINITIONAL_REPRESENTATION('',(#8938),#8942);
#8938 = LINE('',#8939,#8940);
#8939 = CARTESIAN_POINT('',(0.E+000,7.));
#8940 = VECTOR('',#8941,1.);
#8941 = DIRECTION('',(-1.,0.E+000));
#8942 = ( GEOMETRIC_REPRESENTATION_CONTEXT(2) 
PARAMETRIC_REPRESENTATION_CONTEXT() REPRESENTATION_CONTEXT('2D SPACE',''
  ) );
#8943 = PCURVE('',#8944,#8949);
#8944 = PLANE('',#8945);
#8945 = AXIS2_PLACEMENT_3D('',#8946,#8947,#8948);
#8946 = CARTESIAN_POINT('',(2.,11.9,-0.9));
#8947 = DIRECTION('',(1.,0.E+000,0.E+000));
#8948 = DIRECTION('',(0.E+000,0.E+000,-1.));
#8949 = DEFINITIONAL_REPRESENTATION('',(#8950),#8954);
#8950 = LINE('',#8951,#8952);
#8951 = CARTESIAN_POINT('',(-3.9,-7.9));
#8952 = VECTOR('',#8953,1.);
#8953 = DIRECTION('',(1.,0.E+000));
#8954 = ( GEOMETRIC_REPRESENTATION_CONTEXT(2) 
PARAMETRIC_REPRESENTATION_CONTEXT() REPRESENTATION_CONTEXT('2D SPACE',''
  ) );
#8955 = ADVANCED_FACE('',(#8956),#8970,.F.);
#8956 = FACE_BOUND('',#8957,.T.);
#8957 = EDGE_LOOP('',(#8958,#8988,#9016,#9039));
#8958 = ORIENTED_EDGE('',*,*,#8959,.T.);
#8959 = EDGE_CURVE('',#8960,#8962,#8964,.T.);
#8960 = VERTEX_POINT('',#8961);
#8961 = CARTESIAN_POINT('',(-5.,12.,-4.2));
#8962 = VERTEX_POINT('',#8963);
#8963 = CARTESIAN_POINT('',(-5.,12.,-3.7));
#8964 = SURFACE_CURVE('',#8965,(#8969,#8981),.PCURVE_S1.);
#8965 = LINE('',#8966,#8967);
#8966 = CARTESIAN_POINT('',(-5.,12.,4.2));
#8967 = VECTOR('',#8968,1.);
#8968 = DIRECTION('',(0.E+000,0.E+000,1.));
#8969 = PCURVE('',#8970,#8975);
#8970 = PLANE('',#8971);
#8971 = AXIS2_PLACEMENT_3D('',#8972,#8973,#8974);
#8972 = CARTESIAN_POINT('',(5.,12.,-4.2));
#8973 = DIRECTION('',(0.E+000,-1.,0.E+000));
#8974 = DIRECTION('',(0.E+000,0.E+000,-1.));
#8975 = DEFINITIONAL_REPRESENTATION('',(#8976),#8980);
#8976 = LINE('',#8977,#8978);
#8977 = CARTESIAN_POINT('',(-8.4,-10.));
#8978 = VECTOR('',#8979,1.);
#8979 = DIRECTION('',(-1.,0.E+000));
#8980 = ( GEOMETRIC_REPRESENTATION_CONTEXT(2) 
PARAMETRIC_REPRESENTATION_CONTEXT() REPRESENTATION_CONTEXT('2D SPACE',''
  ) );
#8981 = PCURVE('',#8242,#8982);
#8982 = DEFINITIONAL_REPRESENTATION('',(#8983),#8987);
#8983 = LINE('',#8984,#8985);
#8984 = CARTESIAN_POINT('',(0.E+000,0.E+000));
#8985 = VECTOR('',#8986,1.);
#8986 = DIRECTION('',(-1.,0.E+000));
#8987 = ( GEOMETRIC_REPRESENTATION_CONTEXT(2) 
PARAMETRIC_REPRESENTATION_CONTEXT() REPRESENTATION_CONTEXT('2D SPACE',''
  ) );
#8988 = ORIENTED_EDGE('',*,*,#8989,.T.);
#8989 = EDGE_CURVE('',#8962,#8990,#8992,.T.);
#8990 = VERTEX_POINT('',#8991);
#8991 = CARTESIAN_POINT('',(5.,12.,-3.7));
#8992 = SURFACE_CURVE('',#8993,(#8997,#9004),.PCURVE_S1.);
#8993 = LINE('',#8994,#8995);
#8994 = CARTESIAN_POINT('',(5.,12.,-3.7));
#8995 = VECTOR('',#8996,1.);
#8996 = DIRECTION('',(1.,0.E+000,0.E+000));
#8997 = PCURVE('',#8970,#8998);
#8998 = DEFINITIONAL_REPRESENTATION('',(#8999),#9003);
#8999 = LINE('',#9000,#9001);
#9000 = CARTESIAN_POINT('',(-0.5,0.E+000));
#9001 = VECTOR('',#9002,1.);
#9002 = DIRECTION('',(0.E+000,1.));
#9003 = ( GEOMETRIC_REPRESENTATION_CONTEXT(2) 
PARAMETRIC_REPRESENTATION_CONTEXT() REPRESENTATION_CONTEXT('2D SPACE',''
  ) );
#9004 = PCURVE('',#9005,#9010);
#9005 = PLANE('',#9006);
#9006 = AXIS2_PLACEMENT_3D('',#9007,#9008,#9009);
#9007 = CARTESIAN_POINT('',(-5.,11.5,-3.2));
#9008 = DIRECTION('',(0.E+000,-0.707106781187,-0.707106781187));
#9009 = DIRECTION('',(0.E+000,0.707106781187,-0.707106781187));
#9010 = DEFINITIONAL_REPRESENTATION('',(#9011),#9015);
#9011 = LINE('',#9012,#9013);
#9012 = CARTESIAN_POINT('',(0.707106781187,10.));
#9013 = VECTOR('',#9014,1.);
#9014 = DIRECTION('',(0.E+000,1.));
#9015 = ( GEOMETRIC_REPRESENTATION_CONTEXT(2) 
PARAMETRIC_REPRESENTATION_CONTEXT() REPRESENTATION_CONTEXT('2D SPACE',''
  ) );
#9016 = ORIENTED_EDGE('',*,*,#9017,.T.);
#9017 = EDGE_CURVE('',#8990,#9018,#9020,.T.);
#9018 = VERTEX_POINT('',#9019);
#9019 = CARTESIAN_POINT('',(5.,12.,-4.2));
#9020 = SURFACE_CURVE('',#9021,(#9025,#9032),.PCURVE_S1.);
#9021 = LINE('',#9022,#9023);
#9022 = CARTESIAN_POINT('',(5.,12.,4.2));
#9023 = VECTOR('',#9024,1.);
#9024 = DIRECTION('',(0.E+000,0.E+000,-1.));
#9025 = PCURVE('',#8970,#9026);
#9026 = DEFINITIONAL_REPRESENTATION('',(#9027),#9031);
#9027 = LINE('',#9028,#9029);
#9028 = CARTESIAN_POINT('',(-8.4,0.E+000));
#9029 = VECTOR('',#9030,1.);
#9030 = DIRECTION('',(1.,0.E+000));
#9031 = ( GEOMETRIC_REPRESENTATION_CONTEXT(2) 
PARAMETRIC_REPRESENTATION_CONTEXT() REPRESENTATION_CONTEXT('2D SPACE',''
  ) );
#9032 = PCURVE('',#8186,#9033);
#9033 = DEFINITIONAL_REPRESENTATION('',(#9034),#9038);
#9034 = LINE('',#9035,#9036);
#9035 = CARTESIAN_POINT('',(0.E+000,0.E+000));
#9036 = VECTOR('',#9037,1.);
#9037 = DIRECTION('',(-1.,0.E+000));
#9038 = ( GEOMETRIC_REPRESENTATION_CONTEXT(2) 
PARAMETRIC_REPRESENTATION_CONTEXT() REPRESENTATION_CONTEXT('2D SPACE',''
  ) );
#9039 = ORIENTED_EDGE('',*,*,#9040,.T.);
#9040 = EDGE_CURVE('',#9018,#8960,#9041,.T.);
#9041 = SURFACE_CURVE('',#9042,(#9046,#9053),.PCURVE_S1.);
#9042 = LINE('',#9043,#9044);
#9043 = CARTESIAN_POINT('',(-5.,12.,-4.2));
#9044 = VECTOR('',#9045,1.);
#9045 = DIRECTION('',(-1.,0.E+000,0.E+000));
#9046 = PCURVE('',#8970,#9047);
#9047 = DEFINITIONAL_REPRESENTATION('',(#9048),#9052);
#9048 = LINE('',#9049,#9050);
#9049 = CARTESIAN_POINT('',(0.E+000,-10.));
#9050 = VECTOR('',#9051,1.);
#9051 = DIRECTION('',(0.E+000,-1.));
#9052 = ( GEOMETRIC_REPRESENTATION_CONTEXT(2) 
PARAMETRIC_REPRESENTATION_CONTEXT() REPRESENTATION_CONTEXT('2D SPACE',''
  ) );
#9053 = PCURVE('',#8357,#9054);
#9054 = DEFINITIONAL_REPRESENTATION('',(#9055),#9059);
#9055 = LINE('',#9056,#9057);
#9056 = CARTESIAN_POINT('',(0.E+000,0.E+000));
#9057 = VECTOR('',#9058,1.);
#9058 = DIRECTION('',(-1.,0.E+000));
#9059 = ( GEOMETRIC_REPRESENTATION_CONTEXT(2) 
PARAMETRIC_REPRESENTATION_CONTEXT() REPRESENTATION_CONTEXT('2D SPACE',''
  ) );
#9060 = ADVANCED_FACE('',(#9061),#8186,.F.);
#9061 = FACE_BOUND('',#9062,.T.);
#9062 = EDGE_LOOP('',(#9063,#9064,#9087,#9108,#9109,#9132,#9160,#9181,
    #9182,#9205,#9226,#9227));
#9063 = ORIENTED_EDGE('',*,*,#9017,.F.);
#9064 = ORIENTED_EDGE('',*,*,#9065,.T.);
#9065 = EDGE_CURVE('',#8990,#9066,#9068,.T.);
#9066 = VERTEX_POINT('',#9067);
#9067 = CARTESIAN_POINT('',(5.,11.5,-3.2));
#9068 = SURFACE_CURVE('',#9069,(#9073,#9080),.PCURVE_S1.);
#9069 = LINE('',#9070,#9071);
#9070 = CARTESIAN_POINT('',(5.,11.5,-3.2));
#9071 = VECTOR('',#9072,1.);
#9072 = DIRECTION('',(0.E+000,-0.707106781187,0.707106781187));
#9073 = PCURVE('',#8186,#9074);
#9074 = DEFINITIONAL_REPRESENTATION('',(#9075),#9079);
#9075 = LINE('',#9076,#9077);
#9076 = CARTESIAN_POINT('',(-7.4,-0.5));
#9077 = VECTOR('',#9078,1.);
#9078 = DIRECTION('',(0.707106781187,-0.707106781187));
#9079 = ( GEOMETRIC_REPRESENTATION_CONTEXT(2) 
PARAMETRIC_REPRESENTATION_CONTEXT() REPRESENTATION_CONTEXT('2D SPACE',''
  ) );
#9080 = PCURVE('',#9005,#9081);
#9081 = DEFINITIONAL_REPRESENTATION('',(#9082),#9086);
#9082 = LINE('',#9083,#9084);
#9083 = CARTESIAN_POINT('',(0.E+000,10.));
#9084 = VECTOR('',#9085,1.);
#9085 = DIRECTION('',(-1.,0.E+000));
#9086 = ( GEOMETRIC_REPRESENTATION_CONTEXT(2) 
PARAMETRIC_REPRESENTATION_CONTEXT() REPRESENTATION_CONTEXT('2D SPACE',''
  ) );
#9087 = ORIENTED_EDGE('',*,*,#9088,.F.);
#9088 = EDGE_CURVE('',#8794,#9066,#9089,.T.);
#9089 = SURFACE_CURVE('',#9090,(#9094,#9101),.PCURVE_S1.);
#9090 = LINE('',#9091,#9092);
#9091 = CARTESIAN_POINT('',(5.,4.,-3.2));
#9092 = VECTOR('',#9093,1.);
#9093 = DIRECTION('',(0.E+000,1.,0.E+000));
#9094 = PCURVE('',#8186,#9095);
#9095 = DEFINITIONAL_REPRESENTATION('',(#9096),#9100);
#9096 = LINE('',#9097,#9098);
#9097 = CARTESIAN_POINT('',(-7.4,-8.));
#9098 = VECTOR('',#9099,1.);
#9099 = DIRECTION('',(0.E+000,1.));
#9100 = ( GEOMETRIC_REPRESENTATION_CONTEXT(2) 
PARAMETRIC_REPRESENTATION_CONTEXT() REPRESENTATION_CONTEXT('2D SPACE',''
  ) );
#9101 = PCURVE('',#8830,#9102);
#9102 = DEFINITIONAL_REPRESENTATION('',(#9103),#9107);
#9103 = LINE('',#9104,#9105);
#9104 = CARTESIAN_POINT('',(-10.,0.E+000));
#9105 = VECTOR('',#9106,1.);
#9106 = DIRECTION('',(0.E+000,1.));
#9107 = ( GEOMETRIC_REPRESENTATION_CONTEXT(2) 
PARAMETRIC_REPRESENTATION_CONTEXT() REPRESENTATION_CONTEXT('2D SPACE',''
  ) );
#9108 = ORIENTED_EDGE('',*,*,#8793,.F.);
#9109 = ORIENTED_EDGE('',*,*,#9110,.T.);
#9110 = EDGE_CURVE('',#8766,#9111,#9113,.T.);
#9111 = VERTEX_POINT('',#9112);
#9112 = CARTESIAN_POINT('',(5.,12.,3.));
#9113 = SURFACE_CURVE('',#9114,(#9118,#9125),.PCURVE_S1.);
#9114 = LINE('',#9115,#9116);
#9115 = CARTESIAN_POINT('',(5.,4.,3.));
#9116 = VECTOR('',#9117,1.);
#9117 = DIRECTION('',(0.E+000,1.,0.E+000));
#9118 = PCURVE('',#8186,#9119);
#9119 = DEFINITIONAL_REPRESENTATION('',(#9120),#9124);
#9120 = LINE('',#9121,#9122);
#9121 = CARTESIAN_POINT('',(-1.2,-8.));
#9122 = VECTOR('',#9123,1.);
#9123 = DIRECTION('',(0.E+000,1.));
#9124 = ( GEOMETRIC_REPRESENTATION_CONTEXT(2) 
PARAMETRIC_REPRESENTATION_CONTEXT() REPRESENTATION_CONTEXT('2D SPACE',''
  ) );
#9125 = PCURVE('',#8781,#9126);
#9126 = DEFINITIONAL_REPRESENTATION('',(#9127),#9131);
#9127 = LINE('',#9128,#9129);
#9128 = CARTESIAN_POINT('',(10.,0.E+000));
#9129 = VECTOR('',#9130,1.);
#9130 = DIRECTION('',(0.E+000,1.));
#9131 = ( GEOMETRIC_REPRESENTATION_CONTEXT(2) 
PARAMETRIC_REPRESENTATION_CONTEXT() REPRESENTATION_CONTEXT('2D SPACE',''
  ) );
#9132 = ORIENTED_EDGE('',*,*,#9133,.F.);
#9133 = EDGE_CURVE('',#9134,#9111,#9136,.T.);
#9134 = VERTEX_POINT('',#9135);
#9135 = CARTESIAN_POINT('',(5.,12.,3.7));
#9136 = SURFACE_CURVE('',#9137,(#9141,#9148),.PCURVE_S1.);
#9137 = LINE('',#9138,#9139);
#9138 = CARTESIAN_POINT('',(5.,12.,4.2));
#9139 = VECTOR('',#9140,1.);
#9140 = DIRECTION('',(0.E+000,0.E+000,-1.));
#9141 = PCURVE('',#8186,#9142);
#9142 = DEFINITIONAL_REPRESENTATION('',(#9143),#9147);
#9143 = LINE('',#9144,#9145);
#9144 = CARTESIAN_POINT('',(0.E+000,0.E+000));
#9145 = VECTOR('',#9146,1.);
#9146 = DIRECTION('',(-1.,0.E+000));
#9147 = ( GEOMETRIC_REPRESENTATION_CONTEXT(2) 
PARAMETRIC_REPRESENTATION_CONTEXT() REPRESENTATION_CONTEXT('2D SPACE',''
  ) );
#9148 = PCURVE('',#9149,#9154);
#9149 = PLANE('',#9150);
#9150 = AXIS2_PLACEMENT_3D('',#9151,#9152,#9153);
#9151 = CARTESIAN_POINT('',(5.,12.,-4.2));
#9152 = DIRECTION('',(0.E+000,-1.,0.E+000));
#9153 = DIRECTION('',(0.E+000,0.E+000,-1.));
#9154 = DEFINITIONAL_REPRESENTATION('',(#9155),#9159);
#9155 = LINE('',#9156,#9157);
#9156 = CARTESIAN_POINT('',(-8.4,0.E+000));
#9157 = VECTOR('',#9158,1.);
#9158 = DIRECTION('',(1.,0.E+000));
#9159 = ( GEOMETRIC_REPRESENTATION_CONTEXT(2) 
PARAMETRIC_REPRESENTATION_CONTEXT() REPRESENTATION_CONTEXT('2D SPACE',''
  ) );
#9160 = ORIENTED_EDGE('',*,*,#9161,.T.);
#9161 = EDGE_CURVE('',#9134,#8164,#9162,.T.);
#9162 = SURFACE_CURVE('',#9163,(#9167,#9174),.PCURVE_S1.);
#9163 = LINE('',#9164,#9165);
#9164 = CARTESIAN_POINT('',(5.,12.,3.7));
#9165 = VECTOR('',#9166,1.);
#9166 = DIRECTION('',(0.E+000,-0.707106781187,0.707106781187));
#9167 = PCURVE('',#8186,#9168);
#9168 = DEFINITIONAL_REPRESENTATION('',(#9169),#9173);
#9169 = LINE('',#9170,#9171);
#9170 = CARTESIAN_POINT('',(-0.5,0.E+000));
#9171 = VECTOR('',#9172,1.);
#9172 = DIRECTION('',(0.707106781187,-0.707106781187));
#9173 = ( GEOMETRIC_REPRESENTATION_CONTEXT(2) 
PARAMETRIC_REPRESENTATION_CONTEXT() REPRESENTATION_CONTEXT('2D SPACE',''
  ) );
#9174 = PCURVE('',#8214,#9175);
#9175 = DEFINITIONAL_REPRESENTATION('',(#9176),#9180);
#9176 = LINE('',#9177,#9178);
#9177 = CARTESIAN_POINT('',(0.E+000,0.E+000));
#9178 = VECTOR('',#9179,1.);
#9179 = DIRECTION('',(-1.,0.E+000));
#9180 = ( GEOMETRIC_REPRESENTATION_CONTEXT(2) 
PARAMETRIC_REPRESENTATION_CONTEXT() REPRESENTATION_CONTEXT('2D SPACE',''
  ) );
#9181 = ORIENTED_EDGE('',*,*,#8163,.T.);
#9182 = ORIENTED_EDGE('',*,*,#9183,.F.);
#9183 = EDGE_CURVE('',#9184,#8166,#9186,.T.);
#9184 = VERTEX_POINT('',#9185);
#9185 = CARTESIAN_POINT('',(5.,10.,3.7));
#9186 = SURFACE_CURVE('',#9187,(#9191,#9198),.PCURVE_S1.);
#9187 = LINE('',#9188,#9189);
#9188 = CARTESIAN_POINT('',(5.,10.,4.2));
#9189 = VECTOR('',#9190,1.);
#9190 = DIRECTION('',(0.E+000,0.E+000,1.));
#9191 = PCURVE('',#8186,#9192);
#9192 = DEFINITIONAL_REPRESENTATION('',(#9193),#9197);
#9193 = LINE('',#9194,#9195);
#9194 = CARTESIAN_POINT('',(0.E+000,-2.));
#9195 = VECTOR('',#9196,1.);
#9196 = DIRECTION('',(1.,0.E+000));
#9197 = ( GEOMETRIC_REPRESENTATION_CONTEXT(2) 
PARAMETRIC_REPRESENTATION_CONTEXT() REPRESENTATION_CONTEXT('2D SPACE',''
  ) );
#9198 = PCURVE('',#8268,#9199);
#9199 = DEFINITIONAL_REPRESENTATION('',(#9200),#9204);
#9200 = LINE('',#9201,#9202);
#9201 = CARTESIAN_POINT('',(-0.5,10.));
#9202 = VECTOR('',#9203,1.);
#9203 = DIRECTION('',(-1.,0.E+000));
#9204 = ( GEOMETRIC_REPRESENTATION_CONTEXT(2) 
PARAMETRIC_REPRESENTATION_CONTEXT() REPRESENTATION_CONTEXT('2D SPACE',''
  ) );
#9205 = ORIENTED_EDGE('',*,*,#9206,.T.);
#9206 = EDGE_CURVE('',#9184,#8286,#9207,.T.);
#9207 = SURFACE_CURVE('',#9208,(#9212,#9219),.PCURVE_S1.);
#9208 = LINE('',#9209,#9210);
#9209 = CARTESIAN_POINT('',(5.,10.,3.7));
#9210 = VECTOR('',#9211,1.);
#9211 = DIRECTION('',(0.E+000,-1.,0.E+000));
#9212 = PCURVE('',#8186,#9213);
#9213 = DEFINITIONAL_REPRESENTATION('',(#9214),#9218);
#9214 = LINE('',#9215,#9216);
#9215 = CARTESIAN_POINT('',(-0.5,-2.));
#9216 = VECTOR('',#9217,1.);
#9217 = DIRECTION('',(0.E+000,-1.));
#9218 = ( GEOMETRIC_REPRESENTATION_CONTEXT(2) 
PARAMETRIC_REPRESENTATION_CONTEXT() REPRESENTATION_CONTEXT('2D SPACE',''
  ) );
#9219 = PCURVE('',#8306,#9220);
#9220 = DEFINITIONAL_REPRESENTATION('',(#9221),#9225);
#9221 = LINE('',#9222,#9223);
#9222 = CARTESIAN_POINT('',(-10.,0.E+000));
#9223 = VECTOR('',#9224,1.);
#9224 = DIRECTION('',(0.E+000,-1.));
#9225 = ( GEOMETRIC_REPRESENTATION_CONTEXT(2) 
PARAMETRIC_REPRESENTATION_CONTEXT() REPRESENTATION_CONTEXT('2D SPACE',''
  ) );
#9226 = ORIENTED_EDGE('',*,*,#8369,.T.);
#9227 = ORIENTED_EDGE('',*,*,#9228,.F.);
#9228 = EDGE_CURVE('',#9018,#8342,#9229,.T.);
#9229 = SURFACE_CURVE('',#9230,(#9234,#9241),.PCURVE_S1.);
#9230 = LINE('',#9231,#9232);
#9231 = CARTESIAN_POINT('',(5.,12.,-4.2));
#9232 = VECTOR('',#9233,1.);
#9233 = DIRECTION('',(0.E+000,-1.,0.E+000));
#9234 = PCURVE('',#8186,#9235);
#9235 = DEFINITIONAL_REPRESENTATION('',(#9236),#9240);
#9236 = LINE('',#9237,#9238);
#9237 = CARTESIAN_POINT('',(-8.4,0.E+000));
#9238 = VECTOR('',#9239,1.);
#9239 = DIRECTION('',(0.E+000,-1.));
#9240 = ( GEOMETRIC_REPRESENTATION_CONTEXT(2) 
PARAMETRIC_REPRESENTATION_CONTEXT() REPRESENTATION_CONTEXT('2D SPACE',''
  ) );
#9241 = PCURVE('',#8357,#9242);
#9242 = DEFINITIONAL_REPRESENTATION('',(#9243),#9247);
#9243 = LINE('',#9244,#9245);
#9244 = CARTESIAN_POINT('',(10.,0.E+000));
#9245 = VECTOR('',#9246,1.);
#9246 = DIRECTION('',(0.E+000,-1.));
#9247 = ( GEOMETRIC_REPRESENTATION_CONTEXT(2) 
PARAMETRIC_REPRESENTATION_CONTEXT() REPRESENTATION_CONTEXT('2D SPACE',''
  ) );
#9248 = ADVANCED_FACE('',(#9249),#8357,.F.);
#9249 = FACE_BOUND('',#9250,.T.);
#9250 = EDGE_LOOP('',(#9251,#9252,#9273,#9274));
#9251 = ORIENTED_EDGE('',*,*,#8341,.T.);
#9252 = ORIENTED_EDGE('',*,*,#9253,.F.);
#9253 = EDGE_CURVE('',#8960,#8319,#9254,.T.);
#9254 = SURFACE_CURVE('',#9255,(#9259,#9266),.PCURVE_S1.);
#9255 = LINE('',#9256,#9257);
#9256 = CARTESIAN_POINT('',(-5.,12.,-4.2));
#9257 = VECTOR('',#9258,1.);
#9258 = DIRECTION('',(0.E+000,-1.,0.E+000));
#9259 = PCURVE('',#8357,#9260);
#9260 = DEFINITIONAL_REPRESENTATION('',(#9261),#9265);
#9261 = LINE('',#9262,#9263);
#9262 = CARTESIAN_POINT('',(0.E+000,0.E+000));
#9263 = VECTOR('',#9264,1.);
#9264 = DIRECTION('',(0.E+000,-1.));
#9265 = ( GEOMETRIC_REPRESENTATION_CONTEXT(2) 
PARAMETRIC_REPRESENTATION_CONTEXT() REPRESENTATION_CONTEXT('2D SPACE',''
  ) );
#9266 = PCURVE('',#8242,#9267);
#9267 = DEFINITIONAL_REPRESENTATION('',(#9268),#9272);
#9268 = LINE('',#9269,#9270);
#9269 = CARTESIAN_POINT('',(8.4,0.E+000));
#9270 = VECTOR('',#9271,1.);
#9271 = DIRECTION('',(0.E+000,-1.));
#9272 = ( GEOMETRIC_REPRESENTATION_CONTEXT(2) 
PARAMETRIC_REPRESENTATION_CONTEXT() REPRESENTATION_CONTEXT('2D SPACE',''
  ) );
#9273 = ORIENTED_EDGE('',*,*,#9040,.F.);
#9274 = ORIENTED_EDGE('',*,*,#9228,.T.);
#9275 = ADVANCED_FACE('',(#9276),#8242,.F.);
#9276 = FACE_BOUND('',#9277,.T.);
#9277 = EDGE_LOOP('',(#9278,#9301,#9322,#9323,#9324,#9325,#9348,#9369,
    #9370,#9393,#9416,#9437));
#9278 = ORIENTED_EDGE('',*,*,#9279,.T.);
#9279 = EDGE_CURVE('',#8741,#9280,#9282,.T.);
#9280 = VERTEX_POINT('',#9281);
#9281 = CARTESIAN_POINT('',(-5.,11.5,-3.2));
#9282 = SURFACE_CURVE('',#9283,(#9287,#9294),.PCURVE_S1.);
#9283 = LINE('',#9284,#9285);
#9284 = CARTESIAN_POINT('',(-5.,4.,-3.2));
#9285 = VECTOR('',#9286,1.);
#9286 = DIRECTION('',(0.E+000,1.,0.E+000));
#9287 = PCURVE('',#8242,#9288);
#9288 = DEFINITIONAL_REPRESENTATION('',(#9289),#9293);
#9289 = LINE('',#9290,#9291);
#9290 = CARTESIAN_POINT('',(7.4,-8.));
#9291 = VECTOR('',#9292,1.);
#9292 = DIRECTION('',(0.E+000,1.));
#9293 = ( GEOMETRIC_REPRESENTATION_CONTEXT(2) 
PARAMETRIC_REPRESENTATION_CONTEXT() REPRESENTATION_CONTEXT('2D SPACE',''
  ) );
#9294 = PCURVE('',#8830,#9295);
#9295 = DEFINITIONAL_REPRESENTATION('',(#9296),#9300);
#9296 = LINE('',#9297,#9298);
#9297 = CARTESIAN_POINT('',(0.E+000,0.E+000));
#9298 = VECTOR('',#9299,1.);
#9299 = DIRECTION('',(0.E+000,1.));
#9300 = ( GEOMETRIC_REPRESENTATION_CONTEXT(2) 
PARAMETRIC_REPRESENTATION_CONTEXT() REPRESENTATION_CONTEXT('2D SPACE',''
  ) );
#9301 = ORIENTED_EDGE('',*,*,#9302,.T.);
#9302 = EDGE_CURVE('',#9280,#8962,#9303,.T.);
#9303 = SURFACE_CURVE('',#9304,(#9308,#9315),.PCURVE_S1.);
#9304 = LINE('',#9305,#9306);
#9305 = CARTESIAN_POINT('',(-5.,11.5,-3.2));
#9306 = VECTOR('',#9307,1.);
#9307 = DIRECTION('',(0.E+000,0.707106781187,-0.707106781187));
#9308 = PCURVE('',#8242,#9309);
#9309 = DEFINITIONAL_REPRESENTATION('',(#9310),#9314);
#9310 = LINE('',#9311,#9312);
#9311 = CARTESIAN_POINT('',(7.4,-0.5));
#9312 = VECTOR('',#9313,1.);
#9313 = DIRECTION('',(0.707106781187,0.707106781187));
#9314 = ( GEOMETRIC_REPRESENTATION_CONTEXT(2) 
PARAMETRIC_REPRESENTATION_CONTEXT() REPRESENTATION_CONTEXT('2D SPACE',''
  ) );
#9315 = PCURVE('',#9005,#9316);
#9316 = DEFINITIONAL_REPRESENTATION('',(#9317),#9321);
#9317 = LINE('',#9318,#9319);
#9318 = CARTESIAN_POINT('',(0.E+000,0.E+000));
#9319 = VECTOR('',#9320,1.);
#9320 = DIRECTION('',(1.,0.E+000));
#9321 = ( GEOMETRIC_REPRESENTATION_CONTEXT(2) 
PARAMETRIC_REPRESENTATION_CONTEXT() REPRESENTATION_CONTEXT('2D SPACE',''
  ) );
#9322 = ORIENTED_EDGE('',*,*,#8959,.F.);
#9323 = ORIENTED_EDGE('',*,*,#9253,.T.);
#9324 = ORIENTED_EDGE('',*,*,#8318,.T.);
#9325 = ORIENTED_EDGE('',*,*,#9326,.F.);
#9326 = EDGE_CURVE('',#9327,#8284,#9329,.T.);
#9327 = VERTEX_POINT('',#9328);
#9328 = CARTESIAN_POINT('',(-5.,10.,3.7));
#9329 = SURFACE_CURVE('',#9330,(#9334,#9341),.PCURVE_S1.);
#9330 = LINE('',#9331,#9332);
#9331 = CARTESIAN_POINT('',(-5.,10.,3.7));
#9332 = VECTOR('',#9333,1.);
#9333 = DIRECTION('',(0.E+000,-1.,0.E+000));
#9334 = PCURVE('',#8242,#9335);
#9335 = DEFINITIONAL_REPRESENTATION('',(#9336),#9340);
#9336 = LINE('',#9337,#9338);
#9337 = CARTESIAN_POINT('',(0.5,-2.));
#9338 = VECTOR('',#9339,1.);
#9339 = DIRECTION('',(0.E+000,-1.));
#9340 = ( GEOMETRIC_REPRESENTATION_CONTEXT(2) 
PARAMETRIC_REPRESENTATION_CONTEXT() REPRESENTATION_CONTEXT('2D SPACE',''
  ) );
#9341 = PCURVE('',#8306,#9342);
#9342 = DEFINITIONAL_REPRESENTATION('',(#9343),#9347);
#9343 = LINE('',#9344,#9345);
#9344 = CARTESIAN_POINT('',(0.E+000,0.E+000));
#9345 = VECTOR('',#9346,1.);
#9346 = DIRECTION('',(0.E+000,-1.));
#9347 = ( GEOMETRIC_REPRESENTATION_CONTEXT(2) 
PARAMETRIC_REPRESENTATION_CONTEXT() REPRESENTATION_CONTEXT('2D SPACE',''
  ) );
#9348 = ORIENTED_EDGE('',*,*,#9349,.F.);
#9349 = EDGE_CURVE('',#8227,#9327,#9350,.T.);
#9350 = SURFACE_CURVE('',#9351,(#9355,#9362),.PCURVE_S1.);
#9351 = LINE('',#9352,#9353);
#9352 = CARTESIAN_POINT('',(-5.,10.,4.2));
#9353 = VECTOR('',#9354,1.);
#9354 = DIRECTION('',(0.E+000,0.E+000,-1.));
#9355 = PCURVE('',#8242,#9356);
#9356 = DEFINITIONAL_REPRESENTATION('',(#9357),#9361);
#9357 = LINE('',#9358,#9359);
#9358 = CARTESIAN_POINT('',(0.E+000,-2.));
#9359 = VECTOR('',#9360,1.);
#9360 = DIRECTION('',(1.,0.E+000));
#9361 = ( GEOMETRIC_REPRESENTATION_CONTEXT(2) 
PARAMETRIC_REPRESENTATION_CONTEXT() REPRESENTATION_CONTEXT('2D SPACE',''
  ) );
#9362 = PCURVE('',#8268,#9363);
#9363 = DEFINITIONAL_REPRESENTATION('',(#9364),#9368);
#9364 = LINE('',#9365,#9366);
#9365 = CARTESIAN_POINT('',(-0.5,0.E+000));
#9366 = VECTOR('',#9367,1.);
#9367 = DIRECTION('',(1.,0.E+000));
#9368 = ( GEOMETRIC_REPRESENTATION_CONTEXT(2) 
PARAMETRIC_REPRESENTATION_CONTEXT() REPRESENTATION_CONTEXT('2D SPACE',''
  ) );
#9369 = ORIENTED_EDGE('',*,*,#8226,.F.);
#9370 = ORIENTED_EDGE('',*,*,#9371,.T.);
#9371 = EDGE_CURVE('',#8199,#9372,#9374,.T.);
#9372 = VERTEX_POINT('',#9373);
#9373 = CARTESIAN_POINT('',(-5.,12.,3.7));
#9374 = SURFACE_CURVE('',#9375,(#9379,#9386),.PCURVE_S1.);
#9375 = LINE('',#9376,#9377);
#9376 = CARTESIAN_POINT('',(-5.,12.,3.7));
#9377 = VECTOR('',#9378,1.);
#9378 = DIRECTION('',(0.E+000,0.707106781187,-0.707106781187));
#9379 = PCURVE('',#8242,#9380);
#9380 = DEFINITIONAL_REPRESENTATION('',(#9381),#9385);
#9381 = LINE('',#9382,#9383);
#9382 = CARTESIAN_POINT('',(0.5,0.E+000));
#9383 = VECTOR('',#9384,1.);
#9384 = DIRECTION('',(0.707106781187,0.707106781187));
#9385 = ( GEOMETRIC_REPRESENTATION_CONTEXT(2) 
PARAMETRIC_REPRESENTATION_CONTEXT() REPRESENTATION_CONTEXT('2D SPACE',''
  ) );
#9386 = PCURVE('',#8214,#9387);
#9387 = DEFINITIONAL_REPRESENTATION('',(#9388),#9392);
#9388 = LINE('',#9389,#9390);
#9389 = CARTESIAN_POINT('',(0.E+000,-10.));
#9390 = VECTOR('',#9391,1.);
#9391 = DIRECTION('',(1.,0.E+000));
#9392 = ( GEOMETRIC_REPRESENTATION_CONTEXT(2) 
PARAMETRIC_REPRESENTATION_CONTEXT() REPRESENTATION_CONTEXT('2D SPACE',''
  ) );
#9393 = ORIENTED_EDGE('',*,*,#9394,.F.);
#9394 = EDGE_CURVE('',#9395,#9372,#9397,.T.);
#9395 = VERTEX_POINT('',#9396);
#9396 = CARTESIAN_POINT('',(-5.,12.,3.));
#9397 = SURFACE_CURVE('',#9398,(#9402,#9409),.PCURVE_S1.);
#9398 = LINE('',#9399,#9400);
#9399 = CARTESIAN_POINT('',(-5.,12.,4.2));
#9400 = VECTOR('',#9401,1.);
#9401 = DIRECTION('',(0.E+000,0.E+000,1.));
#9402 = PCURVE('',#8242,#9403);
#9403 = DEFINITIONAL_REPRESENTATION('',(#9404),#9408);
#9404 = LINE('',#9405,#9406);
#9405 = CARTESIAN_POINT('',(0.E+000,0.E+000));
#9406 = VECTOR('',#9407,1.);
#9407 = DIRECTION('',(-1.,0.E+000));
#9408 = ( GEOMETRIC_REPRESENTATION_CONTEXT(2) 
PARAMETRIC_REPRESENTATION_CONTEXT() REPRESENTATION_CONTEXT('2D SPACE',''
  ) );
#9409 = PCURVE('',#9149,#9410);
#9410 = DEFINITIONAL_REPRESENTATION('',(#9411),#9415);
#9411 = LINE('',#9412,#9413);
#9412 = CARTESIAN_POINT('',(-8.4,-10.));
#9413 = VECTOR('',#9414,1.);
#9414 = DIRECTION('',(-1.,0.E+000));
#9415 = ( GEOMETRIC_REPRESENTATION_CONTEXT(2) 
PARAMETRIC_REPRESENTATION_CONTEXT() REPRESENTATION_CONTEXT('2D SPACE',''
  ) );
#9416 = ORIENTED_EDGE('',*,*,#9417,.F.);
#9417 = EDGE_CURVE('',#8743,#9395,#9418,.T.);
#9418 = SURFACE_CURVE('',#9419,(#9423,#9430),.PCURVE_S1.);
#9419 = LINE('',#9420,#9421);
#9420 = CARTESIAN_POINT('',(-5.,4.,3.));
#9421 = VECTOR('',#9422,1.);
#9422 = DIRECTION('',(0.E+000,1.,0.E+000));
#9423 = PCURVE('',#8242,#9424);
#9424 = DEFINITIONAL_REPRESENTATION('',(#9425),#9429);
#9425 = LINE('',#9426,#9427);
#9426 = CARTESIAN_POINT('',(1.2,-8.));
#9427 = VECTOR('',#9428,1.);
#9428 = DIRECTION('',(0.E+000,1.));
#9429 = ( GEOMETRIC_REPRESENTATION_CONTEXT(2) 
PARAMETRIC_REPRESENTATION_CONTEXT() REPRESENTATION_CONTEXT('2D SPACE',''
  ) );
#9430 = PCURVE('',#8781,#9431);
#9431 = DEFINITIONAL_REPRESENTATION('',(#9432),#9436);
#9432 = LINE('',#9433,#9434);
#9433 = CARTESIAN_POINT('',(0.E+000,0.E+000));
#9434 = VECTOR('',#9435,1.);
#9435 = DIRECTION('',(0.E+000,1.));
#9436 = ( GEOMETRIC_REPRESENTATION_CONTEXT(2) 
PARAMETRIC_REPRESENTATION_CONTEXT() REPRESENTATION_CONTEXT('2D SPACE',''
  ) );
#9437 = ORIENTED_EDGE('',*,*,#8740,.F.);
#9438 = ADVANCED_FACE('',(#9439),#9149,.F.);
#9439 = FACE_BOUND('',#9440,.T.);
#9440 = EDGE_LOOP('',(#9441,#9442,#9463,#9464));
#9441 = ORIENTED_EDGE('',*,*,#9394,.T.);
#9442 = ORIENTED_EDGE('',*,*,#9443,.T.);
#9443 = EDGE_CURVE('',#9372,#9134,#9444,.T.);
#9444 = SURFACE_CURVE('',#9445,(#9449,#9456),.PCURVE_S1.);
#9445 = LINE('',#9446,#9447);
#9446 = CARTESIAN_POINT('',(5.,12.,3.7));
#9447 = VECTOR('',#9448,1.);
#9448 = DIRECTION('',(1.,0.E+000,0.E+000));
#9449 = PCURVE('',#9149,#9450);
#9450 = DEFINITIONAL_REPRESENTATION('',(#9451),#9455);
#9451 = LINE('',#9452,#9453);
#9452 = CARTESIAN_POINT('',(-7.9,0.E+000));
#9453 = VECTOR('',#9454,1.);
#9454 = DIRECTION('',(0.E+000,1.));
#9455 = ( GEOMETRIC_REPRESENTATION_CONTEXT(2) 
PARAMETRIC_REPRESENTATION_CONTEXT() REPRESENTATION_CONTEXT('2D SPACE',''
  ) );
#9456 = PCURVE('',#8214,#9457);
#9457 = DEFINITIONAL_REPRESENTATION('',(#9458),#9462);
#9458 = LINE('',#9459,#9460);
#9459 = CARTESIAN_POINT('',(0.E+000,0.E+000));
#9460 = VECTOR('',#9461,1.);
#9461 = DIRECTION('',(0.E+000,1.));
#9462 = ( GEOMETRIC_REPRESENTATION_CONTEXT(2) 
PARAMETRIC_REPRESENTATION_CONTEXT() REPRESENTATION_CONTEXT('2D SPACE',''
  ) );
#9463 = ORIENTED_EDGE('',*,*,#9133,.T.);
#9464 = ORIENTED_EDGE('',*,*,#9465,.F.);
#9465 = EDGE_CURVE('',#9395,#9111,#9466,.T.);
#9466 = SURFACE_CURVE('',#9467,(#9471,#9478),.PCURVE_S1.);
#9467 = LINE('',#9468,#9469);
#9468 = CARTESIAN_POINT('',(-5.,12.,3.));
#9469 = VECTOR('',#9470,1.);
#9470 = DIRECTION('',(1.,0.E+000,0.E+000));
#9471 = PCURVE('',#9149,#9472);
#9472 = DEFINITIONAL_REPRESENTATION('',(#9473),#9477);
#9473 = LINE('',#9474,#9475);
#9474 = CARTESIAN_POINT('',(-7.2,-10.));
#9475 = VECTOR('',#9476,1.);
#9476 = DIRECTION('',(0.E+000,1.));
#9477 = ( GEOMETRIC_REPRESENTATION_CONTEXT(2) 
PARAMETRIC_REPRESENTATION_CONTEXT() REPRESENTATION_CONTEXT('2D SPACE',''
  ) );
#9478 = PCURVE('',#8781,#9479);
#9479 = DEFINITIONAL_REPRESENTATION('',(#9480),#9484);
#9480 = LINE('',#9481,#9482);
#9481 = CARTESIAN_POINT('',(0.E+000,8.));
#9482 = VECTOR('',#9483,1.);
#9483 = DIRECTION('',(1.,0.E+000));
#9484 = ( GEOMETRIC_REPRESENTATION_CONTEXT(2) 
PARAMETRIC_REPRESENTATION_CONTEXT() REPRESENTATION_CONTEXT('2D SPACE',''
  ) );
#9485 = ADVANCED_FACE('',(#9486),#8830,.F.);
#9486 = FACE_BOUND('',#9487,.T.);
#9487 = EDGE_LOOP('',(#9488,#9489,#9510,#9511));
#9488 = ORIENTED_EDGE('',*,*,#9088,.T.);
#9489 = ORIENTED_EDGE('',*,*,#9490,.T.);
#9490 = EDGE_CURVE('',#9066,#9280,#9491,.T.);
#9491 = SURFACE_CURVE('',#9492,(#9496,#9503),.PCURVE_S1.);
#9492 = LINE('',#9493,#9494);
#9493 = CARTESIAN_POINT('',(-5.,11.5,-3.2));
#9494 = VECTOR('',#9495,1.);
#9495 = DIRECTION('',(-1.,0.E+000,0.E+000));
#9496 = PCURVE('',#8830,#9497);
#9497 = DEFINITIONAL_REPRESENTATION('',(#9498),#9502);
#9498 = LINE('',#9499,#9500);
#9499 = CARTESIAN_POINT('',(0.E+000,7.5));
#9500 = VECTOR('',#9501,1.);
#9501 = DIRECTION('',(1.,0.E+000));
#9502 = ( GEOMETRIC_REPRESENTATION_CONTEXT(2) 
PARAMETRIC_REPRESENTATION_CONTEXT() REPRESENTATION_CONTEXT('2D SPACE',''
  ) );
#9503 = PCURVE('',#9005,#9504);
#9504 = DEFINITIONAL_REPRESENTATION('',(#9505),#9509);
#9505 = LINE('',#9506,#9507);
#9506 = CARTESIAN_POINT('',(0.E+000,0.E+000));
#9507 = VECTOR('',#9508,1.);
#9508 = DIRECTION('',(0.E+000,-1.));
#9509 = ( GEOMETRIC_REPRESENTATION_CONTEXT(2) 
PARAMETRIC_REPRESENTATION_CONTEXT() REPRESENTATION_CONTEXT('2D SPACE',''
  ) );
#9510 = ORIENTED_EDGE('',*,*,#9279,.F.);
#9511 = ORIENTED_EDGE('',*,*,#8816,.F.);
#9512 = ADVANCED_FACE('',(#9513),#8781,.F.);
#9513 = FACE_BOUND('',#9514,.T.);
#9514 = EDGE_LOOP('',(#9515,#9516,#9517,#9518));
#9515 = ORIENTED_EDGE('',*,*,#9465,.T.);
#9516 = ORIENTED_EDGE('',*,*,#9110,.F.);
#9517 = ORIENTED_EDGE('',*,*,#8765,.F.);
#9518 = ORIENTED_EDGE('',*,*,#9417,.T.);
#9519 = ADVANCED_FACE('',(#9520),#9534,.T.);
#9520 = FACE_BOUND('',#9521,.T.);
#9521 = EDGE_LOOP('',(#9522,#9557,#9585,#9613));
#9522 = ORIENTED_EDGE('',*,*,#9523,.T.);
#9523 = EDGE_CURVE('',#9524,#9526,#9528,.T.);
#9524 = VERTEX_POINT('',#9525);
#9525 = CARTESIAN_POINT('',(-2.346410161514,11.9,-0.246410161514));
#9526 = VERTEX_POINT('',#9527);
#9527 = CARTESIAN_POINT('',(-2.346410161514,11.9,-0.553589838486));
#9528 = SURFACE_CURVE('',#9529,(#9533,#9545),.PCURVE_S1.);
#9529 = LINE('',#9530,#9531);
#9530 = CARTESIAN_POINT('',(-2.346410161514,11.9,-0.9));
#9531 = VECTOR('',#9532,1.);
#9532 = DIRECTION('',(0.E+000,0.E+000,-1.));
#9533 = PCURVE('',#9534,#9539);
#9534 = PLANE('',#9535);
#9535 = AXIS2_PLACEMENT_3D('',#9536,#9537,#9538);
#9536 = CARTESIAN_POINT('',(-2.,11.9,1.E-001));
#9537 = DIRECTION('',(0.E+000,1.,0.E+000));
#9538 = DIRECTION('',(0.E+000,0.E+000,1.));
#9539 = DEFINITIONAL_REPRESENTATION('',(#9540),#9544);
#9540 = LINE('',#9541,#9542);
#9541 = CARTESIAN_POINT('',(-1.,-0.346410161514));
#9542 = VECTOR('',#9543,1.);
#9543 = DIRECTION('',(-1.,0.E+000));
#9544 = ( GEOMETRIC_REPRESENTATION_CONTEXT(2) 
PARAMETRIC_REPRESENTATION_CONTEXT() REPRESENTATION_CONTEXT('2D SPACE',''
  ) );
#9545 = PCURVE('',#9546,#9551);
#9546 = PLANE('',#9547);
#9547 = AXIS2_PLACEMENT_3D('',#9548,#9549,#9550);
#9548 = CARTESIAN_POINT('',(-2.346410161514,11.9,1.E-001));
#9549 = DIRECTION('',(0.5,0.866025403784,0.E+000));
#9550 = DIRECTION('',(-0.866025403784,0.5,0.E+000));
#9551 = DEFINITIONAL_REPRESENTATION('',(#9552),#9556);
#9552 = LINE('',#9553,#9554);
#9553 = CARTESIAN_POINT('',(0.E+000,-1.));
#9554 = VECTOR('',#9555,1.);
#9555 = DIRECTION('',(0.E+000,-1.));
#9556 = ( GEOMETRIC_REPRESENTATION_CONTEXT(2) 
PARAMETRIC_REPRESENTATION_CONTEXT() REPRESENTATION_CONTEXT('2D SPACE',''
  ) );
#9557 = ORIENTED_EDGE('',*,*,#9558,.T.);
#9558 = EDGE_CURVE('',#9526,#9559,#9561,.T.);
#9559 = VERTEX_POINT('',#9560);
#9560 = CARTESIAN_POINT('',(-2.653589838486,11.9,-0.553589838486));
#9561 = SURFACE_CURVE('',#9562,(#9566,#9573),.PCURVE_S1.);
#9562 = LINE('',#9563,#9564);
#9563 = CARTESIAN_POINT('',(-3.,11.9,-0.553589838486));
#9564 = VECTOR('',#9565,1.);
#9565 = DIRECTION('',(-1.,0.E+000,0.E+000));
#9566 = PCURVE('',#9534,#9567);
#9567 = DEFINITIONAL_REPRESENTATION('',(#9568),#9572);
#9568 = LINE('',#9569,#9570);
#9569 = CARTESIAN_POINT('',(-0.653589838486,-1.));
#9570 = VECTOR('',#9571,1.);
#9571 = DIRECTION('',(0.E+000,-1.));
#9572 = ( GEOMETRIC_REPRESENTATION_CONTEXT(2) 
PARAMETRIC_REPRESENTATION_CONTEXT() REPRESENTATION_CONTEXT('2D SPACE',''
  ) );
#9573 = PCURVE('',#9574,#9579);
#9574 = PLANE('',#9575);
#9575 = AXIS2_PLACEMENT_3D('',#9576,#9577,#9578);
#9576 = CARTESIAN_POINT('',(-2.,11.9,-0.553589838486));
#9577 = DIRECTION('',(0.E+000,0.866025403784,-0.5));
#9578 = DIRECTION('',(0.E+000,0.5,0.866025403784));
#9579 = DEFINITIONAL_REPRESENTATION('',(#9580),#9584);
#9580 = LINE('',#9581,#9582);
#9581 = CARTESIAN_POINT('',(0.E+000,-1.));
#9582 = VECTOR('',#9583,1.);
#9583 = DIRECTION('',(0.E+000,-1.));
#9584 = ( GEOMETRIC_REPRESENTATION_CONTEXT(2) 
PARAMETRIC_REPRESENTATION_CONTEXT() REPRESENTATION_CONTEXT('2D SPACE',''
  ) );
#9585 = ORIENTED_EDGE('',*,*,#9586,.T.);
#9586 = EDGE_CURVE('',#9559,#9587,#9589,.T.);
#9587 = VERTEX_POINT('',#9588);
#9588 = CARTESIAN_POINT('',(-2.653589838486,11.9,-0.246410161514));
#9589 = SURFACE_CURVE('',#9590,(#9594,#9601),.PCURVE_S1.);
#9590 = LINE('',#9591,#9592);
#9591 = CARTESIAN_POINT('',(-2.653589838486,11.9,1.E-001));
#9592 = VECTOR('',#9593,1.);
#9593 = DIRECTION('',(0.E+000,0.E+000,1.));
#9594 = PCURVE('',#9534,#9595);
#9595 = DEFINITIONAL_REPRESENTATION('',(#9596),#9600);
#9596 = LINE('',#9597,#9598);
#9597 = CARTESIAN_POINT('',(0.E+000,-0.653589838486));
#9598 = VECTOR('',#9599,1.);
#9599 = DIRECTION('',(1.,0.E+000));
#9600 = ( GEOMETRIC_REPRESENTATION_CONTEXT(2) 
PARAMETRIC_REPRESENTATION_CONTEXT() REPRESENTATION_CONTEXT('2D SPACE',''
  ) );
#9601 = PCURVE('',#9602,#9607);
#9602 = PLANE('',#9603);
#9603 = AXIS2_PLACEMENT_3D('',#9604,#9605,#9606);
#9604 = CARTESIAN_POINT('',(-2.653589838486,11.9,1.E-001));
#9605 = DIRECTION('',(-0.5,0.866025403784,0.E+000));
#9606 = DIRECTION('',(-0.866025403784,-0.5,0.E+000));
#9607 = DEFINITIONAL_REPRESENTATION('',(#9608),#9612);
#9608 = LINE('',#9609,#9610);
#9609 = CARTESIAN_POINT('',(0.E+000,0.E+000));
#9610 = VECTOR('',#9611,1.);
#9611 = DIRECTION('',(0.E+000,1.));
#9612 = ( GEOMETRIC_REPRESENTATION_CONTEXT(2) 
PARAMETRIC_REPRESENTATION_CONTEXT() REPRESENTATION_CONTEXT('2D SPACE',''
  ) );
#9613 = ORIENTED_EDGE('',*,*,#9614,.T.);
#9614 = EDGE_CURVE('',#9587,#9524,#9615,.T.);
#9615 = SURFACE_CURVE('',#9616,(#9620,#9627),.PCURVE_S1.);
#9616 = LINE('',#9617,#9618);
#9617 = CARTESIAN_POINT('',(-2.,11.9,-0.246410161514));
#9618 = VECTOR('',#9619,1.);
#9619 = DIRECTION('',(1.,0.E+000,0.E+000));
#9620 = PCURVE('',#9534,#9621);
#9621 = DEFINITIONAL_REPRESENTATION('',(#9622),#9626);
#9622 = LINE('',#9623,#9624);
#9623 = CARTESIAN_POINT('',(-0.346410161514,0.E+000));
#9624 = VECTOR('',#9625,1.);
#9625 = DIRECTION('',(0.E+000,1.));
#9626 = ( GEOMETRIC_REPRESENTATION_CONTEXT(2) 
PARAMETRIC_REPRESENTATION_CONTEXT() REPRESENTATION_CONTEXT('2D SPACE',''
  ) );
#9627 = PCURVE('',#9628,#9633);
#9628 = PLANE('',#9629);
#9629 = AXIS2_PLACEMENT_3D('',#9630,#9631,#9632);
#9630 = CARTESIAN_POINT('',(-2.,11.9,-0.246410161514));
#9631 = DIRECTION('',(0.E+000,0.866025403784,0.5));
#9632 = DIRECTION('',(0.E+000,-0.5,0.866025403784));
#9633 = DEFINITIONAL_REPRESENTATION('',(#9634),#9638);
#9634 = LINE('',#9635,#9636);
#9635 = CARTESIAN_POINT('',(0.E+000,0.E+000));
#9636 = VECTOR('',#9637,1.);
#9637 = DIRECTION('',(0.E+000,1.));
#9638 = ( GEOMETRIC_REPRESENTATION_CONTEXT(2) 
PARAMETRIC_REPRESENTATION_CONTEXT() REPRESENTATION_CONTEXT('2D SPACE',''
  ) );
#9639 = ADVANCED_FACE('',(#9640),#8700,.F.);
#9640 = FACE_BOUND('',#9641,.T.);
#9641 = EDGE_LOOP('',(#9642,#9665,#9688,#9709));
#9642 = ORIENTED_EDGE('',*,*,#9643,.F.);
#9643 = EDGE_CURVE('',#9644,#8657,#9646,.T.);
#9644 = VERTEX_POINT('',#9645);
#9645 = CARTESIAN_POINT('',(-2.,11.7,1.E-001));
#9646 = SURFACE_CURVE('',#9647,(#9651,#9658),.PCURVE_S1.);
#9647 = LINE('',#9648,#9649);
#9648 = CARTESIAN_POINT('',(-2.,11.9,1.E-001));
#9649 = VECTOR('',#9650,1.);
#9650 = DIRECTION('',(0.E+000,-1.,0.E+000));
#9651 = PCURVE('',#8700,#9652);
#9652 = DEFINITIONAL_REPRESENTATION('',(#9653),#9657);
#9653 = LINE('',#9654,#9655);
#9654 = CARTESIAN_POINT('',(-1.,0.E+000));
#9655 = VECTOR('',#9656,1.);
#9656 = DIRECTION('',(0.E+000,-1.));
#9657 = ( GEOMETRIC_REPRESENTATION_CONTEXT(2) 
PARAMETRIC_REPRESENTATION_CONTEXT() REPRESENTATION_CONTEXT('2D SPACE',''
  ) );
#9658 = PCURVE('',#8672,#9659);
#9659 = DEFINITIONAL_REPRESENTATION('',(#9660),#9664);
#9660 = LINE('',#9661,#9662);
#9661 = CARTESIAN_POINT('',(1.,0.E+000));
#9662 = VECTOR('',#9663,1.);
#9663 = DIRECTION('',(0.E+000,-1.));
#9664 = ( GEOMETRIC_REPRESENTATION_CONTEXT(2) 
PARAMETRIC_REPRESENTATION_CONTEXT() REPRESENTATION_CONTEXT('2D SPACE',''
  ) );
#9665 = ORIENTED_EDGE('',*,*,#9666,.T.);
#9666 = EDGE_CURVE('',#9644,#9667,#9669,.T.);
#9667 = VERTEX_POINT('',#9668);
#9668 = CARTESIAN_POINT('',(-3.,11.7,1.E-001));
#9669 = SURFACE_CURVE('',#9670,(#9674,#9681),.PCURVE_S1.);
#9670 = LINE('',#9671,#9672);
#9671 = CARTESIAN_POINT('',(-3.,11.7,1.E-001));
#9672 = VECTOR('',#9673,1.);
#9673 = DIRECTION('',(-1.,0.E+000,0.E+000));
#9674 = PCURVE('',#8700,#9675);
#9675 = DEFINITIONAL_REPRESENTATION('',(#9676),#9680);
#9676 = LINE('',#9677,#9678);
#9677 = CARTESIAN_POINT('',(0.E+000,-0.2));
#9678 = VECTOR('',#9679,1.);
#9679 = DIRECTION('',(1.,0.E+000));
#9680 = ( GEOMETRIC_REPRESENTATION_CONTEXT(2) 
PARAMETRIC_REPRESENTATION_CONTEXT() REPRESENTATION_CONTEXT('2D SPACE',''
  ) );
#9681 = PCURVE('',#9628,#9682);
#9682 = DEFINITIONAL_REPRESENTATION('',(#9683),#9687);
#9683 = LINE('',#9684,#9685);
#9684 = CARTESIAN_POINT('',(0.4,-1.));
#9685 = VECTOR('',#9686,1.);
#9686 = DIRECTION('',(0.E+000,-1.));
#9687 = ( GEOMETRIC_REPRESENTATION_CONTEXT(2) 
PARAMETRIC_REPRESENTATION_CONTEXT() REPRESENTATION_CONTEXT('2D SPACE',''
  ) );
#9688 = ORIENTED_EDGE('',*,*,#9689,.T.);
#9689 = EDGE_CURVE('',#9667,#8685,#9690,.T.);
#9690 = SURFACE_CURVE('',#9691,(#9695,#9702),.PCURVE_S1.);
#9691 = LINE('',#9692,#9693);
#9692 = CARTESIAN_POINT('',(-3.,11.9,1.E-001));
#9693 = VECTOR('',#9694,1.);
#9694 = DIRECTION('',(0.E+000,-1.,0.E+000));
#9695 = PCURVE('',#8700,#9696);
#9696 = DEFINITIONAL_REPRESENTATION('',(#9697),#9701);
#9697 = LINE('',#9698,#9699);
#9698 = CARTESIAN_POINT('',(0.E+000,0.E+000));
#9699 = VECTOR('',#9700,1.);
#9700 = DIRECTION('',(0.E+000,-1.));
#9701 = ( GEOMETRIC_REPRESENTATION_CONTEXT(2) 
PARAMETRIC_REPRESENTATION_CONTEXT() REPRESENTATION_CONTEXT('2D SPACE',''
  ) );
#9702 = PCURVE('',#8726,#9703);
#9703 = DEFINITIONAL_REPRESENTATION('',(#9704),#9708);
#9704 = LINE('',#9705,#9706);
#9705 = CARTESIAN_POINT('',(-1.,0.E+000));
#9706 = VECTOR('',#9707,1.);
#9707 = DIRECTION('',(0.E+000,-1.));
#9708 = ( GEOMETRIC_REPRESENTATION_CONTEXT(2) 
PARAMETRIC_REPRESENTATION_CONTEXT() REPRESENTATION_CONTEXT('2D SPACE',''
  ) );
#9709 = ORIENTED_EDGE('',*,*,#8684,.F.);
#9710 = ADVANCED_FACE('',(#9711),#8726,.F.);
#9711 = FACE_BOUND('',#9712,.T.);
#9712 = EDGE_LOOP('',(#9713,#9714,#9737,#9758));
#9713 = ORIENTED_EDGE('',*,*,#9689,.F.);
#9714 = ORIENTED_EDGE('',*,*,#9715,.T.);
#9715 = EDGE_CURVE('',#9667,#9716,#9718,.T.);
#9716 = VERTEX_POINT('',#9717);
#9717 = CARTESIAN_POINT('',(-3.,11.7,-0.9));
#9718 = SURFACE_CURVE('',#9719,(#9723,#9730),.PCURVE_S1.);
#9719 = LINE('',#9720,#9721);
#9720 = CARTESIAN_POINT('',(-3.,11.7,-0.9));
#9721 = VECTOR('',#9722,1.);
#9722 = DIRECTION('',(0.E+000,0.E+000,-1.));
#9723 = PCURVE('',#8726,#9724);
#9724 = DEFINITIONAL_REPRESENTATION('',(#9725),#9729);
#9725 = LINE('',#9726,#9727);
#9726 = CARTESIAN_POINT('',(0.E+000,-0.2));
#9727 = VECTOR('',#9728,1.);
#9728 = DIRECTION('',(1.,0.E+000));
#9729 = ( GEOMETRIC_REPRESENTATION_CONTEXT(2) 
PARAMETRIC_REPRESENTATION_CONTEXT() REPRESENTATION_CONTEXT('2D SPACE',''
  ) );
#9730 = PCURVE('',#9602,#9731);
#9731 = DEFINITIONAL_REPRESENTATION('',(#9732),#9736);
#9732 = LINE('',#9733,#9734);
#9733 = CARTESIAN_POINT('',(0.4,-1.));
#9734 = VECTOR('',#9735,1.);
#9735 = DIRECTION('',(0.E+000,-1.));
#9736 = ( GEOMETRIC_REPRESENTATION_CONTEXT(2) 
PARAMETRIC_REPRESENTATION_CONTEXT() REPRESENTATION_CONTEXT('2D SPACE',''
  ) );
#9737 = ORIENTED_EDGE('',*,*,#9738,.T.);
#9738 = EDGE_CURVE('',#9716,#8622,#9739,.T.);
#9739 = SURFACE_CURVE('',#9740,(#9744,#9751),.PCURVE_S1.);
#9740 = LINE('',#9741,#9742);
#9741 = CARTESIAN_POINT('',(-3.,11.9,-0.9));
#9742 = VECTOR('',#9743,1.);
#9743 = DIRECTION('',(0.E+000,-1.,0.E+000));
#9744 = PCURVE('',#8726,#9745);
#9745 = DEFINITIONAL_REPRESENTATION('',(#9746),#9750);
#9746 = LINE('',#9747,#9748);
#9747 = CARTESIAN_POINT('',(0.E+000,0.E+000));
#9748 = VECTOR('',#9749,1.);
#9749 = DIRECTION('',(0.E+000,-1.));
#9750 = ( GEOMETRIC_REPRESENTATION_CONTEXT(2) 
PARAMETRIC_REPRESENTATION_CONTEXT() REPRESENTATION_CONTEXT('2D SPACE',''
  ) );
#9751 = PCURVE('',#8644,#9752);
#9752 = DEFINITIONAL_REPRESENTATION('',(#9753),#9757);
#9753 = LINE('',#9754,#9755);
#9754 = CARTESIAN_POINT('',(0.E+000,0.E+000));
#9755 = VECTOR('',#9756,1.);
#9756 = DIRECTION('',(0.E+000,-1.));
#9757 = ( GEOMETRIC_REPRESENTATION_CONTEXT(2) 
PARAMETRIC_REPRESENTATION_CONTEXT() REPRESENTATION_CONTEXT('2D SPACE',''
  ) );
#9758 = ORIENTED_EDGE('',*,*,#8712,.F.);
#9759 = ADVANCED_FACE('',(#9760),#8644,.F.);
#9760 = FACE_BOUND('',#9761,.T.);
#9761 = EDGE_LOOP('',(#9762,#9763,#9786,#9807));
#9762 = ORIENTED_EDGE('',*,*,#9738,.F.);
#9763 = ORIENTED_EDGE('',*,*,#9764,.T.);
#9764 = EDGE_CURVE('',#9716,#9765,#9767,.T.);
#9765 = VERTEX_POINT('',#9766);
#9766 = CARTESIAN_POINT('',(-2.,11.7,-0.9));
#9767 = SURFACE_CURVE('',#9768,(#9772,#9779),.PCURVE_S1.);
#9768 = LINE('',#9769,#9770);
#9769 = CARTESIAN_POINT('',(-2.,11.7,-0.9));
#9770 = VECTOR('',#9771,1.);
#9771 = DIRECTION('',(1.,0.E+000,0.E+000));
#9772 = PCURVE('',#8644,#9773);
#9773 = DEFINITIONAL_REPRESENTATION('',(#9774),#9778);
#9774 = LINE('',#9775,#9776);
#9775 = CARTESIAN_POINT('',(1.,-0.2));
#9776 = VECTOR('',#9777,1.);
#9777 = DIRECTION('',(1.,0.E+000));
#9778 = ( GEOMETRIC_REPRESENTATION_CONTEXT(2) 
PARAMETRIC_REPRESENTATION_CONTEXT() REPRESENTATION_CONTEXT('2D SPACE',''
  ) );
#9779 = PCURVE('',#9574,#9780);
#9780 = DEFINITIONAL_REPRESENTATION('',(#9781),#9785);
#9781 = LINE('',#9782,#9783);
#9782 = CARTESIAN_POINT('',(-0.4,0.E+000));
#9783 = VECTOR('',#9784,1.);
#9784 = DIRECTION('',(0.E+000,1.));
#9785 = ( GEOMETRIC_REPRESENTATION_CONTEXT(2) 
PARAMETRIC_REPRESENTATION_CONTEXT() REPRESENTATION_CONTEXT('2D SPACE',''
  ) );
#9786 = ORIENTED_EDGE('',*,*,#9787,.T.);
#9787 = EDGE_CURVE('',#9765,#8624,#9788,.T.);
#9788 = SURFACE_CURVE('',#9789,(#9793,#9800),.PCURVE_S1.);
#9789 = LINE('',#9790,#9791);
#9790 = CARTESIAN_POINT('',(-2.,11.9,-0.9));
#9791 = VECTOR('',#9792,1.);
#9792 = DIRECTION('',(0.E+000,-1.,0.E+000));
#9793 = PCURVE('',#8644,#9794);
#9794 = DEFINITIONAL_REPRESENTATION('',(#9795),#9799);
#9795 = LINE('',#9796,#9797);
#9796 = CARTESIAN_POINT('',(1.,0.E+000));
#9797 = VECTOR('',#9798,1.);
#9798 = DIRECTION('',(0.E+000,-1.));
#9799 = ( GEOMETRIC_REPRESENTATION_CONTEXT(2) 
PARAMETRIC_REPRESENTATION_CONTEXT() REPRESENTATION_CONTEXT('2D SPACE',''
  ) );
#9800 = PCURVE('',#8672,#9801);
#9801 = DEFINITIONAL_REPRESENTATION('',(#9802),#9806);
#9802 = LINE('',#9803,#9804);
#9803 = CARTESIAN_POINT('',(0.E+000,0.E+000));
#9804 = VECTOR('',#9805,1.);
#9805 = DIRECTION('',(0.E+000,-1.));
#9806 = ( GEOMETRIC_REPRESENTATION_CONTEXT(2) 
PARAMETRIC_REPRESENTATION_CONTEXT() REPRESENTATION_CONTEXT('2D SPACE',''
  ) );
#9807 = ORIENTED_EDGE('',*,*,#8621,.F.);
#9808 = ADVANCED_FACE('',(#9809),#8672,.F.);
#9809 = FACE_BOUND('',#9810,.T.);
#9810 = EDGE_LOOP('',(#9811,#9812,#9833,#9834));
#9811 = ORIENTED_EDGE('',*,*,#9787,.F.);
#9812 = ORIENTED_EDGE('',*,*,#9813,.T.);
#9813 = EDGE_CURVE('',#9765,#9644,#9814,.T.);
#9814 = SURFACE_CURVE('',#9815,(#9819,#9826),.PCURVE_S1.);
#9815 = LINE('',#9816,#9817);
#9816 = CARTESIAN_POINT('',(-2.,11.7,1.E-001));
#9817 = VECTOR('',#9818,1.);
#9818 = DIRECTION('',(0.E+000,0.E+000,1.));
#9819 = PCURVE('',#8672,#9820);
#9820 = DEFINITIONAL_REPRESENTATION('',(#9821),#9825);
#9821 = LINE('',#9822,#9823);
#9822 = CARTESIAN_POINT('',(1.,-0.2));
#9823 = VECTOR('',#9824,1.);
#9824 = DIRECTION('',(1.,0.E+000));
#9825 = ( GEOMETRIC_REPRESENTATION_CONTEXT(2) 
PARAMETRIC_REPRESENTATION_CONTEXT() REPRESENTATION_CONTEXT('2D SPACE',''
  ) );
#9826 = PCURVE('',#9546,#9827);
#9827 = DEFINITIONAL_REPRESENTATION('',(#9828),#9832);
#9828 = LINE('',#9829,#9830);
#9829 = CARTESIAN_POINT('',(-0.4,0.E+000));
#9830 = VECTOR('',#9831,1.);
#9831 = DIRECTION('',(0.E+000,1.));
#9832 = ( GEOMETRIC_REPRESENTATION_CONTEXT(2) 
PARAMETRIC_REPRESENTATION_CONTEXT() REPRESENTATION_CONTEXT('2D SPACE',''
  ) );
#9833 = ORIENTED_EDGE('',*,*,#9643,.T.);
#9834 = ORIENTED_EDGE('',*,*,#8656,.F.);
#9835 = ADVANCED_FACE('',(#9836),#8438,.F.);
#9836 = FACE_BOUND('',#9837,.T.);
#9837 = EDGE_LOOP('',(#9838,#9861,#9889,#9910));
#9838 = ORIENTED_EDGE('',*,*,#9839,.T.);
#9839 = EDGE_CURVE('',#8395,#9840,#9842,.T.);
#9840 = VERTEX_POINT('',#9841);
#9841 = CARTESIAN_POINT('',(-2.,-3.553589838486,1.E-001));
#9842 = SURFACE_CURVE('',#9843,(#9847,#9854),.PCURVE_S1.);
#9843 = LINE('',#9844,#9845);
#9844 = CARTESIAN_POINT('',(-2.,11.9,1.E-001));
#9845 = VECTOR('',#9846,1.);
#9846 = DIRECTION('',(0.E+000,-1.,0.E+000));
#9847 = PCURVE('',#8438,#9848);
#9848 = DEFINITIONAL_REPRESENTATION('',(#9849),#9853);
#9849 = LINE('',#9850,#9851);
#9850 = CARTESIAN_POINT('',(1.,0.E+000));
#9851 = VECTOR('',#9852,1.);
#9852 = DIRECTION('',(0.E+000,-1.));
#9853 = ( GEOMETRIC_REPRESENTATION_CONTEXT(2) 
PARAMETRIC_REPRESENTATION_CONTEXT() REPRESENTATION_CONTEXT('2D SPACE',''
  ) );
#9854 = PCURVE('',#8410,#9855);
#9855 = DEFINITIONAL_REPRESENTATION('',(#9856),#9860);
#9856 = LINE('',#9857,#9858);
#9857 = CARTESIAN_POINT('',(-1.,0.E+000));
#9858 = VECTOR('',#9859,1.);
#9859 = DIRECTION('',(0.E+000,-1.));
#9860 = ( GEOMETRIC_REPRESENTATION_CONTEXT(2) 
PARAMETRIC_REPRESENTATION_CONTEXT() REPRESENTATION_CONTEXT('2D SPACE',''
  ) );
#9861 = ORIENTED_EDGE('',*,*,#9862,.T.);
#9862 = EDGE_CURVE('',#9840,#9863,#9865,.T.);
#9863 = VERTEX_POINT('',#9864);
#9864 = CARTESIAN_POINT('',(-2.,-3.553589838486,-0.9));
#9865 = SURFACE_CURVE('',#9866,(#9870,#9877),.PCURVE_S1.);
#9866 = LINE('',#9867,#9868);
#9867 = CARTESIAN_POINT('',(-2.,-3.553589838486,-0.9));
#9868 = VECTOR('',#9869,1.);
#9869 = DIRECTION('',(0.E+000,0.E+000,-1.));
#9870 = PCURVE('',#8438,#9871);
#9871 = DEFINITIONAL_REPRESENTATION('',(#9872),#9876);
#9872 = LINE('',#9873,#9874);
#9873 = CARTESIAN_POINT('',(0.E+000,-15.45358983848));
#9874 = VECTOR('',#9875,1.);
#9875 = DIRECTION('',(-1.,0.E+000));
#9876 = ( GEOMETRIC_REPRESENTATION_CONTEXT(2) 
PARAMETRIC_REPRESENTATION_CONTEXT() REPRESENTATION_CONTEXT('2D SPACE',''
  ) );
#9877 = PCURVE('',#9878,#9883);
#9878 = PLANE('',#9879);
#9879 = AXIS2_PLACEMENT_3D('',#9880,#9881,#9882);
#9880 = CARTESIAN_POINT('',(-2.,-3.553589838486,-0.9));
#9881 = DIRECTION('',(-0.866025403784,0.5,0.E+000));
#9882 = DIRECTION('',(-0.5,-0.866025403784,0.E+000));
#9883 = DEFINITIONAL_REPRESENTATION('',(#9884),#9888);
#9884 = LINE('',#9885,#9886);
#9885 = CARTESIAN_POINT('',(0.E+000,0.E+000));
#9886 = VECTOR('',#9887,1.);
#9887 = DIRECTION('',(0.E+000,-1.));
#9888 = ( GEOMETRIC_REPRESENTATION_CONTEXT(2) 
PARAMETRIC_REPRESENTATION_CONTEXT() REPRESENTATION_CONTEXT('2D SPACE',''
  ) );
#9889 = ORIENTED_EDGE('',*,*,#9890,.F.);
#9890 = EDGE_CURVE('',#8423,#9863,#9891,.T.);
#9891 = SURFACE_CURVE('',#9892,(#9896,#9903),.PCURVE_S1.);
#9892 = LINE('',#9893,#9894);
#9893 = CARTESIAN_POINT('',(-2.,11.9,-0.9));
#9894 = VECTOR('',#9895,1.);
#9895 = DIRECTION('',(0.E+000,-1.,0.E+000));
#9896 = PCURVE('',#8438,#9897);
#9897 = DEFINITIONAL_REPRESENTATION('',(#9898),#9902);
#9898 = LINE('',#9899,#9900);
#9899 = CARTESIAN_POINT('',(0.E+000,0.E+000));
#9900 = VECTOR('',#9901,1.);
#9901 = DIRECTION('',(0.E+000,-1.));
#9902 = ( GEOMETRIC_REPRESENTATION_CONTEXT(2) 
PARAMETRIC_REPRESENTATION_CONTEXT() REPRESENTATION_CONTEXT('2D SPACE',''
  ) );
#9903 = PCURVE('',#8466,#9904);
#9904 = DEFINITIONAL_REPRESENTATION('',(#9905),#9909);
#9905 = LINE('',#9906,#9907);
#9906 = CARTESIAN_POINT('',(1.,0.E+000));
#9907 = VECTOR('',#9908,1.);
#9908 = DIRECTION('',(0.E+000,-1.));
#9909 = ( GEOMETRIC_REPRESENTATION_CONTEXT(2) 
PARAMETRIC_REPRESENTATION_CONTEXT() REPRESENTATION_CONTEXT('2D SPACE',''
  ) );
#9910 = ORIENTED_EDGE('',*,*,#8422,.F.);
#9911 = ADVANCED_FACE('',(#9912),#8466,.F.);
#9912 = FACE_BOUND('',#9913,.T.);
#9913 = EDGE_LOOP('',(#9914,#9915,#9943,#9964));
#9914 = ORIENTED_EDGE('',*,*,#9890,.T.);
#9915 = ORIENTED_EDGE('',*,*,#9916,.T.);
#9916 = EDGE_CURVE('',#9863,#9917,#9919,.T.);
#9917 = VERTEX_POINT('',#9918);
#9918 = CARTESIAN_POINT('',(-3.,-3.553589838486,-0.9));
#9919 = SURFACE_CURVE('',#9920,(#9924,#9931),.PCURVE_S1.);
#9920 = LINE('',#9921,#9922);
#9921 = CARTESIAN_POINT('',(-3.,-3.553589838486,-0.9));
#9922 = VECTOR('',#9923,1.);
#9923 = DIRECTION('',(-1.,0.E+000,0.E+000));
#9924 = PCURVE('',#8466,#9925);
#9925 = DEFINITIONAL_REPRESENTATION('',(#9926),#9930);
#9926 = LINE('',#9927,#9928);
#9927 = CARTESIAN_POINT('',(0.E+000,-15.45358983848));
#9928 = VECTOR('',#9929,1.);
#9929 = DIRECTION('',(-1.,0.E+000));
#9930 = ( GEOMETRIC_REPRESENTATION_CONTEXT(2) 
PARAMETRIC_REPRESENTATION_CONTEXT() REPRESENTATION_CONTEXT('2D SPACE',''
  ) );
#9931 = PCURVE('',#9932,#9937);
#9932 = PLANE('',#9933);
#9933 = AXIS2_PLACEMENT_3D('',#9934,#9935,#9936);
#9934 = CARTESIAN_POINT('',(-3.,-3.553589838486,-0.9));
#9935 = DIRECTION('',(0.E+000,0.5,0.866025403784));
#9936 = DIRECTION('',(0.E+000,-0.866025403784,0.5));
#9937 = DEFINITIONAL_REPRESENTATION('',(#9938),#9942);
#9938 = LINE('',#9939,#9940);
#9939 = CARTESIAN_POINT('',(0.E+000,0.E+000));
#9940 = VECTOR('',#9941,1.);
#9941 = DIRECTION('',(0.E+000,-1.));
#9942 = ( GEOMETRIC_REPRESENTATION_CONTEXT(2) 
PARAMETRIC_REPRESENTATION_CONTEXT() REPRESENTATION_CONTEXT('2D SPACE',''
  ) );
#9943 = ORIENTED_EDGE('',*,*,#9944,.F.);
#9944 = EDGE_CURVE('',#8451,#9917,#9945,.T.);
#9945 = SURFACE_CURVE('',#9946,(#9950,#9957),.PCURVE_S1.);
#9946 = LINE('',#9947,#9948);
#9947 = CARTESIAN_POINT('',(-3.,11.9,-0.9));
#9948 = VECTOR('',#9949,1.);
#9949 = DIRECTION('',(0.E+000,-1.,0.E+000));
#9950 = PCURVE('',#8466,#9951);
#9951 = DEFINITIONAL_REPRESENTATION('',(#9952),#9956);
#9952 = LINE('',#9953,#9954);
#9953 = CARTESIAN_POINT('',(0.E+000,0.E+000));
#9954 = VECTOR('',#9955,1.);
#9955 = DIRECTION('',(0.E+000,-1.));
#9956 = ( GEOMETRIC_REPRESENTATION_CONTEXT(2) 
PARAMETRIC_REPRESENTATION_CONTEXT() REPRESENTATION_CONTEXT('2D SPACE',''
  ) );
#9957 = PCURVE('',#8492,#9958);
#9958 = DEFINITIONAL_REPRESENTATION('',(#9959),#9963);
#9959 = LINE('',#9960,#9961);
#9960 = CARTESIAN_POINT('',(0.E+000,0.E+000));
#9961 = VECTOR('',#9962,1.);
#9962 = DIRECTION('',(0.E+000,-1.));
#9963 = ( GEOMETRIC_REPRESENTATION_CONTEXT(2) 
PARAMETRIC_REPRESENTATION_CONTEXT() REPRESENTATION_CONTEXT('2D SPACE',''
  ) );
#9964 = ORIENTED_EDGE('',*,*,#8450,.F.);
#9965 = ADVANCED_FACE('',(#9966),#8492,.F.);
#9966 = FACE_BOUND('',#9967,.T.);
#9967 = EDGE_LOOP('',(#9968,#9969,#9997,#10018));
#9968 = ORIENTED_EDGE('',*,*,#9944,.T.);
#9969 = ORIENTED_EDGE('',*,*,#9970,.T.);
#9970 = EDGE_CURVE('',#9917,#9971,#9973,.T.);
#9971 = VERTEX_POINT('',#9972);
#9972 = CARTESIAN_POINT('',(-3.,-3.553589838486,1.E-001));
#9973 = SURFACE_CURVE('',#9974,(#9978,#9985),.PCURVE_S1.);
#9974 = LINE('',#9975,#9976);
#9975 = CARTESIAN_POINT('',(-3.,-3.553589838486,-0.9));
#9976 = VECTOR('',#9977,1.);
#9977 = DIRECTION('',(0.E+000,0.E+000,1.));
#9978 = PCURVE('',#8492,#9979);
#9979 = DEFINITIONAL_REPRESENTATION('',(#9980),#9984);
#9980 = LINE('',#9981,#9982);
#9981 = CARTESIAN_POINT('',(0.E+000,-15.45358983848));
#9982 = VECTOR('',#9983,1.);
#9983 = DIRECTION('',(-1.,0.E+000));
#9984 = ( GEOMETRIC_REPRESENTATION_CONTEXT(2) 
PARAMETRIC_REPRESENTATION_CONTEXT() REPRESENTATION_CONTEXT('2D SPACE',''
  ) );
#9985 = PCURVE('',#9986,#9991);
#9986 = PLANE('',#9987);
#9987 = AXIS2_PLACEMENT_3D('',#9988,#9989,#9990);
#9988 = CARTESIAN_POINT('',(-3.,-3.553589838486,-0.9));
#9989 = DIRECTION('',(0.866025403784,0.5,0.E+000));
#9990 = DIRECTION('',(-0.5,0.866025403784,0.E+000));
#9991 = DEFINITIONAL_REPRESENTATION('',(#9992),#9996);
#9992 = LINE('',#9993,#9994);
#9993 = CARTESIAN_POINT('',(0.E+000,0.E+000));
#9994 = VECTOR('',#9995,1.);
#9995 = DIRECTION('',(0.E+000,1.));
#9996 = ( GEOMETRIC_REPRESENTATION_CONTEXT(2) 
PARAMETRIC_REPRESENTATION_CONTEXT() REPRESENTATION_CONTEXT('2D SPACE',''
  ) );
#9997 = ORIENTED_EDGE('',*,*,#9998,.F.);
#9998 = EDGE_CURVE('',#8393,#9971,#9999,.T.);
#9999 = SURFACE_CURVE('',#10000,(#10004,#10011),.PCURVE_S1.);
#10000 = LINE('',#10001,#10002);
#10001 = CARTESIAN_POINT('',(-3.,11.9,1.E-001));
#10002 = VECTOR('',#10003,1.);
#10003 = DIRECTION('',(0.E+000,-1.,0.E+000));
#10004 = PCURVE('',#8492,#10005);
#10005 = DEFINITIONAL_REPRESENTATION('',(#10006),#10010);
#10006 = LINE('',#10007,#10008);
#10007 = CARTESIAN_POINT('',(-1.,0.E+000));
#10008 = VECTOR('',#10009,1.);
#10009 = DIRECTION('',(0.E+000,-1.));
#10010 = ( GEOMETRIC_REPRESENTATION_CONTEXT(2) 
PARAMETRIC_REPRESENTATION_CONTEXT() REPRESENTATION_CONTEXT('2D SPACE',''
  ) );
#10011 = PCURVE('',#8410,#10012);
#10012 = DEFINITIONAL_REPRESENTATION('',(#10013),#10017);
#10013 = LINE('',#10014,#10015);
#10014 = CARTESIAN_POINT('',(0.E+000,0.E+000));
#10015 = VECTOR('',#10016,1.);
#10016 = DIRECTION('',(0.E+000,-1.));
#10017 = ( GEOMETRIC_REPRESENTATION_CONTEXT(2) 
PARAMETRIC_REPRESENTATION_CONTEXT() REPRESENTATION_CONTEXT('2D SPACE',''
  ) );
#10018 = ORIENTED_EDGE('',*,*,#8478,.F.);
#10019 = ADVANCED_FACE('',(#10020),#8410,.F.);
#10020 = FACE_BOUND('',#10021,.T.);
#10021 = EDGE_LOOP('',(#10022,#10023,#10049,#10050));
#10022 = ORIENTED_EDGE('',*,*,#9998,.T.);
#10023 = ORIENTED_EDGE('',*,*,#10024,.T.);
#10024 = EDGE_CURVE('',#9971,#9840,#10025,.T.);
#10025 = SURFACE_CURVE('',#10026,(#10030,#10037),.PCURVE_S1.);
#10026 = LINE('',#10027,#10028);
#10027 = CARTESIAN_POINT('',(-3.,-3.553589838486,1.E-001));
#10028 = VECTOR('',#10029,1.);
#10029 = DIRECTION('',(1.,0.E+000,0.E+000));
#10030 = PCURVE('',#8410,#10031);
#10031 = DEFINITIONAL_REPRESENTATION('',(#10032),#10036);
#10032 = LINE('',#10033,#10034);
#10033 = CARTESIAN_POINT('',(0.E+000,-15.45358983848));
#10034 = VECTOR('',#10035,1.);
#10035 = DIRECTION('',(-1.,0.E+000));
#10036 = ( GEOMETRIC_REPRESENTATION_CONTEXT(2) 
PARAMETRIC_REPRESENTATION_CONTEXT() REPRESENTATION_CONTEXT('2D SPACE',''
  ) );
#10037 = PCURVE('',#10038,#10043);
#10038 = PLANE('',#10039);
#10039 = AXIS2_PLACEMENT_3D('',#10040,#10041,#10042);
#10040 = CARTESIAN_POINT('',(-3.,-3.553589838486,1.E-001));
#10041 = DIRECTION('',(0.E+000,0.5,-0.866025403784));
#10042 = DIRECTION('',(0.E+000,0.866025403784,0.5));
#10043 = DEFINITIONAL_REPRESENTATION('',(#10044),#10048);
#10044 = LINE('',#10045,#10046);
#10045 = CARTESIAN_POINT('',(0.E+000,0.E+000));
#10046 = VECTOR('',#10047,1.);
#10047 = DIRECTION('',(0.E+000,1.));
#10048 = ( GEOMETRIC_REPRESENTATION_CONTEXT(2) 
PARAMETRIC_REPRESENTATION_CONTEXT() REPRESENTATION_CONTEXT('2D SPACE',''
  ) );
#10049 = ORIENTED_EDGE('',*,*,#9839,.F.);
#10050 = ORIENTED_EDGE('',*,*,#8392,.F.);
#10051 = ADVANCED_FACE('',(#10052),#10066,.F.);
#10052 = FACE_BOUND('',#10053,.T.);
#10053 = EDGE_LOOP('',(#10054,#10084,#10107,#10130));
#10054 = ORIENTED_EDGE('',*,*,#10055,.T.);
#10055 = EDGE_CURVE('',#10056,#10058,#10060,.T.);
#10056 = VERTEX_POINT('',#10057);
#10057 = CARTESIAN_POINT('',(-2.8,-3.9,-0.1));
#10058 = VERTEX_POINT('',#10059);
#10059 = CARTESIAN_POINT('',(-2.8,-3.9,-0.7));
#10060 = SURFACE_CURVE('',#10061,(#10065,#10077),.PCURVE_S1.);
#10061 = LINE('',#10062,#10063);
#10062 = CARTESIAN_POINT('',(-2.8,-3.9,1.E-001));
#10063 = VECTOR('',#10064,1.);
#10064 = DIRECTION('',(0.E+000,0.E+000,-1.));
#10065 = PCURVE('',#10066,#10071);
#10066 = PLANE('',#10067);
#10067 = AXIS2_PLACEMENT_3D('',#10068,#10069,#10070);
#10068 = CARTESIAN_POINT('',(-2.,-3.9,1.E-001));
#10069 = DIRECTION('',(0.E+000,1.,0.E+000));
#10070 = DIRECTION('',(0.E+000,0.E+000,1.));
#10071 = DEFINITIONAL_REPRESENTATION('',(#10072),#10076);
#10072 = LINE('',#10073,#10074);
#10073 = CARTESIAN_POINT('',(0.E+000,-0.8));
#10074 = VECTOR('',#10075,1.);
#10075 = DIRECTION('',(-1.,0.E+000));
#10076 = ( GEOMETRIC_REPRESENTATION_CONTEXT(2) 
PARAMETRIC_REPRESENTATION_CONTEXT() REPRESENTATION_CONTEXT('2D SPACE',''
  ) );
#10077 = PCURVE('',#9986,#10078);
#10078 = DEFINITIONAL_REPRESENTATION('',(#10079),#10083);
#10079 = LINE('',#10080,#10081);
#10080 = CARTESIAN_POINT('',(-0.4,1.));
#10081 = VECTOR('',#10082,1.);
#10082 = DIRECTION('',(0.E+000,-1.));
#10083 = ( GEOMETRIC_REPRESENTATION_CONTEXT(2) 
PARAMETRIC_REPRESENTATION_CONTEXT() REPRESENTATION_CONTEXT('2D SPACE',''
  ) );
#10084 = ORIENTED_EDGE('',*,*,#10085,.T.);
#10085 = EDGE_CURVE('',#10058,#10086,#10088,.T.);
#10086 = VERTEX_POINT('',#10087);
#10087 = CARTESIAN_POINT('',(-2.2,-3.9,-0.7));
#10088 = SURFACE_CURVE('',#10089,(#10093,#10100),.PCURVE_S1.);
#10089 = LINE('',#10090,#10091);
#10090 = CARTESIAN_POINT('',(-2.,-3.9,-0.7));
#10091 = VECTOR('',#10092,1.);
#10092 = DIRECTION('',(1.,0.E+000,0.E+000));
#10093 = PCURVE('',#10066,#10094);
#10094 = DEFINITIONAL_REPRESENTATION('',(#10095),#10099);
#10095 = LINE('',#10096,#10097);
#10096 = CARTESIAN_POINT('',(-0.8,0.E+000));
#10097 = VECTOR('',#10098,1.);
#10098 = DIRECTION('',(0.E+000,1.));
#10099 = ( GEOMETRIC_REPRESENTATION_CONTEXT(2) 
PARAMETRIC_REPRESENTATION_CONTEXT() REPRESENTATION_CONTEXT('2D SPACE',''
  ) );
#10100 = PCURVE('',#9932,#10101);
#10101 = DEFINITIONAL_REPRESENTATION('',(#10102),#10106);
#10102 = LINE('',#10103,#10104);
#10103 = CARTESIAN_POINT('',(0.4,1.));
#10104 = VECTOR('',#10105,1.);
#10105 = DIRECTION('',(0.E+000,1.));
#10106 = ( GEOMETRIC_REPRESENTATION_CONTEXT(2) 
PARAMETRIC_REPRESENTATION_CONTEXT() REPRESENTATION_CONTEXT('2D SPACE',''
  ) );
#10107 = ORIENTED_EDGE('',*,*,#10108,.T.);
#10108 = EDGE_CURVE('',#10086,#10109,#10111,.T.);
#10109 = VERTEX_POINT('',#10110);
#10110 = CARTESIAN_POINT('',(-2.2,-3.9,-0.1));
#10111 = SURFACE_CURVE('',#10112,(#10116,#10123),.PCURVE_S1.);
#10112 = LINE('',#10113,#10114);
#10113 = CARTESIAN_POINT('',(-2.2,-3.9,1.E-001));
#10114 = VECTOR('',#10115,1.);
#10115 = DIRECTION('',(0.E+000,0.E+000,1.));
#10116 = PCURVE('',#10066,#10117);
#10117 = DEFINITIONAL_REPRESENTATION('',(#10118),#10122);
#10118 = LINE('',#10119,#10120);
#10119 = CARTESIAN_POINT('',(0.E+000,-0.2));
#10120 = VECTOR('',#10121,1.);
#10121 = DIRECTION('',(1.,0.E+000));
#10122 = ( GEOMETRIC_REPRESENTATION_CONTEXT(2) 
PARAMETRIC_REPRESENTATION_CONTEXT() REPRESENTATION_CONTEXT('2D SPACE',''
  ) );
#10123 = PCURVE('',#9878,#10124);
#10124 = DEFINITIONAL_REPRESENTATION('',(#10125),#10129);
#10125 = LINE('',#10126,#10127);
#10126 = CARTESIAN_POINT('',(0.4,1.));
#10127 = VECTOR('',#10128,1.);
#10128 = DIRECTION('',(0.E+000,1.));
#10129 = ( GEOMETRIC_REPRESENTATION_CONTEXT(2) 
PARAMETRIC_REPRESENTATION_CONTEXT() REPRESENTATION_CONTEXT('2D SPACE',''
  ) );
#10130 = ORIENTED_EDGE('',*,*,#10131,.T.);
#10131 = EDGE_CURVE('',#10109,#10056,#10132,.T.);
#10132 = SURFACE_CURVE('',#10133,(#10137,#10144),.PCURVE_S1.);
#10133 = LINE('',#10134,#10135);
#10134 = CARTESIAN_POINT('',(-2.,-3.9,-0.1));
#10135 = VECTOR('',#10136,1.);
#10136 = DIRECTION('',(-1.,0.E+000,0.E+000));
#10137 = PCURVE('',#10066,#10138);
#10138 = DEFINITIONAL_REPRESENTATION('',(#10139),#10143);
#10139 = LINE('',#10140,#10141);
#10140 = CARTESIAN_POINT('',(-0.2,0.E+000));
#10141 = VECTOR('',#10142,1.);
#10142 = DIRECTION('',(0.E+000,-1.));
#10143 = ( GEOMETRIC_REPRESENTATION_CONTEXT(2) 
PARAMETRIC_REPRESENTATION_CONTEXT() REPRESENTATION_CONTEXT('2D SPACE',''
  ) );
#10144 = PCURVE('',#10038,#10145);
#10145 = DEFINITIONAL_REPRESENTATION('',(#10146),#10150);
#10146 = LINE('',#10147,#10148);
#10147 = CARTESIAN_POINT('',(-0.4,1.));
#10148 = VECTOR('',#10149,1.);
#10149 = DIRECTION('',(0.E+000,-1.));
#10150 = ( GEOMETRIC_REPRESENTATION_CONTEXT(2) 
PARAMETRIC_REPRESENTATION_CONTEXT() REPRESENTATION_CONTEXT('2D SPACE',''
  ) );
#10151 = ADVANCED_FACE('',(#10152),#10166,.T.);
#10152 = FACE_BOUND('',#10153,.T.);
#10153 = EDGE_LOOP('',(#10154,#10189,#10217,#10245));
#10154 = ORIENTED_EDGE('',*,*,#10155,.T.);
#10155 = EDGE_CURVE('',#10156,#10158,#10160,.T.);
#10156 = VERTEX_POINT('',#10157);
#10157 = CARTESIAN_POINT('',(2.346410161514,11.9,-0.553589838486));
#10158 = VERTEX_POINT('',#10159);
#10159 = CARTESIAN_POINT('',(2.346410161514,11.9,-0.246410161514));
#10160 = SURFACE_CURVE('',#10161,(#10165,#10177),.PCURVE_S1.);
#10161 = LINE('',#10162,#10163);
#10162 = CARTESIAN_POINT('',(2.346410161514,11.9,1.E-001));
#10163 = VECTOR('',#10164,1.);
#10164 = DIRECTION('',(0.E+000,0.E+000,1.));
#10165 = PCURVE('',#10166,#10171);
#10166 = PLANE('',#10167);
#10167 = AXIS2_PLACEMENT_3D('',#10168,#10169,#10170);
#10168 = CARTESIAN_POINT('',(3.,11.9,1.E-001));
#10169 = DIRECTION('',(0.E+000,1.,0.E+000));
#10170 = DIRECTION('',(0.E+000,0.E+000,1.));
#10171 = DEFINITIONAL_REPRESENTATION('',(#10172),#10176);
#10172 = LINE('',#10173,#10174);
#10173 = CARTESIAN_POINT('',(0.E+000,-0.653589838486));
#10174 = VECTOR('',#10175,1.);
#10175 = DIRECTION('',(1.,0.E+000));
#10176 = ( GEOMETRIC_REPRESENTATION_CONTEXT(2) 
PARAMETRIC_REPRESENTATION_CONTEXT() REPRESENTATION_CONTEXT('2D SPACE',''
  ) );
#10177 = PCURVE('',#10178,#10183);
#10178 = PLANE('',#10179);
#10179 = AXIS2_PLACEMENT_3D('',#10180,#10181,#10182);
#10180 = CARTESIAN_POINT('',(2.346410161514,11.9,1.E-001));
#10181 = DIRECTION('',(-0.5,0.866025403784,0.E+000));
#10182 = DIRECTION('',(-0.866025403784,-0.5,0.E+000));
#10183 = DEFINITIONAL_REPRESENTATION('',(#10184),#10188);
#10184 = LINE('',#10185,#10186);
#10185 = CARTESIAN_POINT('',(0.E+000,0.E+000));
#10186 = VECTOR('',#10187,1.);
#10187 = DIRECTION('',(0.E+000,1.));
#10188 = ( GEOMETRIC_REPRESENTATION_CONTEXT(2) 
PARAMETRIC_REPRESENTATION_CONTEXT() REPRESENTATION_CONTEXT('2D SPACE',''
  ) );
#10189 = ORIENTED_EDGE('',*,*,#10190,.T.);
#10190 = EDGE_CURVE('',#10158,#10191,#10193,.T.);
#10191 = VERTEX_POINT('',#10192);
#10192 = CARTESIAN_POINT('',(2.653589838486,11.9,-0.246410161514));
#10193 = SURFACE_CURVE('',#10194,(#10198,#10205),.PCURVE_S1.);
#10194 = LINE('',#10195,#10196);
#10195 = CARTESIAN_POINT('',(3.,11.9,-0.246410161514));
#10196 = VECTOR('',#10197,1.);
#10197 = DIRECTION('',(1.,0.E+000,0.E+000));
#10198 = PCURVE('',#10166,#10199);
#10199 = DEFINITIONAL_REPRESENTATION('',(#10200),#10204);
#10200 = LINE('',#10201,#10202);
#10201 = CARTESIAN_POINT('',(-0.346410161514,0.E+000));
#10202 = VECTOR('',#10203,1.);
#10203 = DIRECTION('',(0.E+000,1.));
#10204 = ( GEOMETRIC_REPRESENTATION_CONTEXT(2) 
PARAMETRIC_REPRESENTATION_CONTEXT() REPRESENTATION_CONTEXT('2D SPACE',''
  ) );
#10205 = PCURVE('',#10206,#10211);
#10206 = PLANE('',#10207);
#10207 = AXIS2_PLACEMENT_3D('',#10208,#10209,#10210);
#10208 = CARTESIAN_POINT('',(3.,11.9,-0.246410161514));
#10209 = DIRECTION('',(0.E+000,0.866025403784,0.5));
#10210 = DIRECTION('',(0.E+000,-0.5,0.866025403784));
#10211 = DEFINITIONAL_REPRESENTATION('',(#10212),#10216);
#10212 = LINE('',#10213,#10214);
#10213 = CARTESIAN_POINT('',(0.E+000,0.E+000));
#10214 = VECTOR('',#10215,1.);
#10215 = DIRECTION('',(0.E+000,1.));
#10216 = ( GEOMETRIC_REPRESENTATION_CONTEXT(2) 
PARAMETRIC_REPRESENTATION_CONTEXT() REPRESENTATION_CONTEXT('2D SPACE',''
  ) );
#10217 = ORIENTED_EDGE('',*,*,#10218,.T.);
#10218 = EDGE_CURVE('',#10191,#10219,#10221,.T.);
#10219 = VERTEX_POINT('',#10220);
#10220 = CARTESIAN_POINT('',(2.653589838486,11.9,-0.553589838486));
#10221 = SURFACE_CURVE('',#10222,(#10226,#10233),.PCURVE_S1.);
#10222 = LINE('',#10223,#10224);
#10223 = CARTESIAN_POINT('',(2.653589838486,11.9,-0.9));
#10224 = VECTOR('',#10225,1.);
#10225 = DIRECTION('',(0.E+000,0.E+000,-1.));
#10226 = PCURVE('',#10166,#10227);
#10227 = DEFINITIONAL_REPRESENTATION('',(#10228),#10232);
#10228 = LINE('',#10229,#10230);
#10229 = CARTESIAN_POINT('',(-1.,-0.346410161514));
#10230 = VECTOR('',#10231,1.);
#10231 = DIRECTION('',(-1.,0.E+000));
#10232 = ( GEOMETRIC_REPRESENTATION_CONTEXT(2) 
PARAMETRIC_REPRESENTATION_CONTEXT() REPRESENTATION_CONTEXT('2D SPACE',''
  ) );
#10233 = PCURVE('',#10234,#10239);
#10234 = PLANE('',#10235);
#10235 = AXIS2_PLACEMENT_3D('',#10236,#10237,#10238);
#10236 = CARTESIAN_POINT('',(2.653589838486,11.9,1.E-001));
#10237 = DIRECTION('',(0.5,0.866025403784,0.E+000));
#10238 = DIRECTION('',(-0.866025403784,0.5,0.E+000));
#10239 = DEFINITIONAL_REPRESENTATION('',(#10240),#10244);
#10240 = LINE('',#10241,#10242);
#10241 = CARTESIAN_POINT('',(0.E+000,-1.));
#10242 = VECTOR('',#10243,1.);
#10243 = DIRECTION('',(0.E+000,-1.));
#10244 = ( GEOMETRIC_REPRESENTATION_CONTEXT(2) 
PARAMETRIC_REPRESENTATION_CONTEXT() REPRESENTATION_CONTEXT('2D SPACE',''
  ) );
#10245 = ORIENTED_EDGE('',*,*,#10246,.T.);
#10246 = EDGE_CURVE('',#10219,#10156,#10247,.T.);
#10247 = SURFACE_CURVE('',#10248,(#10252,#10259),.PCURVE_S1.);
#10248 = LINE('',#10249,#10250);
#10249 = CARTESIAN_POINT('',(2.,11.9,-0.553589838486));
#10250 = VECTOR('',#10251,1.);
#10251 = DIRECTION('',(-1.,0.E+000,-4.336808689942E-016));
#10252 = PCURVE('',#10166,#10253);
#10253 = DEFINITIONAL_REPRESENTATION('',(#10254),#10258);
#10254 = LINE('',#10255,#10256);
#10255 = CARTESIAN_POINT('',(-0.653589838486,-1.));
#10256 = VECTOR('',#10257,1.);
#10257 = DIRECTION('',(-4.336808689942E-016,-1.));
#10258 = ( GEOMETRIC_REPRESENTATION_CONTEXT(2) 
PARAMETRIC_REPRESENTATION_CONTEXT() REPRESENTATION_CONTEXT('2D SPACE',''
  ) );
#10259 = PCURVE('',#10260,#10265);
#10260 = PLANE('',#10261);
#10261 = AXIS2_PLACEMENT_3D('',#10262,#10263,#10264);
#10262 = CARTESIAN_POINT('',(3.,11.9,-0.553589838486));
#10263 = DIRECTION('',(2.168404344971E-016,0.866025403784,-0.5));
#10264 = DIRECTION('',(3.129636159629E-034,0.5,0.866025403784));
#10265 = DEFINITIONAL_REPRESENTATION('',(#10266),#10270);
#10266 = LINE('',#10267,#10268);
#10267 = CARTESIAN_POINT('',(-3.845925372767E-016,-1.));
#10268 = VECTOR('',#10269,1.);
#10269 = DIRECTION('',(-3.755786496843E-016,-1.));
#10270 = ( GEOMETRIC_REPRESENTATION_CONTEXT(2) 
PARAMETRIC_REPRESENTATION_CONTEXT() REPRESENTATION_CONTEXT('2D SPACE',''
  ) );
#10271 = ADVANCED_FACE('',(#10272),#8918,.F.);
#10272 = FACE_BOUND('',#10273,.T.);
#10273 = EDGE_LOOP('',(#10274,#10297,#10320,#10341));
#10274 = ORIENTED_EDGE('',*,*,#10275,.F.);
#10275 = EDGE_CURVE('',#10276,#8875,#10278,.T.);
#10276 = VERTEX_POINT('',#10277);
#10277 = CARTESIAN_POINT('',(3.,11.7,1.E-001));
#10278 = SURFACE_CURVE('',#10279,(#10283,#10290),.PCURVE_S1.);
#10279 = LINE('',#10280,#10281);
#10280 = CARTESIAN_POINT('',(3.,11.9,1.E-001));
#10281 = VECTOR('',#10282,1.);
#10282 = DIRECTION('',(0.E+000,-1.,0.E+000));
#10283 = PCURVE('',#8918,#10284);
#10284 = DEFINITIONAL_REPRESENTATION('',(#10285),#10289);
#10285 = LINE('',#10286,#10287);
#10286 = CARTESIAN_POINT('',(-1.,0.E+000));
#10287 = VECTOR('',#10288,1.);
#10288 = DIRECTION('',(0.E+000,-1.));
#10289 = ( GEOMETRIC_REPRESENTATION_CONTEXT(2) 
PARAMETRIC_REPRESENTATION_CONTEXT() REPRESENTATION_CONTEXT('2D SPACE',''
  ) );
#10290 = PCURVE('',#8890,#10291);
#10291 = DEFINITIONAL_REPRESENTATION('',(#10292),#10296);
#10292 = LINE('',#10293,#10294);
#10293 = CARTESIAN_POINT('',(1.,0.E+000));
#10294 = VECTOR('',#10295,1.);
#10295 = DIRECTION('',(0.E+000,-1.));
#10296 = ( GEOMETRIC_REPRESENTATION_CONTEXT(2) 
PARAMETRIC_REPRESENTATION_CONTEXT() REPRESENTATION_CONTEXT('2D SPACE',''
  ) );
#10297 = ORIENTED_EDGE('',*,*,#10298,.T.);
#10298 = EDGE_CURVE('',#10276,#10299,#10301,.T.);
#10299 = VERTEX_POINT('',#10300);
#10300 = CARTESIAN_POINT('',(2.,11.7,1.E-001));
#10301 = SURFACE_CURVE('',#10302,(#10306,#10313),.PCURVE_S1.);
#10302 = LINE('',#10303,#10304);
#10303 = CARTESIAN_POINT('',(2.,11.7,1.E-001));
#10304 = VECTOR('',#10305,1.);
#10305 = DIRECTION('',(-1.,0.E+000,0.E+000));
#10306 = PCURVE('',#8918,#10307);
#10307 = DEFINITIONAL_REPRESENTATION('',(#10308),#10312);
#10308 = LINE('',#10309,#10310);
#10309 = CARTESIAN_POINT('',(0.E+000,-0.2));
#10310 = VECTOR('',#10311,1.);
#10311 = DIRECTION('',(1.,0.E+000));
#10312 = ( GEOMETRIC_REPRESENTATION_CONTEXT(2) 
PARAMETRIC_REPRESENTATION_CONTEXT() REPRESENTATION_CONTEXT('2D SPACE',''
  ) );
#10313 = PCURVE('',#10206,#10314);
#10314 = DEFINITIONAL_REPRESENTATION('',(#10315),#10319);
#10315 = LINE('',#10316,#10317);
#10316 = CARTESIAN_POINT('',(0.4,-1.));
#10317 = VECTOR('',#10318,1.);
#10318 = DIRECTION('',(0.E+000,-1.));
#10319 = ( GEOMETRIC_REPRESENTATION_CONTEXT(2) 
PARAMETRIC_REPRESENTATION_CONTEXT() REPRESENTATION_CONTEXT('2D SPACE',''
  ) );
#10320 = ORIENTED_EDGE('',*,*,#10321,.T.);
#10321 = EDGE_CURVE('',#10299,#8903,#10322,.T.);
#10322 = SURFACE_CURVE('',#10323,(#10327,#10334),.PCURVE_S1.);
#10323 = LINE('',#10324,#10325);
#10324 = CARTESIAN_POINT('',(2.,11.9,1.E-001));
#10325 = VECTOR('',#10326,1.);
#10326 = DIRECTION('',(0.E+000,-1.,0.E+000));
#10327 = PCURVE('',#8918,#10328);
#10328 = DEFINITIONAL_REPRESENTATION('',(#10329),#10333);
#10329 = LINE('',#10330,#10331);
#10330 = CARTESIAN_POINT('',(0.E+000,0.E+000));
#10331 = VECTOR('',#10332,1.);
#10332 = DIRECTION('',(0.E+000,-1.));
#10333 = ( GEOMETRIC_REPRESENTATION_CONTEXT(2) 
PARAMETRIC_REPRESENTATION_CONTEXT() REPRESENTATION_CONTEXT('2D SPACE',''
  ) );
#10334 = PCURVE('',#8944,#10335);
#10335 = DEFINITIONAL_REPRESENTATION('',(#10336),#10340);
#10336 = LINE('',#10337,#10338);
#10337 = CARTESIAN_POINT('',(-1.,0.E+000));
#10338 = VECTOR('',#10339,1.);
#10339 = DIRECTION('',(0.E+000,-1.));
#10340 = ( GEOMETRIC_REPRESENTATION_CONTEXT(2) 
PARAMETRIC_REPRESENTATION_CONTEXT() REPRESENTATION_CONTEXT('2D SPACE',''
  ) );
#10341 = ORIENTED_EDGE('',*,*,#8902,.F.);
#10342 = ADVANCED_FACE('',(#10343),#8944,.F.);
#10343 = FACE_BOUND('',#10344,.T.);
#10344 = EDGE_LOOP('',(#10345,#10346,#10369,#10390));
#10345 = ORIENTED_EDGE('',*,*,#10321,.F.);
#10346 = ORIENTED_EDGE('',*,*,#10347,.T.);
#10347 = EDGE_CURVE('',#10299,#10348,#10350,.T.);
#10348 = VERTEX_POINT('',#10349);
#10349 = CARTESIAN_POINT('',(2.,11.7,-0.9));
#10350 = SURFACE_CURVE('',#10351,(#10355,#10362),.PCURVE_S1.);
#10351 = LINE('',#10352,#10353);
#10352 = CARTESIAN_POINT('',(2.,11.7,-0.9));
#10353 = VECTOR('',#10354,1.);
#10354 = DIRECTION('',(0.E+000,0.E+000,-1.));
#10355 = PCURVE('',#8944,#10356);
#10356 = DEFINITIONAL_REPRESENTATION('',(#10357),#10361);
#10357 = LINE('',#10358,#10359);
#10358 = CARTESIAN_POINT('',(0.E+000,-0.2));
#10359 = VECTOR('',#10360,1.);
#10360 = DIRECTION('',(1.,0.E+000));
#10361 = ( GEOMETRIC_REPRESENTATION_CONTEXT(2) 
PARAMETRIC_REPRESENTATION_CONTEXT() REPRESENTATION_CONTEXT('2D SPACE',''
  ) );
#10362 = PCURVE('',#10178,#10363);
#10363 = DEFINITIONAL_REPRESENTATION('',(#10364),#10368);
#10364 = LINE('',#10365,#10366);
#10365 = CARTESIAN_POINT('',(0.4,-1.));
#10366 = VECTOR('',#10367,1.);
#10367 = DIRECTION('',(0.E+000,-1.));
#10368 = ( GEOMETRIC_REPRESENTATION_CONTEXT(2) 
PARAMETRIC_REPRESENTATION_CONTEXT() REPRESENTATION_CONTEXT('2D SPACE',''
  ) );
#10369 = ORIENTED_EDGE('',*,*,#10370,.T.);
#10370 = EDGE_CURVE('',#10348,#8845,#10371,.T.);
#10371 = SURFACE_CURVE('',#10372,(#10376,#10383),.PCURVE_S1.);
#10372 = LINE('',#10373,#10374);
#10373 = CARTESIAN_POINT('',(2.,11.9,-0.9));
#10374 = VECTOR('',#10375,1.);
#10375 = DIRECTION('',(0.E+000,-1.,0.E+000));
#10376 = PCURVE('',#8944,#10377);
#10377 = DEFINITIONAL_REPRESENTATION('',(#10378),#10382);
#10378 = LINE('',#10379,#10380);
#10379 = CARTESIAN_POINT('',(0.E+000,0.E+000));
#10380 = VECTOR('',#10381,1.);
#10381 = DIRECTION('',(0.E+000,-1.));
#10382 = ( GEOMETRIC_REPRESENTATION_CONTEXT(2) 
PARAMETRIC_REPRESENTATION_CONTEXT() REPRESENTATION_CONTEXT('2D SPACE',''
  ) );
#10383 = PCURVE('',#8862,#10384);
#10384 = DEFINITIONAL_REPRESENTATION('',(#10385),#10389);
#10385 = LINE('',#10386,#10387);
#10386 = CARTESIAN_POINT('',(0.E+000,0.E+000));
#10387 = VECTOR('',#10388,1.);
#10388 = DIRECTION('',(0.E+000,-1.));
#10389 = ( GEOMETRIC_REPRESENTATION_CONTEXT(2) 
PARAMETRIC_REPRESENTATION_CONTEXT() REPRESENTATION_CONTEXT('2D SPACE',''
  ) );
#10390 = ORIENTED_EDGE('',*,*,#8930,.F.);
#10391 = ADVANCED_FACE('',(#10392),#8862,.F.);
#10392 = FACE_BOUND('',#10393,.T.);
#10393 = EDGE_LOOP('',(#10394,#10395,#10418,#10439));
#10394 = ORIENTED_EDGE('',*,*,#10370,.F.);
#10395 = ORIENTED_EDGE('',*,*,#10396,.T.);
#10396 = EDGE_CURVE('',#10348,#10397,#10399,.T.);
#10397 = VERTEX_POINT('',#10398);
#10398 = CARTESIAN_POINT('',(3.,11.7,-0.9));
#10399 = SURFACE_CURVE('',#10400,(#10404,#10411),.PCURVE_S1.);
#10400 = LINE('',#10401,#10402);
#10401 = CARTESIAN_POINT('',(3.,11.7,-0.9));
#10402 = VECTOR('',#10403,1.);
#10403 = DIRECTION('',(1.,0.E+000,4.336808689942E-016));
#10404 = PCURVE('',#8862,#10405);
#10405 = DEFINITIONAL_REPRESENTATION('',(#10406),#10410);
#10406 = LINE('',#10407,#10408);
#10407 = CARTESIAN_POINT('',(1.,-0.2));
#10408 = VECTOR('',#10409,1.);
#10409 = DIRECTION('',(1.,0.E+000));
#10410 = ( GEOMETRIC_REPRESENTATION_CONTEXT(2) 
PARAMETRIC_REPRESENTATION_CONTEXT() REPRESENTATION_CONTEXT('2D SPACE',''
  ) );
#10411 = PCURVE('',#10260,#10412);
#10412 = DEFINITIONAL_REPRESENTATION('',(#10413),#10417);
#10413 = LINE('',#10414,#10415);
#10414 = CARTESIAN_POINT('',(-0.4,-4.440892098501E-016));
#10415 = VECTOR('',#10416,1.);
#10416 = DIRECTION('',(3.755786496843E-016,1.));
#10417 = ( GEOMETRIC_REPRESENTATION_CONTEXT(2) 
PARAMETRIC_REPRESENTATION_CONTEXT() REPRESENTATION_CONTEXT('2D SPACE',''
  ) );
#10418 = ORIENTED_EDGE('',*,*,#10419,.T.);
#10419 = EDGE_CURVE('',#10397,#8847,#10420,.T.);
#10420 = SURFACE_CURVE('',#10421,(#10425,#10432),.PCURVE_S1.);
#10421 = LINE('',#10422,#10423);
#10422 = CARTESIAN_POINT('',(3.,11.9,-0.9));
#10423 = VECTOR('',#10424,1.);
#10424 = DIRECTION('',(0.E+000,-1.,0.E+000));
#10425 = PCURVE('',#8862,#10426);
#10426 = DEFINITIONAL_REPRESENTATION('',(#10427),#10431);
#10427 = LINE('',#10428,#10429);
#10428 = CARTESIAN_POINT('',(1.,0.E+000));
#10429 = VECTOR('',#10430,1.);
#10430 = DIRECTION('',(0.E+000,-1.));
#10431 = ( GEOMETRIC_REPRESENTATION_CONTEXT(2) 
PARAMETRIC_REPRESENTATION_CONTEXT() REPRESENTATION_CONTEXT('2D SPACE',''
  ) );
#10432 = PCURVE('',#8890,#10433);
#10433 = DEFINITIONAL_REPRESENTATION('',(#10434),#10438);
#10434 = LINE('',#10435,#10436);
#10435 = CARTESIAN_POINT('',(0.E+000,0.E+000));
#10436 = VECTOR('',#10437,1.);
#10437 = DIRECTION('',(0.E+000,-1.));
#10438 = ( GEOMETRIC_REPRESENTATION_CONTEXT(2) 
PARAMETRIC_REPRESENTATION_CONTEXT() REPRESENTATION_CONTEXT('2D SPACE',''
  ) );
#10439 = ORIENTED_EDGE('',*,*,#8844,.F.);
#10440 = ADVANCED_FACE('',(#10441),#8890,.F.);
#10441 = FACE_BOUND('',#10442,.T.);
#10442 = EDGE_LOOP('',(#10443,#10444,#10465,#10466));
#10443 = ORIENTED_EDGE('',*,*,#10419,.F.);
#10444 = ORIENTED_EDGE('',*,*,#10445,.T.);
#10445 = EDGE_CURVE('',#10397,#10276,#10446,.T.);
#10446 = SURFACE_CURVE('',#10447,(#10451,#10458),.PCURVE_S1.);
#10447 = LINE('',#10448,#10449);
#10448 = CARTESIAN_POINT('',(3.,11.7,1.E-001));
#10449 = VECTOR('',#10450,1.);
#10450 = DIRECTION('',(0.E+000,0.E+000,1.));
#10451 = PCURVE('',#8890,#10452);
#10452 = DEFINITIONAL_REPRESENTATION('',(#10453),#10457);
#10453 = LINE('',#10454,#10455);
#10454 = CARTESIAN_POINT('',(1.,-0.2));
#10455 = VECTOR('',#10456,1.);
#10456 = DIRECTION('',(1.,0.E+000));
#10457 = ( GEOMETRIC_REPRESENTATION_CONTEXT(2) 
PARAMETRIC_REPRESENTATION_CONTEXT() REPRESENTATION_CONTEXT('2D SPACE',''
  ) );
#10458 = PCURVE('',#10234,#10459);
#10459 = DEFINITIONAL_REPRESENTATION('',(#10460),#10464);
#10460 = LINE('',#10461,#10462);
#10461 = CARTESIAN_POINT('',(-0.4,0.E+000));
#10462 = VECTOR('',#10463,1.);
#10463 = DIRECTION('',(0.E+000,1.));
#10464 = ( GEOMETRIC_REPRESENTATION_CONTEXT(2) 
PARAMETRIC_REPRESENTATION_CONTEXT() REPRESENTATION_CONTEXT('2D SPACE',''
  ) );
#10465 = ORIENTED_EDGE('',*,*,#10275,.T.);
#10466 = ORIENTED_EDGE('',*,*,#8874,.F.);
#10467 = ADVANCED_FACE('',(#10468),#8552,.F.);
#10468 = FACE_BOUND('',#10469,.T.);
#10469 = EDGE_LOOP('',(#10470,#10493,#10521,#10542));
#10470 = ORIENTED_EDGE('',*,*,#10471,.T.);
#10471 = EDGE_CURVE('',#8509,#10472,#10474,.T.);
#10472 = VERTEX_POINT('',#10473);
#10473 = CARTESIAN_POINT('',(3.,-3.553589838486,1.E-001));
#10474 = SURFACE_CURVE('',#10475,(#10479,#10486),.PCURVE_S1.);
#10475 = LINE('',#10476,#10477);
#10476 = CARTESIAN_POINT('',(3.,11.9,1.E-001));
#10477 = VECTOR('',#10478,1.);
#10478 = DIRECTION('',(0.E+000,-1.,0.E+000));
#10479 = PCURVE('',#8552,#10480);
#10480 = DEFINITIONAL_REPRESENTATION('',(#10481),#10485);
#10481 = LINE('',#10482,#10483);
#10482 = CARTESIAN_POINT('',(1.,0.E+000));
#10483 = VECTOR('',#10484,1.);
#10484 = DIRECTION('',(0.E+000,-1.));
#10485 = ( GEOMETRIC_REPRESENTATION_CONTEXT(2) 
PARAMETRIC_REPRESENTATION_CONTEXT() REPRESENTATION_CONTEXT('2D SPACE',''
  ) );
#10486 = PCURVE('',#8524,#10487);
#10487 = DEFINITIONAL_REPRESENTATION('',(#10488),#10492);
#10488 = LINE('',#10489,#10490);
#10489 = CARTESIAN_POINT('',(-1.,0.E+000));
#10490 = VECTOR('',#10491,1.);
#10491 = DIRECTION('',(0.E+000,-1.));
#10492 = ( GEOMETRIC_REPRESENTATION_CONTEXT(2) 
PARAMETRIC_REPRESENTATION_CONTEXT() REPRESENTATION_CONTEXT('2D SPACE',''
  ) );
#10493 = ORIENTED_EDGE('',*,*,#10494,.T.);
#10494 = EDGE_CURVE('',#10472,#10495,#10497,.T.);
#10495 = VERTEX_POINT('',#10496);
#10496 = CARTESIAN_POINT('',(3.,-3.553589838486,-0.9));
#10497 = SURFACE_CURVE('',#10498,(#10502,#10509),.PCURVE_S1.);
#10498 = LINE('',#10499,#10500);
#10499 = CARTESIAN_POINT('',(3.,-3.553589838486,-0.9));
#10500 = VECTOR('',#10501,1.);
#10501 = DIRECTION('',(0.E+000,0.E+000,-1.));
#10502 = PCURVE('',#8552,#10503);
#10503 = DEFINITIONAL_REPRESENTATION('',(#10504),#10508);
#10504 = LINE('',#10505,#10506);
#10505 = CARTESIAN_POINT('',(0.E+000,-15.45358983848));
#10506 = VECTOR('',#10507,1.);
#10507 = DIRECTION('',(-1.,0.E+000));
#10508 = ( GEOMETRIC_REPRESENTATION_CONTEXT(2) 
PARAMETRIC_REPRESENTATION_CONTEXT() REPRESENTATION_CONTEXT('2D SPACE',''
  ) );
#10509 = PCURVE('',#10510,#10515);
#10510 = PLANE('',#10511);
#10511 = AXIS2_PLACEMENT_3D('',#10512,#10513,#10514);
#10512 = CARTESIAN_POINT('',(3.,-3.553589838486,-0.9));
#10513 = DIRECTION('',(-0.866025403784,0.5,0.E+000));
#10514 = DIRECTION('',(-0.5,-0.866025403784,0.E+000));
#10515 = DEFINITIONAL_REPRESENTATION('',(#10516),#10520);
#10516 = LINE('',#10517,#10518);
#10517 = CARTESIAN_POINT('',(0.E+000,0.E+000));
#10518 = VECTOR('',#10519,1.);
#10519 = DIRECTION('',(0.E+000,-1.));
#10520 = ( GEOMETRIC_REPRESENTATION_CONTEXT(2) 
PARAMETRIC_REPRESENTATION_CONTEXT() REPRESENTATION_CONTEXT('2D SPACE',''
  ) );
#10521 = ORIENTED_EDGE('',*,*,#10522,.F.);
#10522 = EDGE_CURVE('',#8537,#10495,#10523,.T.);
#10523 = SURFACE_CURVE('',#10524,(#10528,#10535),.PCURVE_S1.);
#10524 = LINE('',#10525,#10526);
#10525 = CARTESIAN_POINT('',(3.,11.9,-0.9));
#10526 = VECTOR('',#10527,1.);
#10527 = DIRECTION('',(0.E+000,-1.,0.E+000));
#10528 = PCURVE('',#8552,#10529);
#10529 = DEFINITIONAL_REPRESENTATION('',(#10530),#10534);
#10530 = LINE('',#10531,#10532);
#10531 = CARTESIAN_POINT('',(0.E+000,0.E+000));
#10532 = VECTOR('',#10533,1.);
#10533 = DIRECTION('',(0.E+000,-1.));
#10534 = ( GEOMETRIC_REPRESENTATION_CONTEXT(2) 
PARAMETRIC_REPRESENTATION_CONTEXT() REPRESENTATION_CONTEXT('2D SPACE',''
  ) );
#10535 = PCURVE('',#8580,#10536);
#10536 = DEFINITIONAL_REPRESENTATION('',(#10537),#10541);
#10537 = LINE('',#10538,#10539);
#10538 = CARTESIAN_POINT('',(1.,0.E+000));
#10539 = VECTOR('',#10540,1.);
#10540 = DIRECTION('',(0.E+000,-1.));
#10541 = ( GEOMETRIC_REPRESENTATION_CONTEXT(2) 
PARAMETRIC_REPRESENTATION_CONTEXT() REPRESENTATION_CONTEXT('2D SPACE',''
  ) );
#10542 = ORIENTED_EDGE('',*,*,#8536,.F.);
#10543 = ADVANCED_FACE('',(#10544),#8580,.F.);
#10544 = FACE_BOUND('',#10545,.T.);
#10545 = EDGE_LOOP('',(#10546,#10547,#10575,#10596));
#10546 = ORIENTED_EDGE('',*,*,#10522,.T.);
#10547 = ORIENTED_EDGE('',*,*,#10548,.T.);
#10548 = EDGE_CURVE('',#10495,#10549,#10551,.T.);
#10549 = VERTEX_POINT('',#10550);
#10550 = CARTESIAN_POINT('',(2.,-3.553589838486,-0.9));
#10551 = SURFACE_CURVE('',#10552,(#10556,#10563),.PCURVE_S1.);
#10552 = LINE('',#10553,#10554);
#10553 = CARTESIAN_POINT('',(2.,-3.553589838486,-0.9));
#10554 = VECTOR('',#10555,1.);
#10555 = DIRECTION('',(-1.,0.E+000,-4.336808689942E-016));
#10556 = PCURVE('',#8580,#10557);
#10557 = DEFINITIONAL_REPRESENTATION('',(#10558),#10562);
#10558 = LINE('',#10559,#10560);
#10559 = CARTESIAN_POINT('',(0.E+000,-15.45358983848));
#10560 = VECTOR('',#10561,1.);
#10561 = DIRECTION('',(-1.,0.E+000));
#10562 = ( GEOMETRIC_REPRESENTATION_CONTEXT(2) 
PARAMETRIC_REPRESENTATION_CONTEXT() REPRESENTATION_CONTEXT('2D SPACE',''
  ) );
#10563 = PCURVE('',#10564,#10569);
#10564 = PLANE('',#10565);
#10565 = AXIS2_PLACEMENT_3D('',#10566,#10567,#10568);
#10566 = CARTESIAN_POINT('',(2.,-3.553589838486,-0.9));
#10567 = DIRECTION('',(-3.755786496843E-016,0.5,0.866025403784));
#10568 = DIRECTION('',(-8.7027959362E-033,-0.866025403784,0.5));
#10569 = DEFINITIONAL_REPRESENTATION('',(#10570),#10574);
#10570 = LINE('',#10571,#10572);
#10571 = CARTESIAN_POINT('',(0.E+000,0.E+000));
#10572 = VECTOR('',#10573,1.);
#10573 = DIRECTION('',(-2.168404344971E-016,-1.));
#10574 = ( GEOMETRIC_REPRESENTATION_CONTEXT(2) 
PARAMETRIC_REPRESENTATION_CONTEXT() REPRESENTATION_CONTEXT('2D SPACE',''
  ) );
#10575 = ORIENTED_EDGE('',*,*,#10576,.F.);
#10576 = EDGE_CURVE('',#8565,#10549,#10577,.T.);
#10577 = SURFACE_CURVE('',#10578,(#10582,#10589),.PCURVE_S1.);
#10578 = LINE('',#10579,#10580);
#10579 = CARTESIAN_POINT('',(2.,11.9,-0.9));
#10580 = VECTOR('',#10581,1.);
#10581 = DIRECTION('',(0.E+000,-1.,0.E+000));
#10582 = PCURVE('',#8580,#10583);
#10583 = DEFINITIONAL_REPRESENTATION('',(#10584),#10588);
#10584 = LINE('',#10585,#10586);
#10585 = CARTESIAN_POINT('',(0.E+000,0.E+000));
#10586 = VECTOR('',#10587,1.);
#10587 = DIRECTION('',(0.E+000,-1.));
#10588 = ( GEOMETRIC_REPRESENTATION_CONTEXT(2) 
PARAMETRIC_REPRESENTATION_CONTEXT() REPRESENTATION_CONTEXT('2D SPACE',''
  ) );
#10589 = PCURVE('',#8606,#10590);
#10590 = DEFINITIONAL_REPRESENTATION('',(#10591),#10595);
#10591 = LINE('',#10592,#10593);
#10592 = CARTESIAN_POINT('',(0.E+000,0.E+000));
#10593 = VECTOR('',#10594,1.);
#10594 = DIRECTION('',(0.E+000,-1.));
#10595 = ( GEOMETRIC_REPRESENTATION_CONTEXT(2) 
PARAMETRIC_REPRESENTATION_CONTEXT() REPRESENTATION_CONTEXT('2D SPACE',''
  ) );
#10596 = ORIENTED_EDGE('',*,*,#8564,.F.);
#10597 = ADVANCED_FACE('',(#10598),#8606,.F.);
#10598 = FACE_BOUND('',#10599,.T.);
#10599 = EDGE_LOOP('',(#10600,#10601,#10629,#10650));
#10600 = ORIENTED_EDGE('',*,*,#10576,.T.);
#10601 = ORIENTED_EDGE('',*,*,#10602,.T.);
#10602 = EDGE_CURVE('',#10549,#10603,#10605,.T.);
#10603 = VERTEX_POINT('',#10604);
#10604 = CARTESIAN_POINT('',(2.,-3.553589838486,1.E-001));
#10605 = SURFACE_CURVE('',#10606,(#10610,#10617),.PCURVE_S1.);
#10606 = LINE('',#10607,#10608);
#10607 = CARTESIAN_POINT('',(2.,-3.553589838486,-0.9));
#10608 = VECTOR('',#10609,1.);
#10609 = DIRECTION('',(0.E+000,0.E+000,1.));
#10610 = PCURVE('',#8606,#10611);
#10611 = DEFINITIONAL_REPRESENTATION('',(#10612),#10616);
#10612 = LINE('',#10613,#10614);
#10613 = CARTESIAN_POINT('',(0.E+000,-15.45358983848));
#10614 = VECTOR('',#10615,1.);
#10615 = DIRECTION('',(-1.,0.E+000));
#10616 = ( GEOMETRIC_REPRESENTATION_CONTEXT(2) 
PARAMETRIC_REPRESENTATION_CONTEXT() REPRESENTATION_CONTEXT('2D SPACE',''
  ) );
#10617 = PCURVE('',#10618,#10623);
#10618 = PLANE('',#10619);
#10619 = AXIS2_PLACEMENT_3D('',#10620,#10621,#10622);
#10620 = CARTESIAN_POINT('',(2.,-3.553589838486,-0.9));
#10621 = DIRECTION('',(0.866025403784,0.5,0.E+000));
#10622 = DIRECTION('',(-0.5,0.866025403784,0.E+000));
#10623 = DEFINITIONAL_REPRESENTATION('',(#10624),#10628);
#10624 = LINE('',#10625,#10626);
#10625 = CARTESIAN_POINT('',(0.E+000,0.E+000));
#10626 = VECTOR('',#10627,1.);
#10627 = DIRECTION('',(0.E+000,1.));
#10628 = ( GEOMETRIC_REPRESENTATION_CONTEXT(2) 
PARAMETRIC_REPRESENTATION_CONTEXT() REPRESENTATION_CONTEXT('2D SPACE',''
  ) );
#10629 = ORIENTED_EDGE('',*,*,#10630,.F.);
#10630 = EDGE_CURVE('',#8507,#10603,#10631,.T.);
#10631 = SURFACE_CURVE('',#10632,(#10636,#10643),.PCURVE_S1.);
#10632 = LINE('',#10633,#10634);
#10633 = CARTESIAN_POINT('',(2.,11.9,1.E-001));
#10634 = VECTOR('',#10635,1.);
#10635 = DIRECTION('',(0.E+000,-1.,0.E+000));
#10636 = PCURVE('',#8606,#10637);
#10637 = DEFINITIONAL_REPRESENTATION('',(#10638),#10642);
#10638 = LINE('',#10639,#10640);
#10639 = CARTESIAN_POINT('',(-1.,0.E+000));
#10640 = VECTOR('',#10641,1.);
#10641 = DIRECTION('',(0.E+000,-1.));
#10642 = ( GEOMETRIC_REPRESENTATION_CONTEXT(2) 
PARAMETRIC_REPRESENTATION_CONTEXT() REPRESENTATION_CONTEXT('2D SPACE',''
  ) );
#10643 = PCURVE('',#8524,#10644);
#10644 = DEFINITIONAL_REPRESENTATION('',(#10645),#10649);
#10645 = LINE('',#10646,#10647);
#10646 = CARTESIAN_POINT('',(0.E+000,0.E+000));
#10647 = VECTOR('',#10648,1.);
#10648 = DIRECTION('',(0.E+000,-1.));
#10649 = ( GEOMETRIC_REPRESENTATION_CONTEXT(2) 
PARAMETRIC_REPRESENTATION_CONTEXT() REPRESENTATION_CONTEXT('2D SPACE',''
  ) );
#10650 = ORIENTED_EDGE('',*,*,#8592,.F.);
#10651 = ADVANCED_FACE('',(#10652),#8524,.F.);
#10652 = FACE_BOUND('',#10653,.T.);
#10653 = EDGE_LOOP('',(#10654,#10655,#10681,#10682));
#10654 = ORIENTED_EDGE('',*,*,#10630,.T.);
#10655 = ORIENTED_EDGE('',*,*,#10656,.T.);
#10656 = EDGE_CURVE('',#10603,#10472,#10657,.T.);
#10657 = SURFACE_CURVE('',#10658,(#10662,#10669),.PCURVE_S1.);
#10658 = LINE('',#10659,#10660);
#10659 = CARTESIAN_POINT('',(2.,-3.553589838486,1.E-001));
#10660 = VECTOR('',#10661,1.);
#10661 = DIRECTION('',(1.,0.E+000,0.E+000));
#10662 = PCURVE('',#8524,#10663);
#10663 = DEFINITIONAL_REPRESENTATION('',(#10664),#10668);
#10664 = LINE('',#10665,#10666);
#10665 = CARTESIAN_POINT('',(0.E+000,-15.45358983848));
#10666 = VECTOR('',#10667,1.);
#10667 = DIRECTION('',(-1.,0.E+000));
#10668 = ( GEOMETRIC_REPRESENTATION_CONTEXT(2) 
PARAMETRIC_REPRESENTATION_CONTEXT() REPRESENTATION_CONTEXT('2D SPACE',''
  ) );
#10669 = PCURVE('',#10670,#10675);
#10670 = PLANE('',#10671);
#10671 = AXIS2_PLACEMENT_3D('',#10672,#10673,#10674);
#10672 = CARTESIAN_POINT('',(2.,-3.553589838486,1.E-001));
#10673 = DIRECTION('',(0.E+000,0.5,-0.866025403784));
#10674 = DIRECTION('',(0.E+000,0.866025403784,0.5));
#10675 = DEFINITIONAL_REPRESENTATION('',(#10676),#10680);
#10676 = LINE('',#10677,#10678);
#10677 = CARTESIAN_POINT('',(0.E+000,0.E+000));
#10678 = VECTOR('',#10679,1.);
#10679 = DIRECTION('',(0.E+000,1.));
#10680 = ( GEOMETRIC_REPRESENTATION_CONTEXT(2) 
PARAMETRIC_REPRESENTATION_CONTEXT() REPRESENTATION_CONTEXT('2D SPACE',''
  ) );
#10681 = ORIENTED_EDGE('',*,*,#10471,.F.);
#10682 = ORIENTED_EDGE('',*,*,#8506,.F.);
#10683 = ADVANCED_FACE('',(#10684),#10698,.F.);
#10684 = FACE_BOUND('',#10685,.T.);
#10685 = EDGE_LOOP('',(#10686,#10716,#10739,#10762));
#10686 = ORIENTED_EDGE('',*,*,#10687,.T.);
#10687 = EDGE_CURVE('',#10688,#10690,#10692,.T.);
#10688 = VERTEX_POINT('',#10689);
#10689 = CARTESIAN_POINT('',(2.2,-3.9,-1.E-001));
#10690 = VERTEX_POINT('',#10691);
#10691 = CARTESIAN_POINT('',(2.2,-3.9,-0.7));
#10692 = SURFACE_CURVE('',#10693,(#10697,#10709),.PCURVE_S1.);
#10693 = LINE('',#10694,#10695);
#10694 = CARTESIAN_POINT('',(2.2,-3.9,1.E-001));
#10695 = VECTOR('',#10696,1.);
#10696 = DIRECTION('',(0.E+000,0.E+000,-1.));
#10697 = PCURVE('',#10698,#10703);
#10698 = PLANE('',#10699);
#10699 = AXIS2_PLACEMENT_3D('',#10700,#10701,#10702);
#10700 = CARTESIAN_POINT('',(3.,-3.9,1.E-001));
#10701 = DIRECTION('',(0.E+000,1.,0.E+000));
#10702 = DIRECTION('',(0.E+000,0.E+000,1.));
#10703 = DEFINITIONAL_REPRESENTATION('',(#10704),#10708);
#10704 = LINE('',#10705,#10706);
#10705 = CARTESIAN_POINT('',(0.E+000,-0.8));
#10706 = VECTOR('',#10707,1.);
#10707 = DIRECTION('',(-1.,0.E+000));
#10708 = ( GEOMETRIC_REPRESENTATION_CONTEXT(2) 
PARAMETRIC_REPRESENTATION_CONTEXT() REPRESENTATION_CONTEXT('2D SPACE',''
  ) );
#10709 = PCURVE('',#10618,#10710);
#10710 = DEFINITIONAL_REPRESENTATION('',(#10711),#10715);
#10711 = LINE('',#10712,#10713);
#10712 = CARTESIAN_POINT('',(-0.4,1.));
#10713 = VECTOR('',#10714,1.);
#10714 = DIRECTION('',(0.E+000,-1.));
#10715 = ( GEOMETRIC_REPRESENTATION_CONTEXT(2) 
PARAMETRIC_REPRESENTATION_CONTEXT() REPRESENTATION_CONTEXT('2D SPACE',''
  ) );
#10716 = ORIENTED_EDGE('',*,*,#10717,.T.);
#10717 = EDGE_CURVE('',#10690,#10718,#10720,.T.);
#10718 = VERTEX_POINT('',#10719);
#10719 = CARTESIAN_POINT('',(2.8,-3.9,-0.7));
#10720 = SURFACE_CURVE('',#10721,(#10725,#10732),.PCURVE_S1.);
#10721 = LINE('',#10722,#10723);
#10722 = CARTESIAN_POINT('',(3.,-3.9,-0.7));
#10723 = VECTOR('',#10724,1.);
#10724 = DIRECTION('',(1.,0.E+000,4.336808689942E-016));
#10725 = PCURVE('',#10698,#10726);
#10726 = DEFINITIONAL_REPRESENTATION('',(#10727),#10731);
#10727 = LINE('',#10728,#10729);
#10728 = CARTESIAN_POINT('',(-0.8,4.440892098501E-016));
#10729 = VECTOR('',#10730,1.);
#10730 = DIRECTION('',(4.336808689942E-016,1.));
#10731 = ( GEOMETRIC_REPRESENTATION_CONTEXT(2) 
PARAMETRIC_REPRESENTATION_CONTEXT() REPRESENTATION_CONTEXT('2D SPACE',''
  ) );
#10732 = PCURVE('',#10564,#10733);
#10733 = DEFINITIONAL_REPRESENTATION('',(#10734),#10738);
#10734 = LINE('',#10735,#10736);
#10735 = CARTESIAN_POINT('',(0.4,1.));
#10736 = VECTOR('',#10737,1.);
#10737 = DIRECTION('',(2.168404344971E-016,1.));
#10738 = ( GEOMETRIC_REPRESENTATION_CONTEXT(2) 
PARAMETRIC_REPRESENTATION_CONTEXT() REPRESENTATION_CONTEXT('2D SPACE',''
  ) );
#10739 = ORIENTED_EDGE('',*,*,#10740,.T.);
#10740 = EDGE_CURVE('',#10718,#10741,#10743,.T.);
#10741 = VERTEX_POINT('',#10742);
#10742 = CARTESIAN_POINT('',(2.8,-3.9,-1.E-001));
#10743 = SURFACE_CURVE('',#10744,(#10748,#10755),.PCURVE_S1.);
#10744 = LINE('',#10745,#10746);
#10745 = CARTESIAN_POINT('',(2.8,-3.9,1.E-001));
#10746 = VECTOR('',#10747,1.);
#10747 = DIRECTION('',(0.E+000,0.E+000,1.));
#10748 = PCURVE('',#10698,#10749);
#10749 = DEFINITIONAL_REPRESENTATION('',(#10750),#10754);
#10750 = LINE('',#10751,#10752);
#10751 = CARTESIAN_POINT('',(0.E+000,-0.2));
#10752 = VECTOR('',#10753,1.);
#10753 = DIRECTION('',(1.,0.E+000));
#10754 = ( GEOMETRIC_REPRESENTATION_CONTEXT(2) 
PARAMETRIC_REPRESENTATION_CONTEXT() REPRESENTATION_CONTEXT('2D SPACE',''
  ) );
#10755 = PCURVE('',#10510,#10756);
#10756 = DEFINITIONAL_REPRESENTATION('',(#10757),#10761);
#10757 = LINE('',#10758,#10759);
#10758 = CARTESIAN_POINT('',(0.4,1.));
#10759 = VECTOR('',#10760,1.);
#10760 = DIRECTION('',(0.E+000,1.));
#10761 = ( GEOMETRIC_REPRESENTATION_CONTEXT(2) 
PARAMETRIC_REPRESENTATION_CONTEXT() REPRESENTATION_CONTEXT('2D SPACE',''
  ) );
#10762 = ORIENTED_EDGE('',*,*,#10763,.T.);
#10763 = EDGE_CURVE('',#10741,#10688,#10764,.T.);
#10764 = SURFACE_CURVE('',#10765,(#10769,#10776),.PCURVE_S1.);
#10765 = LINE('',#10766,#10767);
#10766 = CARTESIAN_POINT('',(3.,-3.9,-1.E-001));
#10767 = VECTOR('',#10768,1.);
#10768 = DIRECTION('',(-1.,0.E+000,0.E+000));
#10769 = PCURVE('',#10698,#10770);
#10770 = DEFINITIONAL_REPRESENTATION('',(#10771),#10775);
#10771 = LINE('',#10772,#10773);
#10772 = CARTESIAN_POINT('',(-0.2,0.E+000));
#10773 = VECTOR('',#10774,1.);
#10774 = DIRECTION('',(0.E+000,-1.));
#10775 = ( GEOMETRIC_REPRESENTATION_CONTEXT(2) 
PARAMETRIC_REPRESENTATION_CONTEXT() REPRESENTATION_CONTEXT('2D SPACE',''
  ) );
#10776 = PCURVE('',#10670,#10777);
#10777 = DEFINITIONAL_REPRESENTATION('',(#10778),#10782);
#10778 = LINE('',#10779,#10780);
#10779 = CARTESIAN_POINT('',(-0.4,1.));
#10780 = VECTOR('',#10781,1.);
#10781 = DIRECTION('',(0.E+000,-1.));
#10782 = ( GEOMETRIC_REPRESENTATION_CONTEXT(2) 
PARAMETRIC_REPRESENTATION_CONTEXT() REPRESENTATION_CONTEXT('2D SPACE',''
  ) );
#10783 = ADVANCED_FACE('',(#10784),#10670,.F.);
#10784 = FACE_BOUND('',#10785,.T.);
#10785 = EDGE_LOOP('',(#10786,#10807,#10808,#10829));
#10786 = ORIENTED_EDGE('',*,*,#10787,.F.);
#10787 = EDGE_CURVE('',#10688,#10603,#10788,.T.);
#10788 = SURFACE_CURVE('',#10789,(#10793,#10800),.PCURVE_S1.);
#10789 = LINE('',#10790,#10791);
#10790 = CARTESIAN_POINT('',(2.,-3.553589838486,1.E-001));
#10791 = VECTOR('',#10792,1.);
#10792 = DIRECTION('',(-0.4472135955,0.774596669241,0.4472135955));
#10793 = PCURVE('',#10670,#10794);
#10794 = DEFINITIONAL_REPRESENTATION('',(#10795),#10799);
#10795 = LINE('',#10796,#10797);
#10796 = CARTESIAN_POINT('',(0.E+000,0.E+000));
#10797 = VECTOR('',#10798,1.);
#10798 = DIRECTION('',(0.894427191,-0.4472135955));
#10799 = ( GEOMETRIC_REPRESENTATION_CONTEXT(2) 
PARAMETRIC_REPRESENTATION_CONTEXT() REPRESENTATION_CONTEXT('2D SPACE',''
  ) );
#10800 = PCURVE('',#10618,#10801);
#10801 = DEFINITIONAL_REPRESENTATION('',(#10802),#10806);
#10802 = LINE('',#10803,#10804);
#10803 = CARTESIAN_POINT('',(0.E+000,1.));
#10804 = VECTOR('',#10805,1.);
#10805 = DIRECTION('',(0.894427191,0.4472135955));
#10806 = ( GEOMETRIC_REPRESENTATION_CONTEXT(2) 
PARAMETRIC_REPRESENTATION_CONTEXT() REPRESENTATION_CONTEXT('2D SPACE',''
  ) );
#10807 = ORIENTED_EDGE('',*,*,#10763,.F.);
#10808 = ORIENTED_EDGE('',*,*,#10809,.F.);
#10809 = EDGE_CURVE('',#10472,#10741,#10810,.T.);
#10810 = SURFACE_CURVE('',#10811,(#10815,#10822),.PCURVE_S1.);
#10811 = LINE('',#10812,#10813);
#10812 = CARTESIAN_POINT('',(2.8,-3.9,-0.1));
#10813 = VECTOR('',#10814,1.);
#10814 = DIRECTION('',(-0.4472135955,-0.774596669241,-0.4472135955));
#10815 = PCURVE('',#10670,#10816);
#10816 = DEFINITIONAL_REPRESENTATION('',(#10817),#10821);
#10817 = LINE('',#10818,#10819);
#10818 = CARTESIAN_POINT('',(-0.4,0.8));
#10819 = VECTOR('',#10820,1.);
#10820 = DIRECTION('',(-0.894427191,-0.4472135955));
#10821 = ( GEOMETRIC_REPRESENTATION_CONTEXT(2) 
PARAMETRIC_REPRESENTATION_CONTEXT() REPRESENTATION_CONTEXT('2D SPACE',''
  ) );
#10822 = PCURVE('',#10510,#10823);
#10823 = DEFINITIONAL_REPRESENTATION('',(#10824),#10828);
#10824 = LINE('',#10825,#10826);
#10825 = CARTESIAN_POINT('',(0.4,0.8));
#10826 = VECTOR('',#10827,1.);
#10827 = DIRECTION('',(0.894427191,-0.4472135955));
#10828 = ( GEOMETRIC_REPRESENTATION_CONTEXT(2) 
PARAMETRIC_REPRESENTATION_CONTEXT() REPRESENTATION_CONTEXT('2D SPACE',''
  ) );
#10829 = ORIENTED_EDGE('',*,*,#10656,.F.);
#10830 = ADVANCED_FACE('',(#10831),#10510,.F.);
#10831 = FACE_BOUND('',#10832,.T.);
#10832 = EDGE_LOOP('',(#10833,#10834,#10835,#10856));
#10833 = ORIENTED_EDGE('',*,*,#10809,.T.);
#10834 = ORIENTED_EDGE('',*,*,#10740,.F.);
#10835 = ORIENTED_EDGE('',*,*,#10836,.F.);
#10836 = EDGE_CURVE('',#10495,#10718,#10837,.T.);
#10837 = SURFACE_CURVE('',#10838,(#10842,#10849),.PCURVE_S1.);
#10838 = LINE('',#10839,#10840);
#10839 = CARTESIAN_POINT('',(3.,-3.553589838486,-0.9));
#10840 = VECTOR('',#10841,1.);
#10841 = DIRECTION('',(-0.4472135955,-0.774596669241,0.4472135955));
#10842 = PCURVE('',#10510,#10843);
#10843 = DEFINITIONAL_REPRESENTATION('',(#10844),#10848);
#10844 = LINE('',#10845,#10846);
#10845 = CARTESIAN_POINT('',(0.E+000,0.E+000));
#10846 = VECTOR('',#10847,1.);
#10847 = DIRECTION('',(0.894427191,0.4472135955));
#10848 = ( GEOMETRIC_REPRESENTATION_CONTEXT(2) 
PARAMETRIC_REPRESENTATION_CONTEXT() REPRESENTATION_CONTEXT('2D SPACE',''
  ) );
#10849 = PCURVE('',#10564,#10850);
#10850 = DEFINITIONAL_REPRESENTATION('',(#10851),#10855);
#10851 = LINE('',#10852,#10853);
#10852 = CARTESIAN_POINT('',(2.22044604925E-016,1.));
#10853 = VECTOR('',#10854,1.);
#10854 = DIRECTION('',(0.894427191,-0.4472135955));
#10855 = ( GEOMETRIC_REPRESENTATION_CONTEXT(2) 
PARAMETRIC_REPRESENTATION_CONTEXT() REPRESENTATION_CONTEXT('2D SPACE',''
  ) );
#10856 = ORIENTED_EDGE('',*,*,#10494,.F.);
#10857 = ADVANCED_FACE('',(#10858),#10618,.F.);
#10858 = FACE_BOUND('',#10859,.T.);
#10859 = EDGE_LOOP('',(#10860,#10861,#10862,#10883));
#10860 = ORIENTED_EDGE('',*,*,#10787,.T.);
#10861 = ORIENTED_EDGE('',*,*,#10602,.F.);
#10862 = ORIENTED_EDGE('',*,*,#10863,.F.);
#10863 = EDGE_CURVE('',#10690,#10549,#10864,.T.);
#10864 = SURFACE_CURVE('',#10865,(#10869,#10876),.PCURVE_S1.);
#10865 = LINE('',#10866,#10867);
#10866 = CARTESIAN_POINT('',(2.,-3.553589838486,-0.9));
#10867 = VECTOR('',#10868,1.);
#10868 = DIRECTION('',(-0.4472135955,0.774596669241,-0.4472135955));
#10869 = PCURVE('',#10618,#10870);
#10870 = DEFINITIONAL_REPRESENTATION('',(#10871),#10875);
#10871 = LINE('',#10872,#10873);
#10872 = CARTESIAN_POINT('',(0.E+000,0.E+000));
#10873 = VECTOR('',#10874,1.);
#10874 = DIRECTION('',(0.894427191,-0.4472135955));
#10875 = ( GEOMETRIC_REPRESENTATION_CONTEXT(2) 
PARAMETRIC_REPRESENTATION_CONTEXT() REPRESENTATION_CONTEXT('2D SPACE',''
  ) );
#10876 = PCURVE('',#10564,#10877);
#10877 = DEFINITIONAL_REPRESENTATION('',(#10878),#10882);
#10878 = LINE('',#10879,#10880);
#10879 = CARTESIAN_POINT('',(0.E+000,0.E+000));
#10880 = VECTOR('',#10881,1.);
#10881 = DIRECTION('',(-0.894427191,-0.4472135955));
#10882 = ( GEOMETRIC_REPRESENTATION_CONTEXT(2) 
PARAMETRIC_REPRESENTATION_CONTEXT() REPRESENTATION_CONTEXT('2D SPACE',''
  ) );
#10883 = ORIENTED_EDGE('',*,*,#10687,.F.);
#10884 = ADVANCED_FACE('',(#10885),#10564,.F.);
#10885 = FACE_BOUND('',#10886,.T.);
#10886 = EDGE_LOOP('',(#10887,#10888,#10889,#10890));
#10887 = ORIENTED_EDGE('',*,*,#10836,.T.);
#10888 = ORIENTED_EDGE('',*,*,#10717,.F.);
#10889 = ORIENTED_EDGE('',*,*,#10863,.T.);
#10890 = ORIENTED_EDGE('',*,*,#10548,.F.);
#10891 = ADVANCED_FACE('',(#10892),#10038,.F.);
#10892 = FACE_BOUND('',#10893,.T.);
#10893 = EDGE_LOOP('',(#10894,#10915,#10916,#10937));
#10894 = ORIENTED_EDGE('',*,*,#10895,.F.);
#10895 = EDGE_CURVE('',#10056,#9971,#10896,.T.);
#10896 = SURFACE_CURVE('',#10897,(#10901,#10908),.PCURVE_S1.);
#10897 = LINE('',#10898,#10899);
#10898 = CARTESIAN_POINT('',(-3.,-3.553589838486,1.E-001));
#10899 = VECTOR('',#10900,1.);
#10900 = DIRECTION('',(-0.4472135955,0.774596669241,0.4472135955));
#10901 = PCURVE('',#10038,#10902);
#10902 = DEFINITIONAL_REPRESENTATION('',(#10903),#10907);
#10903 = LINE('',#10904,#10905);
#10904 = CARTESIAN_POINT('',(0.E+000,0.E+000));
#10905 = VECTOR('',#10906,1.);
#10906 = DIRECTION('',(0.894427191,-0.4472135955));
#10907 = ( GEOMETRIC_REPRESENTATION_CONTEXT(2) 
PARAMETRIC_REPRESENTATION_CONTEXT() REPRESENTATION_CONTEXT('2D SPACE',''
  ) );
#10908 = PCURVE('',#9986,#10909);
#10909 = DEFINITIONAL_REPRESENTATION('',(#10910),#10914);
#10910 = LINE('',#10911,#10912);
#10911 = CARTESIAN_POINT('',(0.E+000,1.));
#10912 = VECTOR('',#10913,1.);
#10913 = DIRECTION('',(0.894427191,0.4472135955));
#10914 = ( GEOMETRIC_REPRESENTATION_CONTEXT(2) 
PARAMETRIC_REPRESENTATION_CONTEXT() REPRESENTATION_CONTEXT('2D SPACE',''
  ) );
#10915 = ORIENTED_EDGE('',*,*,#10131,.F.);
#10916 = ORIENTED_EDGE('',*,*,#10917,.F.);
#10917 = EDGE_CURVE('',#9840,#10109,#10918,.T.);
#10918 = SURFACE_CURVE('',#10919,(#10923,#10930),.PCURVE_S1.);
#10919 = LINE('',#10920,#10921);
#10920 = CARTESIAN_POINT('',(-2.2,-3.9,-0.1));
#10921 = VECTOR('',#10922,1.);
#10922 = DIRECTION('',(-0.4472135955,-0.774596669241,-0.4472135955));
#10923 = PCURVE('',#10038,#10924);
#10924 = DEFINITIONAL_REPRESENTATION('',(#10925),#10929);
#10925 = LINE('',#10926,#10927);
#10926 = CARTESIAN_POINT('',(-0.4,0.8));
#10927 = VECTOR('',#10928,1.);
#10928 = DIRECTION('',(-0.894427191,-0.4472135955));
#10929 = ( GEOMETRIC_REPRESENTATION_CONTEXT(2) 
PARAMETRIC_REPRESENTATION_CONTEXT() REPRESENTATION_CONTEXT('2D SPACE',''
  ) );
#10930 = PCURVE('',#9878,#10931);
#10931 = DEFINITIONAL_REPRESENTATION('',(#10932),#10936);
#10932 = LINE('',#10933,#10934);
#10933 = CARTESIAN_POINT('',(0.4,0.8));
#10934 = VECTOR('',#10935,1.);
#10935 = DIRECTION('',(0.894427191,-0.4472135955));
#10936 = ( GEOMETRIC_REPRESENTATION_CONTEXT(2) 
PARAMETRIC_REPRESENTATION_CONTEXT() REPRESENTATION_CONTEXT('2D SPACE',''
  ) );
#10937 = ORIENTED_EDGE('',*,*,#10024,.F.);
#10938 = ADVANCED_FACE('',(#10939),#9878,.F.);
#10939 = FACE_BOUND('',#10940,.T.);
#10940 = EDGE_LOOP('',(#10941,#10942,#10943,#10964));
#10941 = ORIENTED_EDGE('',*,*,#10917,.T.);
#10942 = ORIENTED_EDGE('',*,*,#10108,.F.);
#10943 = ORIENTED_EDGE('',*,*,#10944,.F.);
#10944 = EDGE_CURVE('',#9863,#10086,#10945,.T.);
#10945 = SURFACE_CURVE('',#10946,(#10950,#10957),.PCURVE_S1.);
#10946 = LINE('',#10947,#10948);
#10947 = CARTESIAN_POINT('',(-2.,-3.553589838486,-0.9));
#10948 = VECTOR('',#10949,1.);
#10949 = DIRECTION('',(-0.4472135955,-0.774596669241,0.4472135955));
#10950 = PCURVE('',#9878,#10951);
#10951 = DEFINITIONAL_REPRESENTATION('',(#10952),#10956);
#10952 = LINE('',#10953,#10954);
#10953 = CARTESIAN_POINT('',(0.E+000,0.E+000));
#10954 = VECTOR('',#10955,1.);
#10955 = DIRECTION('',(0.894427191,0.4472135955));
#10956 = ( GEOMETRIC_REPRESENTATION_CONTEXT(2) 
PARAMETRIC_REPRESENTATION_CONTEXT() REPRESENTATION_CONTEXT('2D SPACE',''
  ) );
#10957 = PCURVE('',#9932,#10958);
#10958 = DEFINITIONAL_REPRESENTATION('',(#10959),#10963);
#10959 = LINE('',#10960,#10961);
#10960 = CARTESIAN_POINT('',(0.E+000,1.));
#10961 = VECTOR('',#10962,1.);
#10962 = DIRECTION('',(0.894427191,-0.4472135955));
#10963 = ( GEOMETRIC_REPRESENTATION_CONTEXT(2) 
PARAMETRIC_REPRESENTATION_CONTEXT() REPRESENTATION_CONTEXT('2D SPACE',''
  ) );
#10964 = ORIENTED_EDGE('',*,*,#9862,.F.);
#10965 = ADVANCED_FACE('',(#10966),#9986,.F.);
#10966 = FACE_BOUND('',#10967,.T.);
#10967 = EDGE_LOOP('',(#10968,#10969,#10970,#10991));
#10968 = ORIENTED_EDGE('',*,*,#10895,.T.);
#10969 = ORIENTED_EDGE('',*,*,#9970,.F.);
#10970 = ORIENTED_EDGE('',*,*,#10971,.F.);
#10971 = EDGE_CURVE('',#10058,#9917,#10972,.T.);
#10972 = SURFACE_CURVE('',#10973,(#10977,#10984),.PCURVE_S1.);
#10973 = LINE('',#10974,#10975);
#10974 = CARTESIAN_POINT('',(-3.,-3.553589838486,-0.9));
#10975 = VECTOR('',#10976,1.);
#10976 = DIRECTION('',(-0.4472135955,0.774596669241,-0.4472135955));
#10977 = PCURVE('',#9986,#10978);
#10978 = DEFINITIONAL_REPRESENTATION('',(#10979),#10983);
#10979 = LINE('',#10980,#10981);
#10980 = CARTESIAN_POINT('',(0.E+000,0.E+000));
#10981 = VECTOR('',#10982,1.);
#10982 = DIRECTION('',(0.894427191,-0.4472135955));
#10983 = ( GEOMETRIC_REPRESENTATION_CONTEXT(2) 
PARAMETRIC_REPRESENTATION_CONTEXT() REPRESENTATION_CONTEXT('2D SPACE',''
  ) );
#10984 = PCURVE('',#9932,#10985);
#10985 = DEFINITIONAL_REPRESENTATION('',(#10986),#10990);
#10986 = LINE('',#10987,#10988);
#10987 = CARTESIAN_POINT('',(0.E+000,0.E+000));
#10988 = VECTOR('',#10989,1.);
#10989 = DIRECTION('',(-0.894427191,-0.4472135955));
#10990 = ( GEOMETRIC_REPRESENTATION_CONTEXT(2) 
PARAMETRIC_REPRESENTATION_CONTEXT() REPRESENTATION_CONTEXT('2D SPACE',''
  ) );
#10991 = ORIENTED_EDGE('',*,*,#10055,.F.);
#10992 = ADVANCED_FACE('',(#10993),#9932,.F.);
#10993 = FACE_BOUND('',#10994,.T.);
#10994 = EDGE_LOOP('',(#10995,#10996,#10997,#10998));
#10995 = ORIENTED_EDGE('',*,*,#10944,.T.);
#10996 = ORIENTED_EDGE('',*,*,#10085,.F.);
#10997 = ORIENTED_EDGE('',*,*,#10971,.T.);
#10998 = ORIENTED_EDGE('',*,*,#9916,.F.);
#10999 = ADVANCED_FACE('',(#11000),#10260,.T.);
#11000 = FACE_BOUND('',#11001,.T.);
#11001 = EDGE_LOOP('',(#11002,#11023,#11024,#11045));
#11002 = ORIENTED_EDGE('',*,*,#11003,.F.);
#11003 = EDGE_CURVE('',#10397,#10219,#11004,.T.);
#11004 = SURFACE_CURVE('',#11005,(#11009,#11016),.PCURVE_S1.);
#11005 = LINE('',#11006,#11007);
#11006 = CARTESIAN_POINT('',(2.373479907706,12.061721543938,
    -0.273479907706));
#11007 = VECTOR('',#11008,1.);
#11008 = DIRECTION('',(-0.654653670708,0.377964473009,0.654653670708));
#11009 = PCURVE('',#10260,#11010);
#11010 = DEFINITIONAL_REPRESENTATION('',(#11011),#11015);
#11011 = LINE('',#11012,#11013);
#11012 = CARTESIAN_POINT('',(0.323443087877,-0.626520092294));
#11013 = VECTOR('',#11014,1.);
#11014 = DIRECTION('',(0.755928946018,-0.654653670708));
#11015 = ( GEOMETRIC_REPRESENTATION_CONTEXT(2) 
PARAMETRIC_REPRESENTATION_CONTEXT() REPRESENTATION_CONTEXT('2D SPACE',''
  ) );
#11016 = PCURVE('',#10234,#11017);
#11017 = DEFINITIONAL_REPRESENTATION('',(#11018),#11022);
#11018 = LINE('',#11019,#11020);
#11019 = CARTESIAN_POINT('',(0.323443087877,-0.373479907706));
#11020 = VECTOR('',#11021,1.);
#11021 = DIRECTION('',(0.755928946018,0.654653670708));
#11022 = ( GEOMETRIC_REPRESENTATION_CONTEXT(2) 
PARAMETRIC_REPRESENTATION_CONTEXT() REPRESENTATION_CONTEXT('2D SPACE',''
  ) );
#11023 = ORIENTED_EDGE('',*,*,#10396,.F.);
#11024 = ORIENTED_EDGE('',*,*,#11025,.F.);
#11025 = EDGE_CURVE('',#10156,#10348,#11026,.T.);
#11026 = SURFACE_CURVE('',#11027,(#11031,#11038),.PCURVE_S1.);
#11027 = LINE('',#11028,#11029);
#11028 = CARTESIAN_POINT('',(2.626520092294,12.061721543938,
    -0.273479907706));
#11029 = VECTOR('',#11030,1.);
#11030 = DIRECTION('',(-0.654653670708,-0.377964473009,-0.654653670708)
  );
#11031 = PCURVE('',#10260,#11032);
#11032 = DEFINITIONAL_REPRESENTATION('',(#11033),#11037);
#11033 = LINE('',#11034,#11035);
#11034 = CARTESIAN_POINT('',(0.323443087877,-0.373479907706));
#11035 = VECTOR('',#11036,1.);
#11036 = DIRECTION('',(-0.755928946018,-0.654653670708));
#11037 = ( GEOMETRIC_REPRESENTATION_CONTEXT(2) 
PARAMETRIC_REPRESENTATION_CONTEXT() REPRESENTATION_CONTEXT('2D SPACE',''
  ) );
#11038 = PCURVE('',#10178,#11039);
#11039 = DEFINITIONAL_REPRESENTATION('',(#11040),#11044);
#11040 = LINE('',#11041,#11042);
#11041 = CARTESIAN_POINT('',(-0.323443087877,-0.373479907706));
#11042 = VECTOR('',#11043,1.);
#11043 = DIRECTION('',(0.755928946018,-0.654653670708));
#11044 = ( GEOMETRIC_REPRESENTATION_CONTEXT(2) 
PARAMETRIC_REPRESENTATION_CONTEXT() REPRESENTATION_CONTEXT('2D SPACE',''
  ) );
#11045 = ORIENTED_EDGE('',*,*,#10246,.F.);
#11046 = ADVANCED_FACE('',(#11047),#10178,.T.);
#11047 = FACE_BOUND('',#11048,.T.);
#11048 = EDGE_LOOP('',(#11049,#11050,#11051,#11072));
#11049 = ORIENTED_EDGE('',*,*,#11025,.T.);
#11050 = ORIENTED_EDGE('',*,*,#10347,.F.);
#11051 = ORIENTED_EDGE('',*,*,#11052,.F.);
#11052 = EDGE_CURVE('',#10158,#10299,#11053,.T.);
#11053 = SURFACE_CURVE('',#11054,(#11058,#11065),.PCURVE_S1.);
#11054 = LINE('',#11055,#11056);
#11055 = CARTESIAN_POINT('',(2.197948663722,11.814285714286,
    -9.794866372216E-002));
#11056 = VECTOR('',#11057,1.);
#11057 = DIRECTION('',(-0.654653670708,-0.377964473009,0.654653670708));
#11058 = PCURVE('',#10178,#11059);
#11059 = DEFINITIONAL_REPRESENTATION('',(#11060),#11064);
#11060 = LINE('',#11061,#11062);
#11061 = CARTESIAN_POINT('',(0.171428571429,-0.197948663722));
#11062 = VECTOR('',#11063,1.);
#11063 = DIRECTION('',(0.755928946018,0.654653670708));
#11064 = ( GEOMETRIC_REPRESENTATION_CONTEXT(2) 
PARAMETRIC_REPRESENTATION_CONTEXT() REPRESENTATION_CONTEXT('2D SPACE',''
  ) );
#11065 = PCURVE('',#10206,#11066);
#11066 = DEFINITIONAL_REPRESENTATION('',(#11067),#11071);
#11067 = LINE('',#11068,#11069);
#11068 = CARTESIAN_POINT('',(0.171428571429,-0.802051336278));
#11069 = VECTOR('',#11070,1.);
#11070 = DIRECTION('',(0.755928946018,-0.654653670708));
#11071 = ( GEOMETRIC_REPRESENTATION_CONTEXT(2) 
PARAMETRIC_REPRESENTATION_CONTEXT() REPRESENTATION_CONTEXT('2D SPACE',''
  ) );
#11072 = ORIENTED_EDGE('',*,*,#10155,.F.);
#11073 = ADVANCED_FACE('',(#11074),#10234,.T.);
#11074 = FACE_BOUND('',#11075,.T.);
#11075 = EDGE_LOOP('',(#11076,#11077,#11078,#11099));
#11076 = ORIENTED_EDGE('',*,*,#11003,.T.);
#11077 = ORIENTED_EDGE('',*,*,#10218,.F.);
#11078 = ORIENTED_EDGE('',*,*,#11079,.F.);
#11079 = EDGE_CURVE('',#10276,#10191,#11080,.T.);
#11080 = SURFACE_CURVE('',#11081,(#11085,#11092),.PCURVE_S1.);
#11081 = LINE('',#11082,#11083);
#11082 = CARTESIAN_POINT('',(2.802051336278,11.814285714286,
    -9.794866372216E-002));
#11083 = VECTOR('',#11084,1.);
#11084 = DIRECTION('',(-0.654653670708,0.377964473009,-0.654653670708));
#11085 = PCURVE('',#10234,#11086);
#11086 = DEFINITIONAL_REPRESENTATION('',(#11087),#11091);
#11087 = LINE('',#11088,#11089);
#11088 = CARTESIAN_POINT('',(-0.171428571429,-0.197948663722));
#11089 = VECTOR('',#11090,1.);
#11090 = DIRECTION('',(0.755928946018,-0.654653670708));
#11091 = ( GEOMETRIC_REPRESENTATION_CONTEXT(2) 
PARAMETRIC_REPRESENTATION_CONTEXT() REPRESENTATION_CONTEXT('2D SPACE',''
  ) );
#11092 = PCURVE('',#10206,#11093);
#11093 = DEFINITIONAL_REPRESENTATION('',(#11094),#11098);
#11094 = LINE('',#11095,#11096);
#11095 = CARTESIAN_POINT('',(0.171428571429,-0.197948663722));
#11096 = VECTOR('',#11097,1.);
#11097 = DIRECTION('',(-0.755928946018,-0.654653670708));
#11098 = ( GEOMETRIC_REPRESENTATION_CONTEXT(2) 
PARAMETRIC_REPRESENTATION_CONTEXT() REPRESENTATION_CONTEXT('2D SPACE',''
  ) );
#11099 = ORIENTED_EDGE('',*,*,#10445,.F.);
#11100 = ADVANCED_FACE('',(#11101),#10206,.T.);
#11101 = FACE_BOUND('',#11102,.T.);
#11102 = EDGE_LOOP('',(#11103,#11104,#11105,#11106));
#11103 = ORIENTED_EDGE('',*,*,#11052,.T.);
#11104 = ORIENTED_EDGE('',*,*,#10298,.F.);
#11105 = ORIENTED_EDGE('',*,*,#11079,.T.);
#11106 = ORIENTED_EDGE('',*,*,#10190,.F.);
#11107 = ADVANCED_FACE('',(#11108),#9628,.T.);
#11108 = FACE_BOUND('',#11109,.T.);
#11109 = EDGE_LOOP('',(#11110,#11131,#11132,#11153));
#11110 = ORIENTED_EDGE('',*,*,#11111,.F.);
#11111 = EDGE_CURVE('',#9667,#9587,#11112,.T.);
#11112 = SURFACE_CURVE('',#11113,(#11117,#11124),.PCURVE_S1.);
#11113 = LINE('',#11114,#11115);
#11114 = CARTESIAN_POINT('',(-2.802051336278,11.814285714286,
    -9.794866372216E-002));
#11115 = VECTOR('',#11116,1.);
#11116 = DIRECTION('',(0.654653670708,0.377964473009,-0.654653670708));
#11117 = PCURVE('',#9628,#11118);
#11118 = DEFINITIONAL_REPRESENTATION('',(#11119),#11123);
#11119 = LINE('',#11120,#11121);
#11120 = CARTESIAN_POINT('',(0.171428571429,-0.802051336278));
#11121 = VECTOR('',#11122,1.);
#11122 = DIRECTION('',(-0.755928946018,0.654653670708));
#11123 = ( GEOMETRIC_REPRESENTATION_CONTEXT(2) 
PARAMETRIC_REPRESENTATION_CONTEXT() REPRESENTATION_CONTEXT('2D SPACE',''
  ) );
#11124 = PCURVE('',#9602,#11125);
#11125 = DEFINITIONAL_REPRESENTATION('',(#11126),#11130);
#11126 = LINE('',#11127,#11128);
#11127 = CARTESIAN_POINT('',(0.171428571429,-0.197948663722));
#11128 = VECTOR('',#11129,1.);
#11129 = DIRECTION('',(-0.755928946018,-0.654653670708));
#11130 = ( GEOMETRIC_REPRESENTATION_CONTEXT(2) 
PARAMETRIC_REPRESENTATION_CONTEXT() REPRESENTATION_CONTEXT('2D SPACE',''
  ) );
#11131 = ORIENTED_EDGE('',*,*,#9666,.F.);
#11132 = ORIENTED_EDGE('',*,*,#11133,.F.);
#11133 = EDGE_CURVE('',#9524,#9644,#11134,.T.);
#11134 = SURFACE_CURVE('',#11135,(#11139,#11146),.PCURVE_S1.);
#11135 = LINE('',#11136,#11137);
#11136 = CARTESIAN_POINT('',(-2.197948663722,11.814285714286,
    -9.794866372216E-002));
#11137 = VECTOR('',#11138,1.);
#11138 = DIRECTION('',(0.654653670708,-0.377964473009,0.654653670708));
#11139 = PCURVE('',#9628,#11140);
#11140 = DEFINITIONAL_REPRESENTATION('',(#11141),#11145);
#11141 = LINE('',#11142,#11143);
#11142 = CARTESIAN_POINT('',(0.171428571429,-0.197948663722));
#11143 = VECTOR('',#11144,1.);
#11144 = DIRECTION('',(0.755928946018,0.654653670708));
#11145 = ( GEOMETRIC_REPRESENTATION_CONTEXT(2) 
PARAMETRIC_REPRESENTATION_CONTEXT() REPRESENTATION_CONTEXT('2D SPACE',''
  ) );
#11146 = PCURVE('',#9546,#11147);
#11147 = DEFINITIONAL_REPRESENTATION('',(#11148),#11152);
#11148 = LINE('',#11149,#11150);
#11149 = CARTESIAN_POINT('',(-0.171428571429,-0.197948663722));
#11150 = VECTOR('',#11151,1.);
#11151 = DIRECTION('',(-0.755928946018,0.654653670708));
#11152 = ( GEOMETRIC_REPRESENTATION_CONTEXT(2) 
PARAMETRIC_REPRESENTATION_CONTEXT() REPRESENTATION_CONTEXT('2D SPACE',''
  ) );
#11153 = ORIENTED_EDGE('',*,*,#9614,.F.);
#11154 = ADVANCED_FACE('',(#11155),#9546,.T.);
#11155 = FACE_BOUND('',#11156,.T.);
#11156 = EDGE_LOOP('',(#11157,#11158,#11159,#11180));
#11157 = ORIENTED_EDGE('',*,*,#11133,.T.);
#11158 = ORIENTED_EDGE('',*,*,#9813,.F.);
#11159 = ORIENTED_EDGE('',*,*,#11160,.F.);
#11160 = EDGE_CURVE('',#9526,#9765,#11161,.T.);
#11161 = SURFACE_CURVE('',#11162,(#11166,#11173),.PCURVE_S1.);
#11162 = LINE('',#11163,#11164);
#11163 = CARTESIAN_POINT('',(-2.626520092294,12.061721543938,
    -0.273479907706));
#11164 = VECTOR('',#11165,1.);
#11165 = DIRECTION('',(0.654653670708,-0.377964473009,-0.654653670708));
#11166 = PCURVE('',#9546,#11167);
#11167 = DEFINITIONAL_REPRESENTATION('',(#11168),#11172);
#11168 = LINE('',#11169,#11170);
#11169 = CARTESIAN_POINT('',(0.323443087877,-0.373479907706));
#11170 = VECTOR('',#11171,1.);
#11171 = DIRECTION('',(-0.755928946018,-0.654653670708));
#11172 = ( GEOMETRIC_REPRESENTATION_CONTEXT(2) 
PARAMETRIC_REPRESENTATION_CONTEXT() REPRESENTATION_CONTEXT('2D SPACE',''
  ) );
#11173 = PCURVE('',#9574,#11174);
#11174 = DEFINITIONAL_REPRESENTATION('',(#11175),#11179);
#11175 = LINE('',#11176,#11177);
#11176 = CARTESIAN_POINT('',(0.323443087877,-0.626520092294));
#11177 = VECTOR('',#11178,1.);
#11178 = DIRECTION('',(-0.755928946018,0.654653670708));
#11179 = ( GEOMETRIC_REPRESENTATION_CONTEXT(2) 
PARAMETRIC_REPRESENTATION_CONTEXT() REPRESENTATION_CONTEXT('2D SPACE',''
  ) );
#11180 = ORIENTED_EDGE('',*,*,#9523,.F.);
#11181 = ADVANCED_FACE('',(#11182),#9602,.T.);
#11182 = FACE_BOUND('',#11183,.T.);
#11183 = EDGE_LOOP('',(#11184,#11185,#11186,#11207));
#11184 = ORIENTED_EDGE('',*,*,#11111,.T.);
#11185 = ORIENTED_EDGE('',*,*,#9586,.F.);
#11186 = ORIENTED_EDGE('',*,*,#11187,.F.);
#11187 = EDGE_CURVE('',#9716,#9559,#11188,.T.);
#11188 = SURFACE_CURVE('',#11189,(#11193,#11200),.PCURVE_S1.);
#11189 = LINE('',#11190,#11191);
#11190 = CARTESIAN_POINT('',(-2.373479907706,12.061721543938,
    -0.273479907706));
#11191 = VECTOR('',#11192,1.);
#11192 = DIRECTION('',(0.654653670708,0.377964473009,0.654653670708));
#11193 = PCURVE('',#9602,#11194);
#11194 = DEFINITIONAL_REPRESENTATION('',(#11195),#11199);
#11195 = LINE('',#11196,#11197);
#11196 = CARTESIAN_POINT('',(-0.323443087877,-0.373479907706));
#11197 = VECTOR('',#11198,1.);
#11198 = DIRECTION('',(-0.755928946018,0.654653670708));
#11199 = ( GEOMETRIC_REPRESENTATION_CONTEXT(2) 
PARAMETRIC_REPRESENTATION_CONTEXT() REPRESENTATION_CONTEXT('2D SPACE',''
  ) );
#11200 = PCURVE('',#9574,#11201);
#11201 = DEFINITIONAL_REPRESENTATION('',(#11202),#11206);
#11202 = LINE('',#11203,#11204);
#11203 = CARTESIAN_POINT('',(0.323443087877,-0.373479907706));
#11204 = VECTOR('',#11205,1.);
#11205 = DIRECTION('',(0.755928946018,0.654653670708));
#11206 = ( GEOMETRIC_REPRESENTATION_CONTEXT(2) 
PARAMETRIC_REPRESENTATION_CONTEXT() REPRESENTATION_CONTEXT('2D SPACE',''
  ) );
#11207 = ORIENTED_EDGE('',*,*,#9715,.F.);
#11208 = ADVANCED_FACE('',(#11209),#9574,.T.);
#11209 = FACE_BOUND('',#11210,.T.);
#11210 = EDGE_LOOP('',(#11211,#11212,#11213,#11214));
#11211 = ORIENTED_EDGE('',*,*,#11160,.T.);
#11212 = ORIENTED_EDGE('',*,*,#9764,.F.);
#11213 = ORIENTED_EDGE('',*,*,#11187,.T.);
#11214 = ORIENTED_EDGE('',*,*,#9558,.F.);
#11215 = ADVANCED_FACE('',(#11216),#8306,.F.);
#11216 = FACE_BOUND('',#11217,.T.);
#11217 = EDGE_LOOP('',(#11218,#11219,#11220,#11241));
#11218 = ORIENTED_EDGE('',*,*,#8283,.T.);
#11219 = ORIENTED_EDGE('',*,*,#9206,.F.);
#11220 = ORIENTED_EDGE('',*,*,#11221,.F.);
#11221 = EDGE_CURVE('',#9327,#9184,#11222,.T.);
#11222 = SURFACE_CURVE('',#11223,(#11227,#11234),.PCURVE_S1.);
#11223 = LINE('',#11224,#11225);
#11224 = CARTESIAN_POINT('',(-5.,10.,3.7));
#11225 = VECTOR('',#11226,1.);
#11226 = DIRECTION('',(1.,0.E+000,0.E+000));
#11227 = PCURVE('',#8306,#11228);
#11228 = DEFINITIONAL_REPRESENTATION('',(#11229),#11233);
#11229 = LINE('',#11230,#11231);
#11230 = CARTESIAN_POINT('',(0.E+000,0.E+000));
#11231 = VECTOR('',#11232,1.);
#11232 = DIRECTION('',(-1.,0.E+000));
#11233 = ( GEOMETRIC_REPRESENTATION_CONTEXT(2) 
PARAMETRIC_REPRESENTATION_CONTEXT() REPRESENTATION_CONTEXT('2D SPACE',''
  ) );
#11234 = PCURVE('',#8268,#11235);
#11235 = DEFINITIONAL_REPRESENTATION('',(#11236),#11240);
#11236 = LINE('',#11237,#11238);
#11237 = CARTESIAN_POINT('',(0.E+000,0.E+000));
#11238 = VECTOR('',#11239,1.);
#11239 = DIRECTION('',(0.E+000,1.));
#11240 = ( GEOMETRIC_REPRESENTATION_CONTEXT(2) 
PARAMETRIC_REPRESENTATION_CONTEXT() REPRESENTATION_CONTEXT('2D SPACE',''
  ) );
#11241 = ORIENTED_EDGE('',*,*,#9326,.T.);
#11242 = ADVANCED_FACE('',(#11243),#8268,.T.);
#11243 = FACE_BOUND('',#11244,.T.);
#11244 = EDGE_LOOP('',(#11245,#11246,#11247,#11248));
#11245 = ORIENTED_EDGE('',*,*,#9349,.T.);
#11246 = ORIENTED_EDGE('',*,*,#11221,.T.);
#11247 = ORIENTED_EDGE('',*,*,#9183,.T.);
#11248 = ORIENTED_EDGE('',*,*,#8254,.T.);
#11249 = ADVANCED_FACE('',(#11250),#9005,.F.);
#11250 = FACE_BOUND('',#11251,.T.);
#11251 = EDGE_LOOP('',(#11252,#11253,#11254,#11255));
#11252 = ORIENTED_EDGE('',*,*,#9065,.F.);
#11253 = ORIENTED_EDGE('',*,*,#8989,.F.);
#11254 = ORIENTED_EDGE('',*,*,#9302,.F.);
#11255 = ORIENTED_EDGE('',*,*,#9490,.F.);
#11256 = ADVANCED_FACE('',(#11257),#8214,.F.);
#11257 = FACE_BOUND('',#11258,.T.);
#11258 = EDGE_LOOP('',(#11259,#11260,#11261,#11262));
#11259 = ORIENTED_EDGE('',*,*,#9371,.F.);
#11260 = ORIENTED_EDGE('',*,*,#8198,.F.);
#11261 = ORIENTED_EDGE('',*,*,#9161,.F.);
#11262 = ORIENTED_EDGE('',*,*,#9443,.F.);
#11263 = ( GEOMETRIC_REPRESENTATION_CONTEXT(3) 
GLOBAL_UNCERTAINTY_ASSIGNED_CONTEXT((#11267)) 
GLOBAL_UNIT_ASSIGNED_CONTEXT((#11264,#11265,#11266)) 
REPRESENTATION_CONTEXT('Context #1',
  '3D Context with UNIT and UNCERTAINTY') );
#11264 = ( LENGTH_UNIT() NAMED_UNIT(*) SI_UNIT(.MILLI.,.METRE.) );
#11265 = ( NAMED_UNIT(*) PLANE_ANGLE_UNIT() SI_UNIT($,.RADIAN.) );
#11266 = ( NAMED_UNIT(*) SI_UNIT($,.STERADIAN.) SOLID_ANGLE_UNIT() );
#11267 = UNCERTAINTY_MEASURE_WITH_UNIT(LENGTH_MEASURE(1.E-007),#11264,
  'distance_accuracy_value','confusion accuracy');
#11268 = SHAPE_DEFINITION_REPRESENTATION(#11269,#8156);
#11269 = PRODUCT_DEFINITION_SHAPE('','',#11270);
#11270 = PRODUCT_DEFINITION('design','',#11271,#11274);
#11271 = PRODUCT_DEFINITION_FORMATION('','',#11272);
#11272 = PRODUCT('BOR_3X1_ENCHUF','BOR_3X1_ENCHUF','',(#11273));
#11273 = PRODUCT_CONTEXT('',#2,'mechanical');
#11274 = PRODUCT_DEFINITION_CONTEXT('part definition',#2,'design');
#11275 = CONTEXT_DEPENDENT_SHAPE_REPRESENTATION(#11276,#11278);
#11276 = ( REPRESENTATION_RELATIONSHIP('','',#8156,#8146) 
REPRESENTATION_RELATIONSHIP_WITH_TRANSFORMATION(#11277) 
SHAPE_REPRESENTATION_RELATIONSHIP() );
#11277 = ITEM_DEFINED_TRANSFORMATION('','',#11,#8147);
#11278 = PRODUCT_DEFINITION_SHAPE('Placement','Placement of an item',
  #11279);
#11279 = NEXT_ASSEMBLY_USAGE_OCCURRENCE('13','=>[0:1:1:7]','',#8141,
  #11270,$);
#11280 = PRODUCT_RELATED_PRODUCT_CATEGORY('part',$,(#11272));
#11281 = CONTEXT_DEPENDENT_SHAPE_REPRESENTATION(#11282,#11284);
#11282 = ( REPRESENTATION_RELATIONSHIP('','',#8146,#10) 
REPRESENTATION_RELATIONSHIP_WITH_TRANSFORMATION(#11283) 
SHAPE_REPRESENTATION_RELATIONSHIP() );
#11283 = ITEM_DEFINED_TRANSFORMATION('','',#11,#23);
#11284 = PRODUCT_DEFINITION_SHAPE('Placement','Placement of an item',
  #11285);
#11285 = NEXT_ASSEMBLY_USAGE_OCCURRENCE('14','=>[0:1:1:6]','',#5,#8141,$
  );
#11286 = PRODUCT_RELATED_PRODUCT_CATEGORY('part',$,(#8143));
#11287 = SHAPE_DEFINITION_REPRESENTATION(#11288,#11294);
#11288 = PRODUCT_DEFINITION_SHAPE('','',#11289);
#11289 = PRODUCT_DEFINITION('design','',#11290,#11293);
#11290 = PRODUCT_DEFINITION_FORMATION('','',#11291);
#11291 = PRODUCT('JP4','JP4','',(#11292));
#11292 = PRODUCT_CONTEXT('',#2,'mechanical');
#11293 = PRODUCT_DEFINITION_CONTEXT('part definition',#2,'design');
#11294 = SHAPE_REPRESENTATION('',(#11,#11295),#11299);
#11295 = AXIS2_PLACEMENT_3D('',#11296,#11297,#11298);
#11296 = CARTESIAN_POINT('',(125.72991872,103.1873984,0.E+000));
#11297 = DIRECTION('',(1.224606353822E-016,1.,1.110223024625E-016));
#11298 = DIRECTION('',(-1.,1.224606353822E-016,0.E+000));
#11299 = ( GEOMETRIC_REPRESENTATION_CONTEXT(3) 
GLOBAL_UNCERTAINTY_ASSIGNED_CONTEXT((#11303)) 
GLOBAL_UNIT_ASSIGNED_CONTEXT((#11300,#11301,#11302)) 
REPRESENTATION_CONTEXT('Context #1',
  '3D Context with UNIT and UNCERTAINTY') );
#11300 = ( LENGTH_UNIT() NAMED_UNIT(*) SI_UNIT(.MILLI.,.METRE.) );
#11301 = ( NAMED_UNIT(*) PLANE_ANGLE_UNIT() SI_UNIT($,.RADIAN.) );
#11302 = ( NAMED_UNIT(*) SI_UNIT($,.STERADIAN.) SOLID_ANGLE_UNIT() );
#11303 = UNCERTAINTY_MEASURE_WITH_UNIT(LENGTH_MEASURE(1.E-007),#11300,
  'distance_accuracy_value','confusion accuracy');
#11304 = CONTEXT_DEPENDENT_SHAPE_REPRESENTATION(#11305,#11307);
#11305 = ( REPRESENTATION_RELATIONSHIP('','',#8156,#11294) 
REPRESENTATION_RELATIONSHIP_WITH_TRANSFORMATION(#11306) 
SHAPE_REPRESENTATION_RELATIONSHIP() );
#11306 = ITEM_DEFINED_TRANSFORMATION('','',#11,#11295);
#11307 = PRODUCT_DEFINITION_SHAPE('Placement','Placement of an item',
  #11308);
#11308 = NEXT_ASSEMBLY_USAGE_OCCURRENCE('15','=>[0:1:1:7]','',#11289,
  #11270,$);
#11309 = CONTEXT_DEPENDENT_SHAPE_REPRESENTATION(#11310,#11312);
#11310 = ( REPRESENTATION_RELATIONSHIP('','',#11294,#10) 
REPRESENTATION_RELATIONSHIP_WITH_TRANSFORMATION(#11311) 
SHAPE_REPRESENTATION_RELATIONSHIP() );
#11311 = ITEM_DEFINED_TRANSFORMATION('','',#11,#27);
#11312 = PRODUCT_DEFINITION_SHAPE('Placement','Placement of an item',
  #11313);
#11313 = NEXT_ASSEMBLY_USAGE_OCCURRENCE('16','=>[0:1:1:8]','',#5,#11289,
  $);
#11314 = PRODUCT_RELATED_PRODUCT_CATEGORY('part',$,(#11291));
#11315 = MECHANICAL_DESIGN_GEOMETRIC_PRESENTATION_REPRESENTATION('',(
    #11316),#1376);
#11316 = STYLED_ITEM('color',(#11317),#38);
#11317 = PRESENTATION_STYLE_ASSIGNMENT((#11318,#11324));
#11318 = SURFACE_STYLE_USAGE(.BOTH.,#11319);
#11319 = SURFACE_SIDE_STYLE('',(#11320));
#11320 = SURFACE_STYLE_FILL_AREA(#11321);
#11321 = FILL_AREA_STYLE('',(#11322));
#11322 = FILL_AREA_STYLE_COLOUR('',#11323);
#11323 = COLOUR_RGB('',0.141176477075,0.470588237047,0.196078434587);
#11324 = CURVE_STYLE('',#11325,POSITIVE_LENGTH_MEASURE(0.1),#11323);
#11325 = DRAUGHTING_PRE_DEFINED_CURVE_FONT('continuous');
#11326 = MECHANICAL_DESIGN_GEOMETRIC_PRESENTATION_REPRESENTATION('',(
    #11327,#11335,#11343,#11350,#11357,#11364,#11371,#11378,#11385,
    #11392,#11399,#11406,#11414,#11421,#11428,#11435,#11442,#11449,
    #11456,#11463,#11470,#11477,#11484,#11491,#11498,#11505,#11512,
    #11519,#11526,#11533,#11540,#11547,#11554,#11561,#11568,#11575,
    #11582,#11589,#11596,#11603,#11610,#11617,#11624,#11631,#11638,
    #11645,#11652,#11659,#11666,#11673,#11680),#11263);
#11327 = STYLED_ITEM('color',(#11328),#8157);
#11328 = PRESENTATION_STYLE_ASSIGNMENT((#11329));
#11329 = SURFACE_STYLE_USAGE(.BOTH.,#11330);
#11330 = SURFACE_SIDE_STYLE('',(#11331));
#11331 = SURFACE_STYLE_FILL_AREA(#11332);
#11332 = FILL_AREA_STYLE('',(#11333));
#11333 = FILL_AREA_STYLE_COLOUR('',#11334);
#11334 = COLOUR_RGB('',0.792156875134,0.819607853889,0.933333337307);
#11335 = OVER_RIDING_STYLED_ITEM('overriding color',(#11336),#8159,
  #11327);
#11336 = PRESENTATION_STYLE_ASSIGNMENT((#11337));
#11337 = SURFACE_STYLE_USAGE(.BOTH.,#11338);
#11338 = SURFACE_SIDE_STYLE('',(#11339));
#11339 = SURFACE_STYLE_FILL_AREA(#11340);
#11340 = FILL_AREA_STYLE('',(#11341));
#11341 = FILL_AREA_STYLE_COLOUR('',#11342);
#11342 = COLOUR_RGB('',0.E+000,0.752941191196,0.E+000);
#11343 = OVER_RIDING_STYLED_ITEM('overriding color',(#11344),#8279,
  #11327);
#11344 = PRESENTATION_STYLE_ASSIGNMENT((#11345));
#11345 = SURFACE_STYLE_USAGE(.BOTH.,#11346);
#11346 = SURFACE_SIDE_STYLE('',(#11347));
#11347 = SURFACE_STYLE_FILL_AREA(#11348);
#11348 = FILL_AREA_STYLE('',(#11349));
#11349 = FILL_AREA_STYLE_COLOUR('',#11342);
#11350 = OVER_RIDING_STYLED_ITEM('overriding color',(#11351),#8617,
  #11327);
#11351 = PRESENTATION_STYLE_ASSIGNMENT((#11352));
#11352 = SURFACE_STYLE_USAGE(.BOTH.,#11353);
#11353 = SURFACE_SIDE_STYLE('',(#11354));
#11354 = SURFACE_STYLE_FILL_AREA(#11355);
#11355 = FILL_AREA_STYLE('',(#11356));
#11356 = FILL_AREA_STYLE_COLOUR('',#11342);
#11357 = OVER_RIDING_STYLED_ITEM('overriding color',(#11358),#8955,
  #11327);
#11358 = PRESENTATION_STYLE_ASSIGNMENT((#11359));
#11359 = SURFACE_STYLE_USAGE(.BOTH.,#11360);
#11360 = SURFACE_SIDE_STYLE('',(#11361));
#11361 = SURFACE_STYLE_FILL_AREA(#11362);
#11362 = FILL_AREA_STYLE('',(#11363));
#11363 = FILL_AREA_STYLE_COLOUR('',#11342);
#11364 = OVER_RIDING_STYLED_ITEM('overriding color',(#11365),#9060,
  #11327);
#11365 = PRESENTATION_STYLE_ASSIGNMENT((#11366));
#11366 = SURFACE_STYLE_USAGE(.BOTH.,#11367);
#11367 = SURFACE_SIDE_STYLE('',(#11368));
#11368 = SURFACE_STYLE_FILL_AREA(#11369);
#11369 = FILL_AREA_STYLE('',(#11370));
#11370 = FILL_AREA_STYLE_COLOUR('',#11342);
#11371 = OVER_RIDING_STYLED_ITEM('overriding color',(#11372),#9248,
  #11327);
#11372 = PRESENTATION_STYLE_ASSIGNMENT((#11373));
#11373 = SURFACE_STYLE_USAGE(.BOTH.,#11374);
#11374 = SURFACE_SIDE_STYLE('',(#11375));
#11375 = SURFACE_STYLE_FILL_AREA(#11376);
#11376 = FILL_AREA_STYLE('',(#11377));
#11377 = FILL_AREA_STYLE_COLOUR('',#11342);
#11378 = OVER_RIDING_STYLED_ITEM('overriding color',(#11379),#9275,
  #11327);
#11379 = PRESENTATION_STYLE_ASSIGNMENT((#11380));
#11380 = SURFACE_STYLE_USAGE(.BOTH.,#11381);
#11381 = SURFACE_SIDE_STYLE('',(#11382));
#11382 = SURFACE_STYLE_FILL_AREA(#11383);
#11383 = FILL_AREA_STYLE('',(#11384));
#11384 = FILL_AREA_STYLE_COLOUR('',#11342);
#11385 = OVER_RIDING_STYLED_ITEM('overriding color',(#11386),#9438,
  #11327);
#11386 = PRESENTATION_STYLE_ASSIGNMENT((#11387));
#11387 = SURFACE_STYLE_USAGE(.BOTH.,#11388);
#11388 = SURFACE_SIDE_STYLE('',(#11389));
#11389 = SURFACE_STYLE_FILL_AREA(#11390);
#11390 = FILL_AREA_STYLE('',(#11391));
#11391 = FILL_AREA_STYLE_COLOUR('',#11342);
#11392 = OVER_RIDING_STYLED_ITEM('overriding color',(#11393),#9485,
  #11327);
#11393 = PRESENTATION_STYLE_ASSIGNMENT((#11394));
#11394 = SURFACE_STYLE_USAGE(.BOTH.,#11395);
#11395 = SURFACE_SIDE_STYLE('',(#11396));
#11396 = SURFACE_STYLE_FILL_AREA(#11397);
#11397 = FILL_AREA_STYLE('',(#11398));
#11398 = FILL_AREA_STYLE_COLOUR('',#11342);
#11399 = OVER_RIDING_STYLED_ITEM('overriding color',(#11400),#9512,
  #11327);
#11400 = PRESENTATION_STYLE_ASSIGNMENT((#11401));
#11401 = SURFACE_STYLE_USAGE(.BOTH.,#11402);
#11402 = SURFACE_SIDE_STYLE('',(#11403));
#11403 = SURFACE_STYLE_FILL_AREA(#11404);
#11404 = FILL_AREA_STYLE('',(#11405));
#11405 = FILL_AREA_STYLE_COLOUR('',#11342);
#11406 = OVER_RIDING_STYLED_ITEM('overriding color',(#11407),#9519,
  #11327);
#11407 = PRESENTATION_STYLE_ASSIGNMENT((#11408));
#11408 = SURFACE_STYLE_USAGE(.BOTH.,#11409);
#11409 = SURFACE_SIDE_STYLE('',(#11410));
#11410 = SURFACE_STYLE_FILL_AREA(#11411);
#11411 = FILL_AREA_STYLE('',(#11412));
#11412 = FILL_AREA_STYLE_COLOUR('',#11413);
#11413 = COLOUR_RGB('',0.901960790157,1.,0.466666668653);
#11414 = OVER_RIDING_STYLED_ITEM('overriding color',(#11415),#9639,
  #11327);
#11415 = PRESENTATION_STYLE_ASSIGNMENT((#11416));
#11416 = SURFACE_STYLE_USAGE(.BOTH.,#11417);
#11417 = SURFACE_SIDE_STYLE('',(#11418));
#11418 = SURFACE_STYLE_FILL_AREA(#11419);
#11419 = FILL_AREA_STYLE('',(#11420));
#11420 = FILL_AREA_STYLE_COLOUR('',#11413);
#11421 = OVER_RIDING_STYLED_ITEM('overriding color',(#11422),#9710,
  #11327);
#11422 = PRESENTATION_STYLE_ASSIGNMENT((#11423));
#11423 = SURFACE_STYLE_USAGE(.BOTH.,#11424);
#11424 = SURFACE_SIDE_STYLE('',(#11425));
#11425 = SURFACE_STYLE_FILL_AREA(#11426);
#11426 = FILL_AREA_STYLE('',(#11427));
#11427 = FILL_AREA_STYLE_COLOUR('',#11413);
#11428 = OVER_RIDING_STYLED_ITEM('overriding color',(#11429),#9759,
  #11327);
#11429 = PRESENTATION_STYLE_ASSIGNMENT((#11430));
#11430 = SURFACE_STYLE_USAGE(.BOTH.,#11431);
#11431 = SURFACE_SIDE_STYLE('',(#11432));
#11432 = SURFACE_STYLE_FILL_AREA(#11433);
#11433 = FILL_AREA_STYLE('',(#11434));
#11434 = FILL_AREA_STYLE_COLOUR('',#11413);
#11435 = OVER_RIDING_STYLED_ITEM('overriding color',(#11436),#9808,
  #11327);
#11436 = PRESENTATION_STYLE_ASSIGNMENT((#11437));
#11437 = SURFACE_STYLE_USAGE(.BOTH.,#11438);
#11438 = SURFACE_SIDE_STYLE('',(#11439));
#11439 = SURFACE_STYLE_FILL_AREA(#11440);
#11440 = FILL_AREA_STYLE('',(#11441));
#11441 = FILL_AREA_STYLE_COLOUR('',#11413);
#11442 = OVER_RIDING_STYLED_ITEM('overriding color',(#11443),#9835,
  #11327);
#11443 = PRESENTATION_STYLE_ASSIGNMENT((#11444));
#11444 = SURFACE_STYLE_USAGE(.BOTH.,#11445);
#11445 = SURFACE_SIDE_STYLE('',(#11446));
#11446 = SURFACE_STYLE_FILL_AREA(#11447);
#11447 = FILL_AREA_STYLE('',(#11448));
#11448 = FILL_AREA_STYLE_COLOUR('',#11413);
#11449 = OVER_RIDING_STYLED_ITEM('overriding color',(#11450),#9911,
  #11327);
#11450 = PRESENTATION_STYLE_ASSIGNMENT((#11451));
#11451 = SURFACE_STYLE_USAGE(.BOTH.,#11452);
#11452 = SURFACE_SIDE_STYLE('',(#11453));
#11453 = SURFACE_STYLE_FILL_AREA(#11454);
#11454 = FILL_AREA_STYLE('',(#11455));
#11455 = FILL_AREA_STYLE_COLOUR('',#11413);
#11456 = OVER_RIDING_STYLED_ITEM('overriding color',(#11457),#9965,
  #11327);
#11457 = PRESENTATION_STYLE_ASSIGNMENT((#11458));
#11458 = SURFACE_STYLE_USAGE(.BOTH.,#11459);
#11459 = SURFACE_SIDE_STYLE('',(#11460));
#11460 = SURFACE_STYLE_FILL_AREA(#11461);
#11461 = FILL_AREA_STYLE('',(#11462));
#11462 = FILL_AREA_STYLE_COLOUR('',#11413);
#11463 = OVER_RIDING_STYLED_ITEM('overriding color',(#11464),#10019,
  #11327);
#11464 = PRESENTATION_STYLE_ASSIGNMENT((#11465));
#11465 = SURFACE_STYLE_USAGE(.BOTH.,#11466);
#11466 = SURFACE_SIDE_STYLE('',(#11467));
#11467 = SURFACE_STYLE_FILL_AREA(#11468);
#11468 = FILL_AREA_STYLE('',(#11469));
#11469 = FILL_AREA_STYLE_COLOUR('',#11413);
#11470 = OVER_RIDING_STYLED_ITEM('overriding color',(#11471),#10051,
  #11327);
#11471 = PRESENTATION_STYLE_ASSIGNMENT((#11472));
#11472 = SURFACE_STYLE_USAGE(.BOTH.,#11473);
#11473 = SURFACE_SIDE_STYLE('',(#11474));
#11474 = SURFACE_STYLE_FILL_AREA(#11475);
#11475 = FILL_AREA_STYLE('',(#11476));
#11476 = FILL_AREA_STYLE_COLOUR('',#11413);
#11477 = OVER_RIDING_STYLED_ITEM('overriding color',(#11478),#10151,
  #11327);
#11478 = PRESENTATION_STYLE_ASSIGNMENT((#11479));
#11479 = SURFACE_STYLE_USAGE(.BOTH.,#11480);
#11480 = SURFACE_SIDE_STYLE('',(#11481));
#11481 = SURFACE_STYLE_FILL_AREA(#11482);
#11482 = FILL_AREA_STYLE('',(#11483));
#11483 = FILL_AREA_STYLE_COLOUR('',#11413);
#11484 = OVER_RIDING_STYLED_ITEM('overriding color',(#11485),#10271,
  #11327);
#11485 = PRESENTATION_STYLE_ASSIGNMENT((#11486));
#11486 = SURFACE_STYLE_USAGE(.BOTH.,#11487);
#11487 = SURFACE_SIDE_STYLE('',(#11488));
#11488 = SURFACE_STYLE_FILL_AREA(#11489);
#11489 = FILL_AREA_STYLE('',(#11490));
#11490 = FILL_AREA_STYLE_COLOUR('',#11413);
#11491 = OVER_RIDING_STYLED_ITEM('overriding color',(#11492),#10342,
  #11327);
#11492 = PRESENTATION_STYLE_ASSIGNMENT((#11493));
#11493 = SURFACE_STYLE_USAGE(.BOTH.,#11494);
#11494 = SURFACE_SIDE_STYLE('',(#11495));
#11495 = SURFACE_STYLE_FILL_AREA(#11496);
#11496 = FILL_AREA_STYLE('',(#11497));
#11497 = FILL_AREA_STYLE_COLOUR('',#11413);
#11498 = OVER_RIDING_STYLED_ITEM('overriding color',(#11499),#10391,
  #11327);
#11499 = PRESENTATION_STYLE_ASSIGNMENT((#11500));
#11500 = SURFACE_STYLE_USAGE(.BOTH.,#11501);
#11501 = SURFACE_SIDE_STYLE('',(#11502));
#11502 = SURFACE_STYLE_FILL_AREA(#11503);
#11503 = FILL_AREA_STYLE('',(#11504));
#11504 = FILL_AREA_STYLE_COLOUR('',#11413);
#11505 = OVER_RIDING_STYLED_ITEM('overriding color',(#11506),#10440,
  #11327);
#11506 = PRESENTATION_STYLE_ASSIGNMENT((#11507));
#11507 = SURFACE_STYLE_USAGE(.BOTH.,#11508);
#11508 = SURFACE_SIDE_STYLE('',(#11509));
#11509 = SURFACE_STYLE_FILL_AREA(#11510);
#11510 = FILL_AREA_STYLE('',(#11511));
#11511 = FILL_AREA_STYLE_COLOUR('',#11413);
#11512 = OVER_RIDING_STYLED_ITEM('overriding color',(#11513),#10467,
  #11327);
#11513 = PRESENTATION_STYLE_ASSIGNMENT((#11514));
#11514 = SURFACE_STYLE_USAGE(.BOTH.,#11515);
#11515 = SURFACE_SIDE_STYLE('',(#11516));
#11516 = SURFACE_STYLE_FILL_AREA(#11517);
#11517 = FILL_AREA_STYLE('',(#11518));
#11518 = FILL_AREA_STYLE_COLOUR('',#11413);
#11519 = OVER_RIDING_STYLED_ITEM('overriding color',(#11520),#10543,
  #11327);
#11520 = PRESENTATION_STYLE_ASSIGNMENT((#11521));
#11521 = SURFACE_STYLE_USAGE(.BOTH.,#11522);
#11522 = SURFACE_SIDE_STYLE('',(#11523));
#11523 = SURFACE_STYLE_FILL_AREA(#11524);
#11524 = FILL_AREA_STYLE('',(#11525));
#11525 = FILL_AREA_STYLE_COLOUR('',#11413);
#11526 = OVER_RIDING_STYLED_ITEM('overriding color',(#11527),#10597,
  #11327);
#11527 = PRESENTATION_STYLE_ASSIGNMENT((#11528));
#11528 = SURFACE_STYLE_USAGE(.BOTH.,#11529);
#11529 = SURFACE_SIDE_STYLE('',(#11530));
#11530 = SURFACE_STYLE_FILL_AREA(#11531);
#11531 = FILL_AREA_STYLE('',(#11532));
#11532 = FILL_AREA_STYLE_COLOUR('',#11413);
#11533 = OVER_RIDING_STYLED_ITEM('overriding color',(#11534),#10651,
  #11327);
#11534 = PRESENTATION_STYLE_ASSIGNMENT((#11535));
#11535 = SURFACE_STYLE_USAGE(.BOTH.,#11536);
#11536 = SURFACE_SIDE_STYLE('',(#11537));
#11537 = SURFACE_STYLE_FILL_AREA(#11538);
#11538 = FILL_AREA_STYLE('',(#11539));
#11539 = FILL_AREA_STYLE_COLOUR('',#11413);
#11540 = OVER_RIDING_STYLED_ITEM('overriding color',(#11541),#10683,
  #11327);
#11541 = PRESENTATION_STYLE_ASSIGNMENT((#11542));
#11542 = SURFACE_STYLE_USAGE(.BOTH.,#11543);
#11543 = SURFACE_SIDE_STYLE('',(#11544));
#11544 = SURFACE_STYLE_FILL_AREA(#11545);
#11545 = FILL_AREA_STYLE('',(#11546));
#11546 = FILL_AREA_STYLE_COLOUR('',#11413);
#11547 = OVER_RIDING_STYLED_ITEM('overriding color',(#11548),#10783,
  #11327);
#11548 = PRESENTATION_STYLE_ASSIGNMENT((#11549));
#11549 = SURFACE_STYLE_USAGE(.BOTH.,#11550);
#11550 = SURFACE_SIDE_STYLE('',(#11551));
#11551 = SURFACE_STYLE_FILL_AREA(#11552);
#11552 = FILL_AREA_STYLE('',(#11553));
#11553 = FILL_AREA_STYLE_COLOUR('',#11413);
#11554 = OVER_RIDING_STYLED_ITEM('overriding color',(#11555),#10830,
  #11327);
#11555 = PRESENTATION_STYLE_ASSIGNMENT((#11556));
#11556 = SURFACE_STYLE_USAGE(.BOTH.,#11557);
#11557 = SURFACE_SIDE_STYLE('',(#11558));
#11558 = SURFACE_STYLE_FILL_AREA(#11559);
#11559 = FILL_AREA_STYLE('',(#11560));
#11560 = FILL_AREA_STYLE_COLOUR('',#11413);
#11561 = OVER_RIDING_STYLED_ITEM('overriding color',(#11562),#10857,
  #11327);
#11562 = PRESENTATION_STYLE_ASSIGNMENT((#11563));
#11563 = SURFACE_STYLE_USAGE(.BOTH.,#11564);
#11564 = SURFACE_SIDE_STYLE('',(#11565));
#11565 = SURFACE_STYLE_FILL_AREA(#11566);
#11566 = FILL_AREA_STYLE('',(#11567));
#11567 = FILL_AREA_STYLE_COLOUR('',#11413);
#11568 = OVER_RIDING_STYLED_ITEM('overriding color',(#11569),#10884,
  #11327);
#11569 = PRESENTATION_STYLE_ASSIGNMENT((#11570));
#11570 = SURFACE_STYLE_USAGE(.BOTH.,#11571);
#11571 = SURFACE_SIDE_STYLE('',(#11572));
#11572 = SURFACE_STYLE_FILL_AREA(#11573);
#11573 = FILL_AREA_STYLE('',(#11574));
#11574 = FILL_AREA_STYLE_COLOUR('',#11413);
#11575 = OVER_RIDING_STYLED_ITEM('overriding color',(#11576),#10891,
  #11327);
#11576 = PRESENTATION_STYLE_ASSIGNMENT((#11577));
#11577 = SURFACE_STYLE_USAGE(.BOTH.,#11578);
#11578 = SURFACE_SIDE_STYLE('',(#11579));
#11579 = SURFACE_STYLE_FILL_AREA(#11580);
#11580 = FILL_AREA_STYLE('',(#11581));
#11581 = FILL_AREA_STYLE_COLOUR('',#11413);
#11582 = OVER_RIDING_STYLED_ITEM('overriding color',(#11583),#10938,
  #11327);
#11583 = PRESENTATION_STYLE_ASSIGNMENT((#11584));
#11584 = SURFACE_STYLE_USAGE(.BOTH.,#11585);
#11585 = SURFACE_SIDE_STYLE('',(#11586));
#11586 = SURFACE_STYLE_FILL_AREA(#11587);
#11587 = FILL_AREA_STYLE('',(#11588));
#11588 = FILL_AREA_STYLE_COLOUR('',#11413);
#11589 = OVER_RIDING_STYLED_ITEM('overriding color',(#11590),#10965,
  #11327);
#11590 = PRESENTATION_STYLE_ASSIGNMENT((#11591));
#11591 = SURFACE_STYLE_USAGE(.BOTH.,#11592);
#11592 = SURFACE_SIDE_STYLE('',(#11593));
#11593 = SURFACE_STYLE_FILL_AREA(#11594);
#11594 = FILL_AREA_STYLE('',(#11595));
#11595 = FILL_AREA_STYLE_COLOUR('',#11413);
#11596 = OVER_RIDING_STYLED_ITEM('overriding color',(#11597),#10992,
  #11327);
#11597 = PRESENTATION_STYLE_ASSIGNMENT((#11598));
#11598 = SURFACE_STYLE_USAGE(.BOTH.,#11599);
#11599 = SURFACE_SIDE_STYLE('',(#11600));
#11600 = SURFACE_STYLE_FILL_AREA(#11601);
#11601 = FILL_AREA_STYLE('',(#11602));
#11602 = FILL_AREA_STYLE_COLOUR('',#11413);
#11603 = OVER_RIDING_STYLED_ITEM('overriding color',(#11604),#10999,
  #11327);
#11604 = PRESENTATION_STYLE_ASSIGNMENT((#11605));
#11605 = SURFACE_STYLE_USAGE(.BOTH.,#11606);
#11606 = SURFACE_SIDE_STYLE('',(#11607));
#11607 = SURFACE_STYLE_FILL_AREA(#11608);
#11608 = FILL_AREA_STYLE('',(#11609));
#11609 = FILL_AREA_STYLE_COLOUR('',#11413);
#11610 = OVER_RIDING_STYLED_ITEM('overriding color',(#11611),#11046,
  #11327);
#11611 = PRESENTATION_STYLE_ASSIGNMENT((#11612));
#11612 = SURFACE_STYLE_USAGE(.BOTH.,#11613);
#11613 = SURFACE_SIDE_STYLE('',(#11614));
#11614 = SURFACE_STYLE_FILL_AREA(#11615);
#11615 = FILL_AREA_STYLE('',(#11616));
#11616 = FILL_AREA_STYLE_COLOUR('',#11413);
#11617 = OVER_RIDING_STYLED_ITEM('overriding color',(#11618),#11073,
  #11327);
#11618 = PRESENTATION_STYLE_ASSIGNMENT((#11619));
#11619 = SURFACE_STYLE_USAGE(.BOTH.,#11620);
#11620 = SURFACE_SIDE_STYLE('',(#11621));
#11621 = SURFACE_STYLE_FILL_AREA(#11622);
#11622 = FILL_AREA_STYLE('',(#11623));
#11623 = FILL_AREA_STYLE_COLOUR('',#11413);
#11624 = OVER_RIDING_STYLED_ITEM('overriding color',(#11625),#11100,
  #11327);
#11625 = PRESENTATION_STYLE_ASSIGNMENT((#11626));
#11626 = SURFACE_STYLE_USAGE(.BOTH.,#11627);
#11627 = SURFACE_SIDE_STYLE('',(#11628));
#11628 = SURFACE_STYLE_FILL_AREA(#11629);
#11629 = FILL_AREA_STYLE('',(#11630));
#11630 = FILL_AREA_STYLE_COLOUR('',#11413);
#11631 = OVER_RIDING_STYLED_ITEM('overriding color',(#11632),#11107,
  #11327);
#11632 = PRESENTATION_STYLE_ASSIGNMENT((#11633));
#11633 = SURFACE_STYLE_USAGE(.BOTH.,#11634);
#11634 = SURFACE_SIDE_STYLE('',(#11635));
#11635 = SURFACE_STYLE_FILL_AREA(#11636);
#11636 = FILL_AREA_STYLE('',(#11637));
#11637 = FILL_AREA_STYLE_COLOUR('',#11413);
#11638 = OVER_RIDING_STYLED_ITEM('overriding color',(#11639),#11154,
  #11327);
#11639 = PRESENTATION_STYLE_ASSIGNMENT((#11640));
#11640 = SURFACE_STYLE_USAGE(.BOTH.,#11641);
#11641 = SURFACE_SIDE_STYLE('',(#11642));
#11642 = SURFACE_STYLE_FILL_AREA(#11643);
#11643 = FILL_AREA_STYLE('',(#11644));
#11644 = FILL_AREA_STYLE_COLOUR('',#11413);
#11645 = OVER_RIDING_STYLED_ITEM('overriding color',(#11646),#11181,
  #11327);
#11646 = PRESENTATION_STYLE_ASSIGNMENT((#11647));
#11647 = SURFACE_STYLE_USAGE(.BOTH.,#11648);
#11648 = SURFACE_SIDE_STYLE('',(#11649));
#11649 = SURFACE_STYLE_FILL_AREA(#11650);
#11650 = FILL_AREA_STYLE('',(#11651));
#11651 = FILL_AREA_STYLE_COLOUR('',#11413);
#11652 = OVER_RIDING_STYLED_ITEM('overriding color',(#11653),#11208,
  #11327);
#11653 = PRESENTATION_STYLE_ASSIGNMENT((#11654));
#11654 = SURFACE_STYLE_USAGE(.BOTH.,#11655);
#11655 = SURFACE_SIDE_STYLE('',(#11656));
#11656 = SURFACE_STYLE_FILL_AREA(#11657);
#11657 = FILL_AREA_STYLE('',(#11658));
#11658 = FILL_AREA_STYLE_COLOUR('',#11413);
#11659 = OVER_RIDING_STYLED_ITEM('overriding color',(#11660),#11215,
  #11327);
#11660 = PRESENTATION_STYLE_ASSIGNMENT((#11661));
#11661 = SURFACE_STYLE_USAGE(.BOTH.,#11662);
#11662 = SURFACE_SIDE_STYLE('',(#11663));
#11663 = SURFACE_STYLE_FILL_AREA(#11664);
#11664 = FILL_AREA_STYLE('',(#11665));
#11665 = FILL_AREA_STYLE_COLOUR('',#11342);
#11666 = OVER_RIDING_STYLED_ITEM('overriding color',(#11667),#11242,
  #11327);
#11667 = PRESENTATION_STYLE_ASSIGNMENT((#11668));
#11668 = SURFACE_STYLE_USAGE(.BOTH.,#11669);
#11669 = SURFACE_SIDE_STYLE('',(#11670));
#11670 = SURFACE_STYLE_FILL_AREA(#11671);
#11671 = FILL_AREA_STYLE('',(#11672));
#11672 = FILL_AREA_STYLE_COLOUR('',#11342);
#11673 = OVER_RIDING_STYLED_ITEM('overriding color',(#11674),#11249,
  #11327);
#11674 = PRESENTATION_STYLE_ASSIGNMENT((#11675));
#11675 = SURFACE_STYLE_USAGE(.BOTH.,#11676);
#11676 = SURFACE_SIDE_STYLE('',(#11677));
#11677 = SURFACE_STYLE_FILL_AREA(#11678);
#11678 = FILL_AREA_STYLE('',(#11679));
#11679 = FILL_AREA_STYLE_COLOUR('',#11342);
#11680 = OVER_RIDING_STYLED_ITEM('overriding color',(#11681),#11256,
  #11327);
#11681 = PRESENTATION_STYLE_ASSIGNMENT((#11682));
#11682 = SURFACE_STYLE_USAGE(.BOTH.,#11683);
#11683 = SURFACE_SIDE_STYLE('',(#11684));
#11684 = SURFACE_STYLE_FILL_AREA(#11685);
#11685 = FILL_AREA_STYLE('',(#11686));
#11686 = FILL_AREA_STYLE_COLOUR('',#11342);
ENDSEC;
END-ISO-10303-21;
