

HI-TECH Software PIC18 PRO Macro Assembler V9.80 build 11162 
                                                                                               Mon May 26 12:50:58 2025

HI-TECH Software Omniscient Code Generator (PRO mode) build 11162
     1                           	processor	18F2550
     2                           	fnconf	rparam,??,?,0
     3                           	opt	pw 120
     4                           	opt	pm
     5                           	psect	eeprom_data,global,class=EEDATA,delta=1
     6                           	psect	idataCOMRAM,global,class=CODE,delta=1
     7                           	psect	idataBANK0,global,class=CODE,delta=1
     8                           	psect	idataBANK1,global,class=CODE,delta=1
     9                           	psect	nvCOMRAM,global,class=COMRAM,space=1,delta=1
    10                           	psect	nvBANK0,global,class=BANK0,space=1,delta=1
    11                           	psect	cinit,global,reloc=2,class=CODE,delta=1
    12                           	psect	bssCOMRAM,global,class=COMRAM,space=1,delta=1
    13                           	psect	dataCOMRAM,global,class=COMRAM,space=1,delta=1
    14                           	psect	bssBANK0,global,class=BANK0,space=1,delta=1
    15                           	psect	dataBANK0,global,class=BANK0,space=1,delta=1
    16                           	psect	bssBANK1,global,class=BANK1,space=1,delta=1
    17                           	psect	dataBANK1,global,class=BANK1,space=1,delta=1
    18                           	psect	cstackBANK1,global,class=BANK1,space=1,delta=1
    19                           	psect	cstackBANK0,global,class=BANK0,space=1,delta=1
    20                           	psect	cstackCOMRAM,global,class=COMRAM,space=1,delta=1
    21                           	psect	text0,global,reloc=2,class=CODE,delta=1
    22                           	psect	text1,global,reloc=2,class=CODE,delta=1
    23                           	psect	text2,global,reloc=2,class=CODE,delta=1
    24                           	psect	text3,global,reloc=2,class=CODE,delta=1
    25                           	psect	text4,global,reloc=2,class=CODE,delta=1
    26                           	psect	text5,global,reloc=2,class=CODE,delta=1
    27                           	psect	text6,global,reloc=2,class=CODE,delta=1
    28                           	psect	text7,global,reloc=2,class=CODE,delta=1
    29                           	psect	text8,global,reloc=2,class=CODE,delta=1
    30                           	psect	text9,global,reloc=2,class=CODE,delta=1
    31                           	psect	text10,global,reloc=2,class=CODE,delta=1
    32                           	psect	text11,global,reloc=2,class=CODE,delta=1
    33                           	psect	text12,global,reloc=2,class=CODE,delta=1
    34                           	psect	text13,global,reloc=2,class=CODE,delta=1
    35                           	psect	text14,global,reloc=2,class=CODE,delta=1
    36                           	psect	text15,global,reloc=2,class=CODE,delta=1
    37                           	psect	text16,global,reloc=2,class=CODE,delta=1
    38                           	psect	text17,global,reloc=2,class=CODE,delta=1
    39                           	psect	text18,global,reloc=2,class=CODE,delta=1
    40                           	psect	text19,global,reloc=2,class=CODE,delta=1
    41                           	psect	text20,global,reloc=2,class=CODE,delta=1
    42                           	psect	text21,global,reloc=2,class=CODE,delta=1
    43                           	psect	text22,global,reloc=2,class=CODE,delta=1
    44                           	psect	text23,global,reloc=2,class=CODE,delta=1
    45                           	psect	text24,global,reloc=2,class=CODE,delta=1
    46                           	psect	text25,global,reloc=2,class=CODE,delta=1
    47                           	psect	text26,global,reloc=2,class=CODE,delta=1
    48                           	psect	intcodelo,global,reloc=2,class=CODE,delta=1
    49                           	psect	text28,global,reloc=2,class=CODE,delta=1
    50                           	psect	text29,global,reloc=2,class=CODE,delta=1
    51                           	psect	text30,global,reloc=2,class=CODE,delta=1
    52                           	psect	text31,global,reloc=2,class=CODE,delta=1
    53                           	psect	intcode,global,reloc=2,class=CODE,delta=1
    54                           	psect	intcode_body,global,reloc=2,class=CODE,delta=1
    55                           	psect	text33,global,reloc=2,class=CODE,delta=1
    56                           	psect	text34,global,reloc=2,class=CODE,delta=1
    57                           	psect	text35,global,reloc=2,class=CODE,delta=1
    58                           	psect	text36,global,reloc=2,class=CODE,delta=1
    59                           	psect	intsave_regs,global,class=BIGRAM,space=1,delta=1
    60                           	psect	text37,global,reloc=2,class=CODE,delta=1
    61                           	psect	rparam,global,class=COMRAM,space=1,delta=1
    62                           	psect	pa_nodes,global,class=CODE,delta=1
    63  0000                     prodl	equ	0xFF3
    64                           intcon	equ	0xFF2
    65                           intcon2	equ	0xFF1
    66                           wreg	equ	0xFE8
    67                           indf1	equ	0xFE7
    68                           postinc1	equ	0xFE6
    69                           postdec1	equ	0xFE5
    70                           fsr1h	equ	0xFE2
    71                           fsr1l	equ	0xFE1
    72                           indf2	equ	0xFDF
    73                           postinc2	equ	0xFDE
    74                           postdec2	equ	0xFDD
    75                           plusw2	equ	0xFDB
    76                           fsr2h	equ	0xFDA
    77                           fsr2l	equ	0xFD9
    78                           status	equ	0xFD8
    79                           
    80                           	psect	eeprom_data
    81  F00000  00 00 00 00 00 00  	db	0,0,0,0,0,0,0,0	;# 
      +       00 00              
    82  F00008  00 00 00 00 00 00  	db	0,0,0,0,0,0,0,1	;# 
      +       00 01              
    83  F00010  00 00 00 00 00 00  	db	0,0,0,0,0,0,0,0	;# 
      +       00 00              
    84  F00018  00 00 00 00 00 00  	db	0,0,0,0,0,0,0,0	;# 
      +       00 00              
    85  F00020  00 00 00 00 00 00  	db	0,0,0,0,0,0,0,1	;# 
      +       00 01              
    86  F00028  00 00 00 00 00 00  	db	0,0,0,0,0,0,0,0	;# 
      +       00 00              
    87                           prodl	equ	0xFF3
    88                           intcon	equ	0xFF2
    89                           intcon2	equ	0xFF1
    90                           wreg	equ	0xFE8
    91                           indf1	equ	0xFE7
    92                           postinc1	equ	0xFE6
    93                           postdec1	equ	0xFE5
    94                           fsr1h	equ	0xFE2
    95                           fsr1l	equ	0xFE1
    96                           indf2	equ	0xFDF
    97                           postinc2	equ	0xFDE
    98                           postdec2	equ	0xFDD
    99                           plusw2	equ	0xFDB
   100                           fsr2h	equ	0xFDA
   101                           fsr2l	equ	0xFD9
   102                           status	equ	0xFD8
   103                           
   104                           	psect	idataCOMRAM
   105  00258E                     __pidataCOMRAM:
   106                           	opt stack 0
   107                           
   108                           ;initializer for _kPin
   109  00258E  03                 	db	3
   110  00258F  00                 	db	0
   111  002590  03                 	db	3
   112  002591  00                 	db	0
   113  002592  03                 	db	3
   114  002593  00                 	db	0
   115  002594  03                 	db	3
   116  002595  00                 	db	0
   117                           
   118                           ;initializer for _setInc
   119  002596  01                 	db	1
   120                           prodl	equ	0xFF3
   121                           intcon	equ	0xFF2
   122                           intcon2	equ	0xFF1
   123                           wreg	equ	0xFE8
   124                           indf1	equ	0xFE7
   125                           postinc1	equ	0xFE6
   126                           postdec1	equ	0xFE5
   127                           fsr1h	equ	0xFE2
   128                           fsr1l	equ	0xFE1
   129                           indf2	equ	0xFDF
   130                           postinc2	equ	0xFDE
   131                           postdec2	equ	0xFDD
   132                           plusw2	equ	0xFDB
   133                           fsr2h	equ	0xFDA
   134                           fsr2l	equ	0xFD9
   135                           status	equ	0xFD8
   136                           
   137                           	psect	idataBANK0
   138  002527                     __pidataBANK0:
   139                           	opt stack 0
   140                           
   141                           ;initializer for _t0DelayConstant
   142  002527  000C               	dw	12
   143  002529  000C               	dw	12
   144  00252B  0096               	dw	150
   145  00252D  0012               	dw	18
   146  00252F  00FA               	dw	250
   147  002531  0012               	dw	18
   148  002533  0002               	dw	2
   149  002535  0001               	dw	1
   150  002537  0006               	dw	6
   151  002539  0002               	dw	2
   152  00253B  000C               	dw	12
   153  00253D  0008               	dw	8
   154  00253F  000A               	dw	10
   155                           
   156                           ;initializer for _muxBuffer
   157  002541  20                 	db	32
   158  002542  20                 	db	32
   159  002543  20                 	db	32
   160  002544  20                 	db	32
   161  002545  00                 	db	0
   162                           prodl	equ	0xFF3
   163                           intcon	equ	0xFF2
   164                           intcon2	equ	0xFF1
   165                           wreg	equ	0xFE8
   166                           indf1	equ	0xFE7
   167                           postinc1	equ	0xFE6
   168                           postdec1	equ	0xFE5
   169                           fsr1h	equ	0xFE2
   170                           fsr1l	equ	0xFE1
   171                           indf2	equ	0xFDF
   172                           postinc2	equ	0xFDE
   173                           postdec2	equ	0xFDD
   174                           plusw2	equ	0xFDB
   175                           fsr2h	equ	0xFDA
   176                           fsr2l	equ	0xFD9
   177                           status	equ	0xFD8
   178                           
   179                           	psect	idataBANK1
   180  002504                     __pidataBANK1:
   181                           	opt stack 0
   182                           
   183                           ;initializer for iir@F4235
   184  002504  DA                 	db	218
   185  002505  77                 	db	119
   186  002506  3A                 	db	58
   187  002507  DA                 	db	218
   188  002508  F7                 	db	247
   189  002509  3A                 	db	58
   190  00250A  DA                 	db	218
   191  00250B  77                 	db	119
   192  00250C  3A                 	db	58
   193                           
   194                           ;initializer for iir@F4237
   195  00250D  00                 	db	0
   196  00250E  80                 	db	128
   197  00250F  3F                 	db	63
   198  002510  A2                 	db	162
   199  002511  F4                 	db	244
   200  002512  BF                 	db	191
   201  002513  3C                 	db	60
   202  002514  6A                 	db	106
   203  002515  3F                 	db	63
   204                           
   205                           ;initializer for _brilloToff
   206  002516  E7                 	db	231
   207  002517  EC                 	db	236
   208  002518  F1                 	db	241
   209  002519  F6                 	db	246
   210  00251A  FB                 	db	251
   211                           
   212                           ;initializer for _brilloTon
   213  00251B  FB                 	db	251
   214  00251C  F6                 	db	246
   215  00251D  F1                 	db	241
   216  00251E  EC                 	db	236
   217  00251F  E7                 	db	231
   218                           
   219                           ;initializer for _muxFile
   220  002520  03                 	db	3
   221  002521  C8                 	db	low _muxBuffer
   222  002522  C8                 	db	low _muxBuffer
   223  002523  C8                 	db	low _muxBuffer
   224  002524  05                 	db	5
   225  002525  05                 	db	5
   226  002526  05                 	db	5
   227  0000                     _ADRES	set	4035
   228  0000                     _TMR0	set	4054
   229  0000                     _TMR3	set	4018
   230  0000                     _ADCON0bits	set	4034
   231  0000                     _ADCON1bits	set	4033
   232  0000                     _ADCON2bits	set	4032
   233  0000                     _EEADR	set	4009
   234  0000                     _EECON1bits	set	4006
   235  0000                     _EECON2	set	4007
   236  0000                     _EEDATA	set	4008
   237  0000                     _INTCON2bits	set	4081
   238  0000                     _INTCONbits	set	4082
   239  0000                     _IPR1bits	set	3999
   240  0000                     _IPR2bits	set	4002
   241  0000                     _OSCCONbits	set	4051
   242  0000                     _PIE1bits	set	3997
   243  0000                     _PIE2bits	set	4000
   244  0000                     _PIR1bits	set	3998
   245  0000                     _PIR2bits	set	4001
   246  0000                     _PORTAbits	set	3968
   247  0000                     _PORTBbits	set	3969
   248  0000                     _PORTCbits	set	3970
   249  0000                     _RCONbits	set	4048
   250  0000                     _T0CONbits	set	4053
   251  0000                     _T3CONbits	set	4017
   252  0000                     _UCFGbits	set	3951
   253  0000                     _ADFM	set	32263
   254  0000                     _TRISA0	set	31888
   255  0000                     _TRISA1	set	31889
   256  0000                     _TRISA2	set	31890
   257  0000                     _TRISA3	set	31891
   258  0000                     _TRISA4	set	31892
   259  0000                     _TRISA5	set	31893
   260  0000                     _TRISB1	set	31897
   261  0000                     _TRISB2	set	31898
   262  0000                     _TRISB3	set	31899
   263  0000                     _TRISB4	set	31900
   264  0000                     _TRISB5	set	31901
   265  0000                     _TRISB6	set	31902
   266  0000                     _TRISB7	set	31903
   267  0000                     _TRISC6	set	31910
   268                           prodl	equ	0xFF3
   269                           intcon	equ	0xFF2
   270                           intcon2	equ	0xFF1
   271                           wreg	equ	0xFE8
   272                           indf1	equ	0xFE7
   273                           postinc1	equ	0xFE6
   274                           postdec1	equ	0xFE5
   275                           fsr1h	equ	0xFE2
   276                           fsr1l	equ	0xFE1
   277                           indf2	equ	0xFDF
   278                           postinc2	equ	0xFDE
   279                           postdec2	equ	0xFDD
   280                           plusw2	equ	0xFDB
   281                           fsr2h	equ	0xFDA
   282                           fsr2l	equ	0xFD9
   283                           status	equ	0xFD8
   284                           
   285                           	psect	nvCOMRAM
   286  000044                     __pnvCOMRAM:
   287                           	opt stack 0
   288  000044                     _advModeMem:
   289                           	opt stack 0
   290  000044                     	ds	1
   291  000045                     _brilloMem:
   292                           	opt stack 0
   293  000045                     	ds	1
   294                           prodl	equ	0xFF3
   295                           intcon	equ	0xFF2
   296                           intcon2	equ	0xFF1
   297                           wreg	equ	0xFE8
   298                           indf1	equ	0xFE7
   299                           postinc1	equ	0xFE6
   300                           postdec1	equ	0xFE5
   301                           fsr1h	equ	0xFE2
   302                           fsr1l	equ	0xFE1
   303                           indf2	equ	0xFDF
   304                           postinc2	equ	0xFDE
   305                           postdec2	equ	0xFDD
   306                           plusw2	equ	0xFDB
   307                           fsr2h	equ	0xFDA
   308                           fsr2l	equ	0xFD9
   309                           status	equ	0xFD8
   310                           
   311                           	psect	nvBANK0
   312  0000D8                     __pnvBANK0:
   313                           	opt stack 0
   314  0000D8                     _escala:
   315                           	opt stack 0
   316  0000D8                     	ds	3
   317                           
   318                           ; #config settings
   319  0000                     prodl	equ	0xFF3
   320                           intcon	equ	0xFF2
   321                           intcon2	equ	0xFF1
   322                           wreg	equ	0xFE8
   323                           indf1	equ	0xFE7
   324                           postinc1	equ	0xFE6
   325                           postdec1	equ	0xFE5
   326                           fsr1h	equ	0xFE2
   327                           fsr1l	equ	0xFE1
   328                           indf2	equ	0xFDF
   329                           postinc2	equ	0xFDE
   330                           postdec2	equ	0xFDD
   331                           plusw2	equ	0xFDB
   332                           fsr2h	equ	0xFDA
   333                           fsr2l	equ	0xFD9
   334                           status	equ	0xFD8
   335                           
   336                           	psect	cinit
   337  001FAA                     __pcinit:
   338                           	opt stack 0
   339  001FAA                     start_initialization:
   340                           	opt stack 0
   341                           
   342                           ; Clear objects allocated to BANK1 (57 bytes)
   343  001FAA  EE01  F041         	lfsr	0,__pbssBANK1
   344  001FAE  0E39               	movlw	57
   345  001FB0                     clear_0:
   346  001FB0  6AEE               	clrf	postinc0,c
   347  001FB2  06E8               	decf	wreg,f,c
   348  001FB4  E1FD               	bnz	clear_0
   349                           
   350                           ; Clear objects allocated to BANK0 (11 bytes)
   351  001FB6  EE00  F0CD         	lfsr	0,__pbssBANK0
   352  001FBA  0E0B               	movlw	11
   353  001FBC                     clear_1:
   354  001FBC  6AEE               	clrf	postinc0,c
   355  001FBE  06E8               	decf	wreg,f,c
   356  001FC0  E1FD               	bnz	clear_1
   357                           
   358                           ; Clear objects allocated to COMRAM (23 bytes)
   359  001FC2  EE00  F024         	lfsr	0,__pbssCOMRAM
   360  001FC6  0E17               	movlw	23
   361  001FC8                     clear_2:
   362  001FC8  6AEE               	clrf	postinc0,c
   363  001FCA  06E8               	decf	wreg,f,c
   364  001FCC  E1FD               	bnz	clear_2
   365                           
   366                           ; Initialize objects allocated to BANK1 (35 bytes)
   367                           ; load TBLPTR registers with __pidataBANK1
   368  001FCE  0E04               	movlw	low __pidataBANK1
   369  001FD0  6EF6               	movwf	tblptrl,c
   370  001FD2  0E25               	movlw	high __pidataBANK1
   371  001FD4  6EF7               	movwf	tblptrh,c
   372  001FD6  0E00               	movlw	low (__pidataBANK1 shr (0+16))
   373  001FD8  6EF8               	movwf	tblptru,c
   374  001FDA  EE01  F07A         	lfsr	0,__pdataBANK1
   375  001FDE  EE10 F023          	lfsr	1,35
   376  001FE2                     copy_data0:
   377  001FE2  0009               	tblrd		*+
   378  001FE4  CFF5 FFEE          	movff	tablat,postinc0
   379  001FE8  50E5               	movf	postdec1,w,c
   380  001FEA  50E1               	movf	fsr1l,w,c
   381  001FEC  E1FA               	bnz	copy_data0
   382                           
   383                           ; Initialize objects allocated to BANK0 (31 bytes)
   384                           ; load TBLPTR registers with __pidataBANK0
   385  001FEE  0E27               	movlw	low __pidataBANK0
   386  001FF0  6EF6               	movwf	tblptrl,c
   387  001FF2  0E25               	movlw	high __pidataBANK0
   388  001FF4  6EF7               	movwf	tblptrh,c
   389  001FF6  0E00               	movlw	low (__pidataBANK0 shr (0+16))
   390  001FF8  6EF8               	movwf	tblptru,c
   391  001FFA  EE00  F0AE         	lfsr	0,__pdataBANK0
   392  001FFE  EE10 F01F          	lfsr	1,31
   393  002002                     copy_data1:
   394  002002  0009               	tblrd		*+
   395  002004  CFF5 FFEE          	movff	tablat,postinc0
   396  002008  50E5               	movf	postdec1,w,c
   397  00200A  50E1               	movf	fsr1l,w,c
   398  00200C  E1FA               	bnz	copy_data1
   399                           
   400                           ; Initialize objects allocated to COMRAM (9 bytes)
   401                           ; load TBLPTR registers with __pidataCOMRAM
   402  00200E  0E8E               	movlw	low __pidataCOMRAM
   403  002010  6EF6               	movwf	tblptrl,c
   404  002012  0E25               	movlw	high __pidataCOMRAM
   405  002014  6EF7               	movwf	tblptrh,c
   406  002016  0E00               	movlw	low (__pidataCOMRAM shr (0+16))
   407  002018  6EF8               	movwf	tblptru,c
   408  00201A  EE00  F03B         	lfsr	0,__pdataCOMRAM
   409  00201E  EE10 F009          	lfsr	1,9
   410  002022                     copy_data2:
   411  002022  0009               	tblrd		*+
   412  002024  CFF5 FFEE          	movff	tablat,postinc0
   413  002028  50E5               	movf	postdec1,w,c
   414  00202A  50E1               	movf	fsr1l,w,c
   415  00202C  E1FA               	bnz	copy_data2
   416  00202E                     end_of_initialization:
   417                           	opt stack 0
   418  00202E  0100               	movlb	0
   419  002030  EF48  F000         	goto	_main	;jump to C main() function
   420                           tblptru	equ	0xFF8
   421                           tblptrh	equ	0xFF7
   422                           tblptrl	equ	0xFF6
   423                           tablat	equ	0xFF5
   424                           prodl	equ	0xFF3
   425                           intcon	equ	0xFF2
   426                           intcon2	equ	0xFF1
   427                           postinc0	equ	0xFEE
   428                           wreg	equ	0xFE8
   429                           indf1	equ	0xFE7
   430                           postinc1	equ	0xFE6
   431                           postdec1	equ	0xFE5
   432                           fsr1h	equ	0xFE2
   433                           fsr1l	equ	0xFE1
   434                           indf2	equ	0xFDF
   435                           postinc2	equ	0xFDE
   436                           postdec2	equ	0xFDD
   437                           plusw2	equ	0xFDB
   438                           fsr2h	equ	0xFDA
   439                           fsr2l	equ	0xFD9
   440                           status	equ	0xFD8
   441                           
   442                           	psect	bssCOMRAM
   443  000024                     __pbssCOMRAM:
   444                           	opt stack 0
   445  000024                     _adcStruct:
   446                           	opt stack 0
   447  000024                     	ds	5
   448  000029                     _eLoMem:
   449                           	opt stack 0
   450  000029                     	ds	2
   451  00002B                     _eUpMem:
   452                           	opt stack 0
   453  00002B                     	ds	2
   454  00002D                     _escDecMem:
   455                           	opt stack 0
   456  00002D                     	ds	2
   457  00002F                     _escEntMem:
   458                           	opt stack 0
   459  00002F                     	ds	2
   460  000031                     _vLoMem:
   461                           	opt stack 0
   462  000031                     	ds	2
   463  000033                     _vUpMem:
   464                           	opt stack 0
   465  000033                     	ds	2
   466  000035                     _xLoMem:
   467                           	opt stack 0
   468  000035                     	ds	2
   469  000037                     _xUpMem:
   470                           	opt stack 0
   471  000037                     	ds	2
   472  000039                     _state:
   473                           	opt stack 0
   474  000039                     	ds	1
   475  00003A                     _tOnFlag:
   476                           	opt stack 0
   477  00003A                     	ds	1
   478                           tblptru	equ	0xFF8
   479                           tblptrh	equ	0xFF7
   480                           tblptrl	equ	0xFF6
   481                           tablat	equ	0xFF5
   482                           prodl	equ	0xFF3
   483                           intcon	equ	0xFF2
   484                           intcon2	equ	0xFF1
   485                           postinc0	equ	0xFEE
   486                           wreg	equ	0xFE8
   487                           indf1	equ	0xFE7
   488                           postinc1	equ	0xFE6
   489                           postdec1	equ	0xFE5
   490                           fsr1h	equ	0xFE2
   491                           fsr1l	equ	0xFE1
   492                           indf2	equ	0xFDF
   493                           postinc2	equ	0xFDE
   494                           postdec2	equ	0xFDD
   495                           plusw2	equ	0xFDB
   496                           fsr2h	equ	0xFDA
   497                           fsr2l	equ	0xFD9
   498                           status	equ	0xFD8
   499                           
   500                           	psect	dataCOMRAM
   501  00003B                     __pdataCOMRAM:
   502                           	opt stack 0
   503  00003B                     _kPin:
   504                           	opt stack 0
   505  00003B                     	ds	8
   506  000043                     _setInc:
   507                           	opt stack 0
   508  000043                     	ds	1
   509                           tblptru	equ	0xFF8
   510                           tblptrh	equ	0xFF7
   511                           tblptrl	equ	0xFF6
   512                           tablat	equ	0xFF5
   513                           prodl	equ	0xFF3
   514                           intcon	equ	0xFF2
   515                           intcon2	equ	0xFF1
   516                           postinc0	equ	0xFEE
   517                           wreg	equ	0xFE8
   518                           indf1	equ	0xFE7
   519                           postinc1	equ	0xFE6
   520                           postdec1	equ	0xFE5
   521                           fsr1h	equ	0xFE2
   522                           fsr1l	equ	0xFE1
   523                           indf2	equ	0xFDF
   524                           postinc2	equ	0xFDE
   525                           postdec2	equ	0xFDD
   526                           plusw2	equ	0xFDB
   527                           fsr2h	equ	0xFDA
   528                           fsr2l	equ	0xFD9
   529                           status	equ	0xFD8
   530                           
   531                           	psect	bssBANK0
   532  0000CD                     __pbssBANK0:
   533                           	opt stack 0
   534  0000CD                     _display:
   535                           	opt stack 0
   536  0000CD                     	ds	2
   537  0000CF                     _measurement:
   538                           	opt stack 0
   539  0000CF                     	ds	2
   540  0000D1                     _segments:
   541                           	opt stack 0
   542  0000D1                     	ds	2
   543  0000D3                     _ignoreNextFp:
   544                           	opt stack 0
   545  0000D3                     	ds	1
   546  0000D4                     _kPinBuffer:
   547                           	opt stack 0
   548  0000D4                     	ds	1
   549  0000D5                     _medicionFloat:
   550                           	opt stack 0
   551  0000D5                     	ds	3
   552                           tblptru	equ	0xFF8
   553                           tblptrh	equ	0xFF7
   554                           tblptrl	equ	0xFF6
   555                           tablat	equ	0xFF5
   556                           prodl	equ	0xFF3
   557                           intcon	equ	0xFF2
   558                           intcon2	equ	0xFF1
   559                           postinc0	equ	0xFEE
   560                           wreg	equ	0xFE8
   561                           indf1	equ	0xFE7
   562                           postinc1	equ	0xFE6
   563                           postdec1	equ	0xFE5
   564                           fsr1h	equ	0xFE2
   565                           fsr1l	equ	0xFE1
   566                           indf2	equ	0xFDF
   567                           postinc2	equ	0xFDE
   568                           postdec2	equ	0xFDD
   569                           plusw2	equ	0xFDB
   570                           fsr2h	equ	0xFDA
   571                           fsr2l	equ	0xFD9
   572                           status	equ	0xFD8
   573                           
   574                           	psect	dataBANK0
   575  0000AE                     __pdataBANK0:
   576                           	opt stack 0
   577  0000AE                     _t0DelayConstant:
   578                           	opt stack 0
   579  0000AE                     	ds	26
   580  0000C8                     _muxBuffer:
   581                           	opt stack 0
   582  0000C8                     	ds	5
   583                           tblptru	equ	0xFF8
   584                           tblptrh	equ	0xFF7
   585                           tblptrl	equ	0xFF6
   586                           tablat	equ	0xFF5
   587                           prodl	equ	0xFF3
   588                           intcon	equ	0xFF2
   589                           intcon2	equ	0xFF1
   590                           postinc0	equ	0xFEE
   591                           wreg	equ	0xFE8
   592                           indf1	equ	0xFE7
   593                           postinc1	equ	0xFE6
   594                           postdec1	equ	0xFE5
   595                           fsr1h	equ	0xFE2
   596                           fsr1l	equ	0xFE1
   597                           indf2	equ	0xFDF
   598                           postinc2	equ	0xFDE
   599                           postdec2	equ	0xFDD
   600                           plusw2	equ	0xFDB
   601                           fsr2h	equ	0xFDA
   602                           fsr2l	equ	0xFD9
   603                           status	equ	0xFD8
   604                           
   605                           	psect	bssBANK1
   606  000141                     __pbssBANK1:
   607                           	opt stack 0
   608  000141                     _t0Mem:
   609                           	opt stack 0
   610  000141                     	ds	39
   611  000168                     _x:
   612                           	opt stack 0
   613  000168                     	ds	9
   614  000171                     _y:
   615                           	opt stack 0
   616  000171                     	ds	9
   617                           tblptru	equ	0xFF8
   618                           tblptrh	equ	0xFF7
   619                           tblptrl	equ	0xFF6
   620                           tablat	equ	0xFF5
   621                           prodl	equ	0xFF3
   622                           intcon	equ	0xFF2
   623                           intcon2	equ	0xFF1
   624                           postinc0	equ	0xFEE
   625                           wreg	equ	0xFE8
   626                           indf1	equ	0xFE7
   627                           postinc1	equ	0xFE6
   628                           postdec1	equ	0xFE5
   629                           fsr1h	equ	0xFE2
   630                           fsr1l	equ	0xFE1
   631                           indf2	equ	0xFDF
   632                           postinc2	equ	0xFDE
   633                           postdec2	equ	0xFDD
   634                           plusw2	equ	0xFDB
   635                           fsr2h	equ	0xFDA
   636                           fsr2l	equ	0xFD9
   637                           status	equ	0xFD8
   638                           
   639                           	psect	dataBANK1
   640  00017A                     __pdataBANK1:
   641                           	opt stack 0
   642  00017A                     iir@F4235:
   643                           	opt stack 0
   644  00017A                     	ds	9
   645  000183                     iir@F4237:
   646                           	opt stack 0
   647  000183                     	ds	9
   648  00018C                     _brilloToff:
   649                           	opt stack 0
   650  00018C                     	ds	5
   651  000191                     _brilloTon:
   652                           	opt stack 0
   653  000191                     	ds	5
   654  000196                     _muxFile:
   655                           	opt stack 0
   656  000196                     	ds	7
   657                           tblptru	equ	0xFF8
   658                           tblptrh	equ	0xFF7
   659                           tblptrl	equ	0xFF6
   660                           tablat	equ	0xFF5
   661                           prodl	equ	0xFF3
   662                           intcon	equ	0xFF2
   663                           intcon2	equ	0xFF1
   664                           postinc0	equ	0xFEE
   665                           wreg	equ	0xFE8
   666                           indf1	equ	0xFE7
   667                           postinc1	equ	0xFE6
   668                           postdec1	equ	0xFE5
   669                           fsr1h	equ	0xFE2
   670                           fsr1l	equ	0xFE1
   671                           indf2	equ	0xFDF
   672                           postinc2	equ	0xFDE
   673                           postdec2	equ	0xFDD
   674                           plusw2	equ	0xFDB
   675                           fsr2h	equ	0xFDA
   676                           fsr2l	equ	0xFD9
   677                           status	equ	0xFD8
   678                           
   679                           	psect	cstackBANK1
   680  000100                     __pcstackBANK1:
   681                           	opt stack 0
   682  000100                     _main$2651:
   683                           	opt stack 0
   684                           
   685                           ; 3 bytes @ 0x0
   686  000100                     	ds	3
   687  000103                     _main$301:
   688                           	opt stack 0
   689                           
   690                           ; 2 bytes @ 0x3
   691  000103                     	ds	2
   692  000105                     _main$302:
   693                           	opt stack 0
   694                           
   695                           ; 2 bytes @ 0x5
   696  000105                     	ds	2
   697  000107                     _main$303:
   698                           	opt stack 0
   699                           
   700                           ; 2 bytes @ 0x7
   701  000107                     	ds	2
   702  000109                     _main$304:
   703                           	opt stack 0
   704                           
   705                           ; 2 bytes @ 0x9
   706  000109                     	ds	2
   707  00010B                     _main$305:
   708                           	opt stack 0
   709                           
   710                           ; 2 bytes @ 0xB
   711  00010B                     	ds	2
   712  00010D                     _main$306:
   713                           	opt stack 0
   714                           
   715                           ; 2 bytes @ 0xD
   716  00010D                     	ds	2
   717  00010F                     _main$307:
   718                           	opt stack 0
   719                           
   720                           ; 2 bytes @ 0xF
   721  00010F                     	ds	2
   722  000111                     _main$308:
   723                           	opt stack 0
   724                           
   725                           ; 2 bytes @ 0x11
   726  000111                     	ds	2
   727  000113                     _main$309:
   728                           	opt stack 0
   729                           
   730                           ; 2 bytes @ 0x13
   731  000113                     	ds	2
   732  000115                     _main$310:
   733                           	opt stack 0
   734                           
   735                           ; 2 bytes @ 0x15
   736  000115                     	ds	2
   737  000117                     _main$311:
   738                           	opt stack 0
   739                           
   740                           ; 2 bytes @ 0x17
   741  000117                     	ds	2
   742  000119                     _main$312:
   743                           	opt stack 0
   744                           
   745                           ; 2 bytes @ 0x19
   746  000119                     	ds	2
   747  00011B                     _main$313:
   748                           	opt stack 0
   749                           
   750                           ; 2 bytes @ 0x1B
   751  00011B                     	ds	2
   752  00011D                     _main$314:
   753                           	opt stack 0
   754                           
   755                           ; 2 bytes @ 0x1D
   756  00011D                     	ds	2
   757  00011F                     _main$315:
   758                           	opt stack 0
   759                           
   760                           ; 2 bytes @ 0x1F
   761  00011F                     	ds	2
   762  000121                     _main$316:
   763                           	opt stack 0
   764                           
   765                           ; 2 bytes @ 0x21
   766  000121                     	ds	2
   767  000123                     _main$317:
   768                           	opt stack 0
   769                           
   770                           ; 2 bytes @ 0x23
   771  000123                     	ds	2
   772  000125                     _main$318:
   773                           	opt stack 0
   774                           
   775                           ; 2 bytes @ 0x25
   776  000125                     	ds	2
   777  000127                     _main$319:
   778                           	opt stack 0
   779                           
   780                           ; 2 bytes @ 0x27
   781  000127                     	ds	2
   782  000129                     _main$320:
   783                           	opt stack 0
   784                           
   785                           ; 2 bytes @ 0x29
   786  000129                     	ds	2
   787  00012B                     _main$321:
   788                           	opt stack 0
   789                           
   790                           ; 2 bytes @ 0x2B
   791  00012B                     	ds	2
   792  00012D                     _main$322:
   793                           	opt stack 0
   794                           
   795                           ; 2 bytes @ 0x2D
   796  00012D                     	ds	2
   797  00012F                     _main$323:
   798                           	opt stack 0
   799                           
   800                           ; 2 bytes @ 0x2F
   801  00012F                     	ds	2
   802  000131                     _main$324:
   803                           	opt stack 0
   804                           
   805                           ; 2 bytes @ 0x31
   806  000131                     	ds	2
   807  000133                     _main$325:
   808                           	opt stack 0
   809                           
   810                           ; 2 bytes @ 0x33
   811  000133                     	ds	2
   812  000135                     _main$326:
   813                           	opt stack 0
   814                           
   815                           ; 2 bytes @ 0x35
   816  000135                     	ds	2
   817  000137                     _main$327:
   818                           	opt stack 0
   819                           
   820                           ; 2 bytes @ 0x37
   821  000137                     	ds	2
   822  000139                     _main$328:
   823                           	opt stack 0
   824                           
   825                           ; 2 bytes @ 0x39
   826  000139                     	ds	2
   827  00013B                     _main$329:
   828                           	opt stack 0
   829                           
   830                           ; 2 bytes @ 0x3B
   831  00013B                     	ds	2
   832  00013D                     _main$330:
   833                           	opt stack 0
   834                           
   835                           ; 2 bytes @ 0x3D
   836  00013D                     	ds	2
   837  00013F                     _main$331:
   838                           	opt stack 0
   839                           
   840                           ; 2 bytes @ 0x3F
   841  00013F                     	ds	2
   842                           tblptru	equ	0xFF8
   843                           tblptrh	equ	0xFF7
   844                           tblptrl	equ	0xFF6
   845                           tablat	equ	0xFF5
   846                           prodl	equ	0xFF3
   847                           intcon	equ	0xFF2
   848                           intcon2	equ	0xFF1
   849                           postinc0	equ	0xFEE
   850                           wreg	equ	0xFE8
   851                           indf1	equ	0xFE7
   852                           postinc1	equ	0xFE6
   853                           postdec1	equ	0xFE5
   854                           fsr1h	equ	0xFE2
   855                           fsr1l	equ	0xFE1
   856                           indf2	equ	0xFDF
   857                           postinc2	equ	0xFDE
   858                           postdec2	equ	0xFDD
   859                           plusw2	equ	0xFDB
   860                           fsr2h	equ	0xFDA
   861                           fsr2l	equ	0xFD9
   862                           status	equ	0xFD8
   863                           
   864                           	psect	cstackBANK0
   865  000060                     __pcstackBANK0:
   866                           	opt stack 0
   867  000060                     ?_ee_write_byte:
   868                           	opt stack 0
   869  000060                     ??_systemInit:
   870                           	opt stack 0
   871  000060                     ??_ee_read_byte:
   872                           	opt stack 0
   873  000060                     ??_t0Driver:
   874                           	opt stack 0
   875  000060                     ??_adcDriver:
   876                           	opt stack 0
   877  000060                     ??_adcSetup:
   878                           	opt stack 0
   879  000060                     ??_enterMenu:
   880                           	opt stack 0
   881  000060                     ??_endTestDisplayActions:
   882                           	opt stack 0
   883  000060                     ??_actionsTimeoutShowSetting:
   884                           	opt stack 0
   885  000060                     ?_getConv:
   886                           	opt stack 0
   887  000060                     ?___lwdiv:
   888                           	opt stack 0
   889  000060                     ?___lwmod:
   890                           	opt stack 0
   891  000060                     ?___ftpack:
   892                           	opt stack 0
   893  000060                     ?___fttol:
   894                           	opt stack 0
   895  000060                     ee_write_byte@dat:
   896                           	opt stack 0
   897  000060                     ee_read_byte@addr:
   898                           	opt stack 0
   899  000060                     _actionsTimeoutShowSetting$298:
   900                           	opt stack 0
   901  000060                     ___lwdiv@dividend:
   902                           	opt stack 0
   903  000060                     ___lwmod@dividend:
   904                           	opt stack 0
   905  000060                     ___ftpack@arg:
   906                           	opt stack 0
   907  000060                     ___fttol@f1:
   908                           	opt stack 0
   909                           
   910                           ; 3 bytes @ 0x0
   911  000060                     	ds	1
   912  000061                     ??_ee_write_byte:
   913                           	opt stack 0
   914  000061                     ee_write_byte@addr:
   915                           	opt stack 0
   916                           
   917                           ; 1 bytes @ 0x1
   918  000061                     	ds	1
   919  000062                     ??_getConv:
   920                           	opt stack 0
   921  000062                     t0Driver@i:
   922                           	opt stack 0
   923  000062                     ___lwdiv@divisor:
   924                           	opt stack 0
   925  000062                     ___lwmod@divisor:
   926                           	opt stack 0
   927                           
   928                           ; 2 bytes @ 0x2
   929  000062                     	ds	1
   930  000063                     ___ftpack@exp:
   931                           	opt stack 0
   932                           
   933                           ; 1 bytes @ 0x3
   934  000063                     	ds	1
   935  000064                     ??___fttol:
   936                           	opt stack 0
   937  000064                     ??___lwdiv:
   938                           	opt stack 0
   939  000064                     ??___lwmod:
   940                           	opt stack 0
   941  000064                     ___ftpack@sign:
   942                           	opt stack 0
   943  000064                     ___lwdiv@counter:
   944                           	opt stack 0
   945  000064                     ___lwmod@counter:
   946                           	opt stack 0
   947                           
   948                           ; 1 bytes @ 0x4
   949  000064                     	ds	1
   950  000065                     ??___ftpack:
   951                           	opt stack 0
   952  000065                     ___lwdiv@quotient:
   953                           	opt stack 0
   954                           
   955                           ; 2 bytes @ 0x5
   956  000065                     	ds	2
   957  000067                     ?_uintToStr:
   958                           	opt stack 0
   959  000067                     uintToStr@num:
   960                           	opt stack 0
   961                           
   962                           ; 2 bytes @ 0x7
   963  000067                     	ds	1
   964  000068                     ?___awtoft:
   965                           	opt stack 0
   966  000068                     ?___ftmul:
   967                           	opt stack 0
   968  000068                     adcDriver@ch2Cnv:
   969                           	opt stack 0
   970  000068                     ___awtoft@c:
   971                           	opt stack 0
   972  000068                     ___ftmul@f1:
   973                           	opt stack 0
   974                           
   975                           ; 3 bytes @ 0x8
   976  000068                     	ds	1
   977  000069                     uintToStr@str:
   978                           	opt stack 0
   979  000069                     ___fttol@sign1:
   980                           	opt stack 0
   981                           
   982                           ; 1 bytes @ 0x9
   983  000069                     	ds	1
   984  00006A                     uintToStr@strLen:
   985                           	opt stack 0
   986  00006A                     ___fttol@lval:
   987                           	opt stack 0
   988                           
   989                           ; 4 bytes @ 0xA
   990  00006A                     	ds	1
   991  00006B                     ??_uintToStr:
   992                           	opt stack 0
   993  00006B                     ??___awtoft:
   994                           	opt stack 0
   995  00006B                     uintToStr@i:
   996                           	opt stack 0
   997  00006B                     ___awtoft@sign:
   998                           	opt stack 0
   999  00006B                     ___ftmul@f2:
  1000                           	opt stack 0
  1001                           
  1002                           ; 3 bytes @ 0xB
  1003  00006B                     	ds	1
  1004  00006C                     ?___ftdiv:
  1005                           	opt stack 0
  1006  00006C                     ___ftdiv@f1:
  1007                           	opt stack 0
  1008                           
  1009                           ; 3 bytes @ 0xC
  1010  00006C                     	ds	2
  1011  00006E                     ??___ftmul:
  1012                           	opt stack 0
  1013  00006E                     ___fttol@exp1:
  1014                           	opt stack 0
  1015                           
  1016                           ; 1 bytes @ 0xE
  1017  00006E                     	ds	1
  1018  00006F                     ___ftdiv@f2:
  1019                           	opt stack 0
  1020                           
  1021                           ; 3 bytes @ 0xF
  1022  00006F                     	ds	3
  1023  000072                     ??___ftdiv:
  1024                           	opt stack 0
  1025                           
  1026                           ; 0 bytes @ 0x12
  1027  000072                     	ds	1
  1028  000073                     ___ftmul@exp:
  1029                           	opt stack 0
  1030                           
  1031                           ; 1 bytes @ 0x13
  1032  000073                     	ds	1
  1033  000074                     ___ftmul@f3_as_product:
  1034                           	opt stack 0
  1035                           
  1036                           ; 3 bytes @ 0x14
  1037  000074                     	ds	3
  1038  000077                     ___ftdiv@cntr:
  1039                           	opt stack 0
  1040  000077                     ___ftmul@cntr:
  1041                           	opt stack 0
  1042                           
  1043                           ; 1 bytes @ 0x17
  1044  000077                     	ds	1
  1045  000078                     ___ftmul@sign:
  1046                           	opt stack 0
  1047  000078                     ___ftdiv@f3:
  1048                           	opt stack 0
  1049                           
  1050                           ; 3 bytes @ 0x18
  1051  000078                     	ds	1
  1052  000079                     ?___asftmul:
  1053                           	opt stack 0
  1054  000079                     ___asftmul@f2:
  1055                           	opt stack 0
  1056                           
  1057                           ; 3 bytes @ 0x19
  1058  000079                     	ds	2
  1059  00007B                     ___ftdiv@exp:
  1060                           	opt stack 0
  1061                           
  1062                           ; 1 bytes @ 0x1B
  1063  00007B                     	ds	1
  1064  00007C                     ??___asftmul:
  1065                           	opt stack 0
  1066  00007C                     ___ftdiv@sign:
  1067                           	opt stack 0
  1068  00007C                     ___asftmul@f1p:
  1069                           	opt stack 0
  1070                           
  1071                           ; 1 bytes @ 0x1C
  1072  00007C                     	ds	1
  1073  00007D                     ?___ftadd:
  1074                           	opt stack 0
  1075  00007D                     ?___asftdiv:
  1076                           	opt stack 0
  1077  00007D                     ___asftdiv@f1p:
  1078                           	opt stack 0
  1079  00007D                     ___ftadd@f1:
  1080                           	opt stack 0
  1081                           
  1082                           ; 3 bytes @ 0x1D
  1083  00007D                     	ds	2
  1084  00007F                     ___asftdiv@f2:
  1085                           	opt stack 0
  1086                           
  1087                           ; 3 bytes @ 0x1F
  1088  00007F                     	ds	1
  1089  000080                     ___ftadd@f2:
  1090                           	opt stack 0
  1091                           
  1092                           ; 3 bytes @ 0x20
  1093  000080                     	ds	2
  1094  000082                     ??___asftdiv:
  1095                           	opt stack 0
  1096                           
  1097                           ; 0 bytes @ 0x22
  1098  000082                     	ds	1
  1099  000083                     ??___ftadd:
  1100                           	opt stack 0
  1101                           
  1102                           ; 0 bytes @ 0x23
  1103  000083                     	ds	5
  1104  000088                     ___ftadd@sign:
  1105                           	opt stack 0
  1106                           
  1107                           ; 1 bytes @ 0x28
  1108  000088                     	ds	1
  1109  000089                     ___ftadd@exp2:
  1110                           	opt stack 0
  1111                           
  1112                           ; 1 bytes @ 0x29
  1113  000089                     	ds	1
  1114  00008A                     ___ftadd@exp1:
  1115                           	opt stack 0
  1116                           
  1117                           ; 1 bytes @ 0x2A
  1118  00008A                     	ds	1
  1119  00008B                     ??_incVar:
  1120                           	opt stack 0
  1121  00008B                     ??_decVar:
  1122                           	opt stack 0
  1123  00008B                     ?___ftsub:
  1124                           	opt stack 0
  1125  00008B                     ___ftsub@f1:
  1126                           	opt stack 0
  1127                           
  1128                           ; 3 bytes @ 0x2B
  1129  00008B                     	ds	3
  1130  00008E                     ___ftsub@f2:
  1131                           	opt stack 0
  1132                           
  1133                           ; 3 bytes @ 0x2E
  1134  00008E                     	ds	3
  1135  000091                     ??___ftsub:
  1136                           	opt stack 0
  1137  000091                     ?___asftadd:
  1138                           	opt stack 0
  1139  000091                     ___asftadd@f1p:
  1140                           	opt stack 0
  1141                           
  1142                           ; 2 bytes @ 0x31
  1143  000091                     	ds	2
  1144  000093                     ___asftadd@f2:
  1145                           	opt stack 0
  1146                           
  1147                           ; 3 bytes @ 0x33
  1148  000093                     	ds	3
  1149  000096                     ??___asftadd:
  1150                           	opt stack 0
  1151  000096                     ?_iir:
  1152                           	opt stack 0
  1153  000096                     iir@NewSample:
  1154                           	opt stack 0
  1155                           
  1156                           ; 3 bytes @ 0x36
  1157  000096                     	ds	3
  1158  000099                     ??_iir:
  1159                           	opt stack 0
  1160  000099                     iir@ACoef:
  1161                           	opt stack 0
  1162                           
  1163                           ; 9 bytes @ 0x39
  1164  000099                     	ds	9
  1165  0000A2                     iir@BCoef:
  1166                           	opt stack 0
  1167                           
  1168                           ; 9 bytes @ 0x42
  1169  0000A2                     	ds	9
  1170  0000AB                     iir@n:
  1171                           	opt stack 0
  1172                           
  1173                           ; 1 bytes @ 0x4B
  1174  0000AB                     	ds	1
  1175  0000AC                     ??_main:
  1176                           	opt stack 0
  1177                           
  1178                           ; 0 bytes @ 0x4C
  1179  0000AC                     	ds	2
  1180                           tblptru	equ	0xFF8
  1181                           tblptrh	equ	0xFF7
  1182                           tblptrl	equ	0xFF6
  1183                           tablat	equ	0xFF5
  1184                           prodl	equ	0xFF3
  1185                           intcon	equ	0xFF2
  1186                           intcon2	equ	0xFF1
  1187                           postinc0	equ	0xFEE
  1188                           wreg	equ	0xFE8
  1189                           indf1	equ	0xFE7
  1190                           postinc1	equ	0xFE6
  1191                           postdec1	equ	0xFE5
  1192                           fsr1h	equ	0xFE2
  1193                           fsr1l	equ	0xFE1
  1194                           indf2	equ	0xFDF
  1195                           postinc2	equ	0xFDE
  1196                           postdec2	equ	0xFDD
  1197                           plusw2	equ	0xFDB
  1198                           fsr2h	equ	0xFDA
  1199                           fsr2l	equ	0xFD9
  1200                           status	equ	0xFD8
  1201                           
  1202                           	psect	cstackCOMRAM
  1203  000001                     __pcstackCOMRAM:
  1204                           	opt stack 0
  1205  000001                     ?_systemInit:
  1206                           	opt stack 0
  1207  000001                     ?_t0Driver:
  1208                           	opt stack 0
  1209  000001                     ?_adcDriver:
  1210                           	opt stack 0
  1211  000001                     ?_adcSetup:
  1212                           	opt stack 0
  1213  000001                     ?_isr_timer0:
  1214                           	opt stack 0
  1215  000001                     ?_isr_timer3:
  1216                           	opt stack 0
  1217  000001                     ?_isr_adc:
  1218                           	opt stack 0
  1219  000001                     ??_isr_adc:
  1220                           	opt stack 0
  1221  000001                     ?_char2pins:
  1222                           	opt stack 0
  1223  000001                     ?_kPin_driverDc:
  1224                           	opt stack 0
  1225  000001                     ?_enterMenu:
  1226                           	opt stack 0
  1227  000001                     ?_incVar:
  1228                           	opt stack 0
  1229  000001                     ?_decVar:
  1230                           	opt stack 0
  1231  000001                     ?_endTestDisplayActions:
  1232                           	opt stack 0
  1233  000001                     ?_actionsTimeoutShowSetting:
  1234                           	opt stack 0
  1235  000001                     ?_main:
  1236                           	opt stack 0
  1237  000001                     ?_isr:
  1238                           	opt stack 0
  1239  000001                     ?_isr2:
  1240                           	opt stack 0
  1241  000001                     ?i1_t0Driver:
  1242                           	opt stack 0
  1243  000001                     ??i1_t0Driver:
  1244                           	opt stack 0
  1245  000001                     ?_ee_read_byte:
  1246                           	opt stack 0
  1247  000001                     kPin_driverDc@kCurrLogState:
  1248                           	opt stack 0
  1249                           
  1250                           ; 1 bytes @ 0x0
  1251  000001                     	ds	1
  1252  000002                     ??_kPin_driverDc:
  1253                           	opt stack 0
  1254                           
  1255                           ; 0 bytes @ 0x1
  1256  000002                     	ds	1
  1257  000003                     kPin_driverDc@pi:
  1258                           	opt stack 0
  1259  000003                     i1t0Driver@i:
  1260                           	opt stack 0
  1261                           
  1262                           ; 1 bytes @ 0x2
  1263  000003                     	ds	1
  1264  000004                     ??_isr_timer3:
  1265                           	opt stack 0
  1266  000004                     _isr_timer3$1533:
  1267                           	opt stack 0
  1268                           
  1269                           ; 2 bytes @ 0x3
  1270  000004                     	ds	2
  1271  000006                     ??_isr2:
  1272                           	opt stack 0
  1273                           
  1274                           ; 0 bytes @ 0x5
  1275  000006                     	ds	9
  1276  00000F                     ?_fseek:
  1277                           	opt stack 0
  1278  00000F                     ??_char2pins:
  1279                           	opt stack 0
  1280  00000F                     ?_fgetc:
  1281                           	opt stack 0
  1282  00000F                     char2pins@c:
  1283                           	opt stack 0
  1284  00000F                     fgetc@stream:
  1285                           	opt stack 0
  1286  00000F                     fseek@fp:
  1287                           	opt stack 0
  1288                           
  1289                           ; 2 bytes @ 0xE
  1290  00000F                     	ds	2
  1291  000011                     ??_fgetc:
  1292                           	opt stack 0
  1293  000011                     fseek@offset:
  1294                           	opt stack 0
  1295                           
  1296                           ; 2 bytes @ 0x10
  1297  000011                     	ds	2
  1298  000013                     fseek@mode:
  1299                           	opt stack 0
  1300                           
  1301                           ; 2 bytes @ 0x12
  1302  000013                     	ds	2
  1303  000015                     ??_fseek:
  1304                           	opt stack 0
  1305                           
  1306                           ; 0 bytes @ 0x14
  1307  000015                     	ds	1
  1308  000016                     ??_isr_timer0:
  1309                           	opt stack 0
  1310  000016                     ??_isr:
  1311                           	opt stack 0
  1312                           
  1313                           ; 0 bytes @ 0x15
  1314  000016                     	ds	14
  1315                           tblptru	equ	0xFF8
  1316                           tblptrh	equ	0xFF7
  1317                           tblptrl	equ	0xFF6
  1318                           tablat	equ	0xFF5
  1319                           prodl	equ	0xFF3
  1320                           intcon	equ	0xFF2
  1321                           intcon2	equ	0xFF1
  1322                           postinc0	equ	0xFEE
  1323                           wreg	equ	0xFE8
  1324                           indf1	equ	0xFE7
  1325                           postinc1	equ	0xFE6
  1326                           postdec1	equ	0xFE5
  1327                           fsr1h	equ	0xFE2
  1328                           fsr1l	equ	0xFE1
  1329                           indf2	equ	0xFDF
  1330                           postinc2	equ	0xFDE
  1331                           postdec2	equ	0xFDD
  1332                           plusw2	equ	0xFDB
  1333                           fsr2h	equ	0xFDA
  1334                           fsr2l	equ	0xFD9
  1335                           status	equ	0xFD8
  1336                           
  1337 ;;
  1338 ;;Main: autosize = 0, tempsize = 2, incstack = 0, save=0
  1339 ;;
  1340 ;; *************** function _main *****************
  1341 ;; Defined at:
  1342 ;;		line 364 in file "C:\fgr\16gb\0000 interior\deVolt\sw\main.c"
  1343 ;; Parameters:    Size  Location     Type
  1344 ;;		None
  1345 ;; Auto vars:     Size  Location     Type
  1346 ;;		None
  1347 ;; Return value:  Size  Location     Type
  1348 ;;		None               void
  1349 ;; Registers used:
  1350 ;;		wreg, fsr1l, fsr1h, fsr2l, fsr2h, status,2, status,0, prodl, prodh, cstack
  1351 ;; Tracked objects:
  1352 ;;		On entry : 0/0
  1353 ;;		On exit  : F/1
  1354 ;;		Unchanged: 0/0
  1355 ;; Data sizes:     COMRAM   BANK0   BANK1   BANK2   BANK3   BANK4   BANK5   BANK6   BANK7
  1356 ;;      Params:         0       0       0       0       0       0       0       0       0
  1357 ;;      Locals:         0       0      65       0       0       0       0       0       0
  1358 ;;      Temps:          0       2       0       0       0       0       0       0       0
  1359 ;;      Totals:         0       2      65       0       0       0       0       0       0
  1360 ;;Total ram usage:       67 bytes
  1361 ;; Hardware stack levels required when called:   10
  1362 ;; This function calls:
  1363 ;;		_systemInit
  1364 ;;		_ee_read_byte
  1365 ;;		___awtoft
  1366 ;;		___ftdiv
  1367 ;;		___ftadd
  1368 ;;		_t0Driver
  1369 ;;		_actionsTimeoutShowSetting
  1370 ;;		_enterMenu
  1371 ;;		_endTestDisplayActions
  1372 ;;		_adcDriver
  1373 ;;		_getConv
  1374 ;;		_iir
  1375 ;;		___asftmul
  1376 ;;		___fttol
  1377 ;;		_uintToStr
  1378 ;;		_incVar
  1379 ;;		_decVar
  1380 ;; This function is called by:
  1381 ;;		Startup code after reset
  1382 ;; This function uses a non-reentrant model
  1383 ;;
  1384                           
  1385                           	psect	text0
  1386  000090                     __ptext0:
  1387                           	opt stack 0
  1388  000090                     _main:
  1389                           	opt stack 21
  1390                           
  1391                           ;main.c: 369: systemInit();
  1392                           
  1393                           ; BSR set to: 1
  1394  000090  ECDB  F010         	call	_systemInit	;wreg free
  1395                           
  1396                           ;main.c: 370: segments.portState = 0x01;
  1397  000094  0E01               	movlw	1
  1398  000096  0100               	movlb	0	; () banked
  1399  000098  6FD2               	movwf	(_segments+1)& (0+255),b
  1400                           
  1401                           ; BSR set to: 0
  1402                           ;main.c: 374: { brilloMem = ee_read_byte(0); };
  1403  00009A  0E00               	movlw	0
  1404  00009C  ECB0  F012         	call	_ee_read_byte
  1405  0000A0  6E45               	movwf	_brilloMem,c
  1406                           
  1407                           ; BSR set to: 0
  1408                           ;main.c: 375: { advModeMem = ee_read_byte(1); };
  1409  0000A2  0E01               	movlw	1
  1410  0000A4  ECB0  F012         	call	_ee_read_byte
  1411  0000A8  6E44               	movwf	_advModeMem,c
  1412                           
  1413                           ; BSR set to: 0
  1414                           ;main.c: 377: { escEntMem = 0x00; escEntMem |= ee_read_byte(14) << 8; escEntMem |= ee_re
      +                          ad_byte(14 + 1) << 0; };
  1415  0000AA  6A2F               	clrf	_escEntMem,c
  1416  0000AC  6A30               	clrf	_escEntMem+1,c
  1417                           
  1418                           ; BSR set to: 0
  1419  0000AE  0E0E               	movlw	14
  1420  0000B0  ECB0  F012         	call	_ee_read_byte
  1421  0000B4  6FAD               	movwf	(??_main+1)& (0+255),b
  1422  0000B6  6BAC               	clrf	??_main& (0+255),b
  1423  0000B8  51AC               	movf	??_main& (0+255),w,b
  1424  0000BA  122F               	iorwf	_escEntMem,f,c
  1425  0000BC  51AD               	movf	(??_main+1)& (0+255),w,b
  1426  0000BE  1230               	iorwf	_escEntMem+1,f,c
  1427                           
  1428                           ; BSR set to: 0
  1429  0000C0  0E0F               	movlw	15
  1430  0000C2  ECB0  F012         	call	_ee_read_byte
  1431  0000C6  122F               	iorwf	_escEntMem,f,c
  1432                           
  1433                           ; BSR set to: 0
  1434                           ;main.c: 378: { escDecMem = 0x00; escDecMem |= ee_read_byte(16) << 8; escDecMem |= ee_re
      +                          ad_byte(16 + 1) << 0; };
  1435  0000C8  6A2D               	clrf	_escDecMem,c
  1436  0000CA  6A2E               	clrf	_escDecMem+1,c
  1437                           
  1438                           ; BSR set to: 0
  1439  0000CC  0E10               	movlw	16
  1440  0000CE  ECB0  F012         	call	_ee_read_byte
  1441  0000D2  6FAD               	movwf	(??_main+1)& (0+255),b
  1442  0000D4  6BAC               	clrf	??_main& (0+255),b
  1443  0000D6  51AC               	movf	??_main& (0+255),w,b
  1444  0000D8  122D               	iorwf	_escDecMem,f,c
  1445  0000DA  51AD               	movf	(??_main+1)& (0+255),w,b
  1446  0000DC  122E               	iorwf	_escDecMem+1,f,c
  1447                           
  1448                           ; BSR set to: 0
  1449  0000DE  0E11               	movlw	17
  1450  0000E0  ECB0  F012         	call	_ee_read_byte
  1451  0000E4  122D               	iorwf	_escDecMem,f,c
  1452                           
  1453                           ; BSR set to: 0
  1454                           ;main.c: 379: escala = (float) escEntMem + (float) escDecMem / 1000.0;
  1455  0000E6  C02F  F068         	movff	_escEntMem,?___awtoft
  1456  0000EA  C030  F069         	movff	_escEntMem+1,?___awtoft+1
  1457  0000EE  EC26  F012         	call	___awtoft	;wreg free
  1458  0000F2  EC7E  F009         	call	PL2	;call to abstracted procedure
  1459  0000F6  EC26  F012         	call	___awtoft	;wreg free
  1460  0000FA  C068  F06C         	movff	?___awtoft,?___ftdiv
  1461  0000FE  C069  F06D         	movff	?___awtoft+1,?___ftdiv+1
  1462  000102  C06A  F06E         	movff	?___awtoft+2,?___ftdiv+2
  1463  000106  EC33  F00D         	call	___ftdiv	;wreg free
  1464  00010A  C06C  F080         	movff	?___ftdiv,?___ftadd+3
  1465  00010E  C06D  F081         	movff	?___ftdiv+1,?___ftadd+4
  1466  000112  C06E  F082         	movff	?___ftdiv+2,?___ftadd+5
  1467  000116  EC6A  F00B         	call	___ftadd	;wreg free
  1468  00011A  C07D  F0D8         	movff	?___ftadd,_escala
  1469  00011E  C07E  F0D9         	movff	?___ftadd+1,_escala+1
  1470  000122  C07F  F0DA         	movff	?___ftadd+2,_escala+2
  1471                           
  1472                           ; BSR set to: 0
  1473                           ;main.c: 381: { xLoMem = 0x00; xLoMem |= ee_read_byte(2) << 8; xLoMem |= ee_read_byte(2 
      +                          + 1) << 0; };
  1474  000126  6A35               	clrf	_xLoMem,c
  1475  000128  6A36               	clrf	_xLoMem+1,c
  1476                           
  1477                           ; BSR set to: 0
  1478  00012A  0E02               	movlw	2
  1479  00012C  ECB0  F012         	call	_ee_read_byte
  1480  000130  6FAD               	movwf	(??_main+1)& (0+255),b
  1481  000132  6BAC               	clrf	??_main& (0+255),b
  1482  000134  51AC               	movf	??_main& (0+255),w,b
  1483  000136  1235               	iorwf	_xLoMem,f,c
  1484  000138  51AD               	movf	(??_main+1)& (0+255),w,b
  1485  00013A  1236               	iorwf	_xLoMem+1,f,c
  1486                           
  1487                           ; BSR set to: 0
  1488  00013C  0E03               	movlw	3
  1489  00013E  ECB0  F012         	call	_ee_read_byte
  1490  000142  1235               	iorwf	_xLoMem,f,c
  1491                           
  1492                           ; BSR set to: 0
  1493                           ;main.c: 382: { xUpMem = 0x00; xUpMem |= ee_read_byte(4) << 8; xUpMem |= ee_read_byte(4 
      +                          + 1) << 0; };
  1494  000144  6A37               	clrf	_xUpMem,c
  1495  000146  6A38               	clrf	_xUpMem+1,c
  1496                           
  1497                           ; BSR set to: 0
  1498  000148  0E04               	movlw	4
  1499  00014A  ECB0  F012         	call	_ee_read_byte
  1500  00014E  6FAD               	movwf	(??_main+1)& (0+255),b
  1501  000150  6BAC               	clrf	??_main& (0+255),b
  1502  000152  51AC               	movf	??_main& (0+255),w,b
  1503  000154  1237               	iorwf	_xUpMem,f,c
  1504  000156  51AD               	movf	(??_main+1)& (0+255),w,b
  1505  000158  1238               	iorwf	_xUpMem+1,f,c
  1506                           
  1507                           ; BSR set to: 0
  1508  00015A  0E05               	movlw	5
  1509  00015C  ECB0  F012         	call	_ee_read_byte
  1510  000160  1237               	iorwf	_xUpMem,f,c
  1511                           
  1512                           ; BSR set to: 0
  1513                           ;main.c: 383: { eLoMem = 0x00; eLoMem |= ee_read_byte(6) << 8; eLoMem |= ee_read_byte(6 
      +                          + 1) << 0; };
  1514  000162  6A29               	clrf	_eLoMem,c
  1515  000164  6A2A               	clrf	_eLoMem+1,c
  1516                           
  1517                           ; BSR set to: 0
  1518  000166  0E06               	movlw	6
  1519  000168  ECB0  F012         	call	_ee_read_byte
  1520  00016C  6FAD               	movwf	(??_main+1)& (0+255),b
  1521  00016E  6BAC               	clrf	??_main& (0+255),b
  1522  000170  51AC               	movf	??_main& (0+255),w,b
  1523  000172  1229               	iorwf	_eLoMem,f,c
  1524  000174  51AD               	movf	(??_main+1)& (0+255),w,b
  1525  000176  122A               	iorwf	_eLoMem+1,f,c
  1526                           
  1527                           ; BSR set to: 0
  1528  000178  0E07               	movlw	7
  1529  00017A  ECB0  F012         	call	_ee_read_byte
  1530  00017E  1229               	iorwf	_eLoMem,f,c
  1531                           
  1532                           ; BSR set to: 0
  1533                           ;main.c: 384: { eUpMem = 0x00; eUpMem |= ee_read_byte(8) << 8; eUpMem |= ee_read_byte(8 
      +                          + 1) << 0; };
  1534  000180  6A2B               	clrf	_eUpMem,c
  1535  000182  6A2C               	clrf	_eUpMem+1,c
  1536                           
  1537                           ; BSR set to: 0
  1538  000184  0E08               	movlw	8
  1539  000186  ECB0  F012         	call	_ee_read_byte
  1540  00018A  6FAD               	movwf	(??_main+1)& (0+255),b
  1541  00018C  6BAC               	clrf	??_main& (0+255),b
  1542  00018E  51AC               	movf	??_main& (0+255),w,b
  1543  000190  122B               	iorwf	_eUpMem,f,c
  1544  000192  51AD               	movf	(??_main+1)& (0+255),w,b
  1545  000194  122C               	iorwf	_eUpMem+1,f,c
  1546                           
  1547                           ; BSR set to: 0
  1548  000196  0E09               	movlw	9
  1549  000198  ECB0  F012         	call	_ee_read_byte
  1550  00019C  122B               	iorwf	_eUpMem,f,c
  1551                           
  1552                           ; BSR set to: 0
  1553                           ;main.c: 385: { vLoMem = 0x00; vLoMem |= ee_read_byte(10) << 8; vLoMem |= ee_read_byte(1
      +                          0 + 1) << 0; };
  1554  00019E  6A31               	clrf	_vLoMem,c
  1555  0001A0  6A32               	clrf	_vLoMem+1,c
  1556                           
  1557                           ; BSR set to: 0
  1558  0001A2  0E0A               	movlw	10
  1559  0001A4  ECB0  F012         	call	_ee_read_byte
  1560  0001A8  6FAD               	movwf	(??_main+1)& (0+255),b
  1561  0001AA  6BAC               	clrf	??_main& (0+255),b
  1562  0001AC  51AC               	movf	??_main& (0+255),w,b
  1563  0001AE  1231               	iorwf	_vLoMem,f,c
  1564  0001B0  51AD               	movf	(??_main+1)& (0+255),w,b
  1565  0001B2  1232               	iorwf	_vLoMem+1,f,c
  1566                           
  1567                           ; BSR set to: 0
  1568  0001B4  0E0B               	movlw	11
  1569  0001B6  ECB0  F012         	call	_ee_read_byte
  1570  0001BA  1231               	iorwf	_vLoMem,f,c
  1571                           
  1572                           ; BSR set to: 0
  1573                           ;main.c: 386: { vUpMem = 0x00; vUpMem |= ee_read_byte(12) << 8; vUpMem |= ee_read_byte(1
      +                          2 + 1) << 0; };
  1574  0001BC  6A33               	clrf	_vUpMem,c
  1575  0001BE  6A34               	clrf	_vUpMem+1,c
  1576                           
  1577                           ; BSR set to: 0
  1578  0001C0  0E0C               	movlw	12
  1579  0001C2  ECB0  F012         	call	_ee_read_byte
  1580  0001C6  6FAD               	movwf	(??_main+1)& (0+255),b
  1581  0001C8  6BAC               	clrf	??_main& (0+255),b
  1582  0001CA  51AC               	movf	??_main& (0+255),w,b
  1583  0001CC  1233               	iorwf	_vUpMem,f,c
  1584  0001CE  51AD               	movf	(??_main+1)& (0+255),w,b
  1585  0001D0  1234               	iorwf	_vUpMem+1,f,c
  1586                           
  1587                           ; BSR set to: 0
  1588  0001D2  0E0D               	movlw	13
  1589  0001D4  ECB0  F012         	call	_ee_read_byte
  1590  0001D8  1233               	iorwf	_vUpMem,f,c
  1591                           
  1592                           ; BSR set to: 0
  1593                           ;main.c: 388: PORTCbits.RC6 = 1;
  1594  0001DA  8C82               	bsf	3970,6,c	;volatile
  1595                           
  1596                           ; BSR set to: 0
  1597                           ;main.c: 389: muxBuffer[0] = '8';
  1598  0001DC  0E38               	movlw	56
  1599  0001DE  6FC8               	movwf	_muxBuffer& (0+255),b
  1600                           
  1601                           ; BSR set to: 0
  1602                           ;main.c: 390: muxBuffer[1] = '8';
  1603  0001E0  6FC9               	movwf	(_muxBuffer+1)& (0+255),b
  1604                           
  1605                           ; BSR set to: 0
  1606                           ;main.c: 391: muxBuffer[2] = '8';
  1607  0001E2  6FCA               	movwf	(_muxBuffer+2)& (0+255),b
  1608                           
  1609                           ; BSR set to: 0
  1610                           ;main.c: 392: muxBuffer[ADV] = 'x';
  1611  0001E4  0E78               	movlw	120
  1612  0001E6  6FCB               	movwf	(_muxBuffer+3)& (0+255),b
  1613                           
  1614                           ; BSR set to: 0
  1615                           ;main.c: 394: { t0Mem[T0_250MS].flag=0; t0Mem[T0_250MS].prescaler=t0DelayConstant[T0_250
      +                          MS]; t0Mem[T0_250MS].pause=0; t0Mem[T0_250MS].loop=1; };
  1616  0001E8  0101               	movlb	1	; () banked
  1617  0001EA  934F               	bcf	(_t0Mem+14)& (0+255),1,b
  1618                           
  1619                           ; BSR set to: 1
  1620  0001EC  C0B6  F14D         	movff	_t0DelayConstant+8,_t0Mem+12
  1621  0001F0  C0B7  F14E         	movff	_t0DelayConstant+9,_t0Mem+13
  1622                           
  1623                           ; BSR set to: 1
  1624  0001F4  954F               	bcf	(_t0Mem+14)& (0+255),2,b
  1625                           
  1626                           ; BSR set to: 1
  1627  0001F6  814F               	bsf	(_t0Mem+14)& (0+255),0,b
  1628                           
  1629                           ; BSR set to: 1
  1630                           ;main.c: 397: { t0Mem[T0_TEST_DISPLAYS].flag=0; t0Mem[T0_TEST_DISPLAYS].prescaler=t0Dela
      +                          yConstant[T0_TEST_DISPLAYS]; t0Mem[T0_TEST_DISPLAYS].pause=0; };
  1631  0001F8  935B               	bcf	(_t0Mem+26)& (0+255),1,b
  1632                           
  1633                           ; BSR set to: 1
  1634  0001FA  C0BE  F159         	movff	_t0DelayConstant+16,_t0Mem+24
  1635  0001FE  C0BF  F15A         	movff	_t0DelayConstant+17,_t0Mem+25
  1636                           
  1637                           ; BSR set to: 1
  1638  000202  955B               	bcf	(_t0Mem+26)& (0+255),2,b
  1639                           
  1640                           ; BSR set to: 1
  1641                           ;main.c: 398: { t0Mem[T0_TEST_ADVERTENCIA].flag=0; t0Mem[T0_TEST_ADVERTENCIA].prescaler=
      +                          t0DelayConstant[T0_TEST_ADVERTENCIA]; t0Mem[T0_TEST_ADVERTENCIA].pause=0; };
  1642  000204  935E               	bcf	(_t0Mem+29)& (0+255),1,b
  1643                           
  1644                           ; BSR set to: 1
  1645  000206  C0C0  F15C         	movff	_t0DelayConstant+18,_t0Mem+27
  1646  00020A  C0C1  F15D         	movff	_t0DelayConstant+19,_t0Mem+28
  1647                           
  1648                           ; BSR set to: 1
  1649  00020E  955E               	bcf	(_t0Mem+29)& (0+255),2,b
  1650  000210                     l6595:
  1651                           
  1652                           ; BSR set to: 1
  1653                           ;main.c: 401: {
  1654                           ;main.c: 402: if((t0Mem[T0_250MS].flag?!(t0Mem[T0_250MS].flag=0):0))
  1655  000210  B34F               	btfsc	(_t0Mem+14)& (0+255),1,b
  1656  000212  D002               	goto	l6599
  1657                           
  1658                           ; BSR set to: 1
  1659  000214  6B03               	clrf	_main$301& (0+255),b
  1660  000216  D00A               	goto	L1
  1661  000218                     l6599:
  1662                           
  1663                           ; BSR set to: 1
  1664  000218  514F               	movf	(_t0Mem+14)& (0+255),w,b
  1665  00021A  0BFD               	andlw	-3
  1666  00021C  6F4F               	movwf	(_t0Mem+14)& (0+255),b
  1667  00021E  0101               	movlb	1	; () banked
  1668  000220  314F               	rrcf	(_t0Mem+14)& (0+255),w,b
  1669  000222  0B01               	andlw	1
  1670  000224  0E00               	movlw	0
  1671  000226  B4D8               	btfsc	status,2,c
  1672  000228  0E01               	movlw	1
  1673  00022A  6F03               	movwf	_main$301& (0+255),b
  1674  00022C                     L1:
  1675  00022C  6B04               	clrf	(_main$301+1)& (0+255),b
  1676                           
  1677                           ; BSR set to: 1
  1678  00022E  5104               	movf	(_main$301+1)& (0+255),w,b
  1679  000230  1103               	iorwf	_main$301& (0+255),w,b
  1680  000232  E01E               	bz	l6603
  1681                           
  1682                           ; BSR set to: 1
  1683                           ;main.c: 403: {
  1684                           ;main.c: 404: t0Driver(T0_LONG_PULS_UP);
  1685  000234  0E00               	movlw	0
  1686  000236  ECF5  F00E         	call	_t0Driver
  1687                           
  1688                           ;main.c: 405: t0Driver(T0_LONG_PULS_DWN);
  1689  00023A  0E01               	movlw	1
  1690  00023C  ECF5  F00E         	call	_t0Driver
  1691                           
  1692                           ;main.c: 406: t0Driver(T0_TEST_DISPLAYS);
  1693  000240  0E08               	movlw	8
  1694  000242  ECF5  F00E         	call	_t0Driver
  1695                           
  1696                           ;main.c: 407: t0Driver(T0_TEST_ADVERTENCIA);
  1697  000246  0E09               	movlw	9
  1698  000248  ECF5  F00E         	call	_t0Driver
  1699                           
  1700                           ;main.c: 408: t0Driver(T0_SHOW_MENU);
  1701  00024C  0E03               	movlw	3
  1702  00024E  ECF5  F00E         	call	_t0Driver
  1703                           
  1704                           ;main.c: 409: t0Driver(T0_SHOW_SETTING);
  1705  000252  0E05               	movlw	5
  1706  000254  ECF5  F00E         	call	_t0Driver
  1707                           
  1708                           ;main.c: 410: t0Driver(T0_SHOW_SETTING_OFF);
  1709  000258  0E07               	movlw	7
  1710  00025A  ECF5  F00E         	call	_t0Driver
  1711                           
  1712                           ;main.c: 411: t0Driver(T0_SHOW_SETTING_ON);
  1713  00025E  0E06               	movlw	6
  1714  000260  ECF5  F00E         	call	_t0Driver
  1715                           
  1716                           ;main.c: 412: t0Driver(T0_SHOW_DESCRIPTION);
  1717  000264  0E0A               	movlw	10
  1718  000266  ECF5  F00E         	call	_t0Driver
  1719                           
  1720                           ;main.c: 413: t0Driver(T0_SPACE);
  1721  00026A  0E0B               	movlw	11
  1722  00026C  ECF5  F00E         	call	_t0Driver
  1723  000270                     l6603:
  1724                           
  1725                           ;main.c: 414: }
  1726                           ;main.c: 416: if((t0Mem[T0_SHOW_MENU].flag?!(t0Mem[T0_SHOW_MENU].flag=0):0)) state=E_IDL
      +                          E;
  1727  000270  0101               	movlb	1	; () banked
  1728  000272  B34C               	btfsc	(_t0Mem+11)& (0+255),1,b
  1729  000274  D002               	goto	l6607
  1730                           
  1731                           ; BSR set to: 1
  1732  000276  6B05               	clrf	_main$302& (0+255),b
  1733  000278  D00A               	goto	L2
  1734  00027A                     l6607:
  1735                           
  1736                           ; BSR set to: 1
  1737  00027A  514C               	movf	(_t0Mem+11)& (0+255),w,b
  1738  00027C  0BFD               	andlw	-3
  1739  00027E  6F4C               	movwf	(_t0Mem+11)& (0+255),b
  1740  000280  0101               	movlb	1	; () banked
  1741  000282  314C               	rrcf	(_t0Mem+11)& (0+255),w,b
  1742  000284  0B01               	andlw	1
  1743  000286  0E00               	movlw	0
  1744  000288  B4D8               	btfsc	status,2,c
  1745  00028A  0E01               	movlw	1
  1746  00028C  6F05               	movwf	_main$302& (0+255),b
  1747  00028E                     L2:
  1748  00028E  6B06               	clrf	(_main$302+1)& (0+255),b
  1749                           
  1750                           ; BSR set to: 1
  1751  000290  5106               	movf	(_main$302+1)& (0+255),w,b
  1752  000292  1105               	iorwf	_main$302& (0+255),w,b
  1753  000294  E002               	bz	l6611
  1754                           
  1755                           ; BSR set to: 1
  1756  000296  0E01               	movlw	1
  1757  000298  6E39               	movwf	_state,c
  1758  00029A                     l6611:
  1759                           
  1760                           ; BSR set to: 1
  1761                           ;main.c: 419: actionsTimeoutShowSetting();
  1762  00029A  EC1A  F010         	call	_actionsTimeoutShowSetting	;wreg free
  1763                           
  1764                           ;main.c: 421: if((t0Mem[T0_LONG_PULS_UP].flag?!(t0Mem[T0_LONG_PULS_UP].flag=0):0))
  1765  00029E  0101               	movlb	1	; () banked
  1766  0002A0  B343               	btfsc	(_t0Mem+2)& (0+255),1,b
  1767  0002A2  D002               	goto	l6617
  1768                           
  1769                           ; BSR set to: 1
  1770  0002A4  6B07               	clrf	_main$303& (0+255),b
  1771  0002A6  D00A               	goto	L3
  1772  0002A8                     l6617:
  1773                           
  1774                           ; BSR set to: 1
  1775  0002A8  5143               	movf	(_t0Mem+2)& (0+255),w,b
  1776  0002AA  0BFD               	andlw	-3
  1777  0002AC  6F43               	movwf	(_t0Mem+2)& (0+255),b
  1778  0002AE  0101               	movlb	1	; () banked
  1779  0002B0  3143               	rrcf	(_t0Mem+2)& (0+255),w,b
  1780  0002B2  0B01               	andlw	1
  1781  0002B4  0E00               	movlw	0
  1782  0002B6  B4D8               	btfsc	status,2,c
  1783  0002B8  0E01               	movlw	1
  1784  0002BA  6F07               	movwf	_main$303& (0+255),b
  1785  0002BC                     L3:
  1786  0002BC  6B08               	clrf	(_main$303+1)& (0+255),b
  1787                           
  1788                           ; BSR set to: 1
  1789  0002BE  5108               	movf	(_main$303+1)& (0+255),w,b
  1790  0002C0  1107               	iorwf	_main$303& (0+255),w,b
  1791  0002C2  E030               	bz	l173
  1792                           
  1793                           ; BSR set to: 1
  1794                           ;main.c: 422: {
  1795                           ;main.c: 423: { t0Mem[T0_SHOW_MENU].prescaler=0; };
  1796                           
  1797                           ;main.c: 424: PORTCbits.RC6 = 1;
  1798                           
  1799                           ;main.c: 425: { t0Mem[T0_BEEP].flag=0; t0Mem[T0_BEEP].prescaler=t0DelayConstant[T0_BEEP]
      +                          ; t0Mem[T0_BEEP].pause=0; };
  1800                           
  1801                           ;main.c: 426: { t0Mem[T0_SHOW_SETTING].flag=0; t0Mem[T0_SHOW_SETTING].prescaler=t0DelayC
      +                          onstant[T0_SHOW_SETTING]; t0Mem[T0_SHOW_SETTING].pause=0; };
  1802  0002C4  ECE4  F006         	call	PL10	;call to abstracted procedure
  1803                           
  1804                           ;main.c: 427: { t0Mem[T0_SHOW_SETTING_ON].flag=0; t0Mem[T0_SHOW_SETTING_ON].prescaler=t0
      +                          DelayConstant[T0_SHOW_SETTING_ON]; t0Mem[T0_SHOW_SETTING_ON].pause=0; };
  1805  0002C8  ECBC  F006         	call	PL3	;call to abstracted procedure
  1806                           
  1807                           ; BSR set to: 1
  1808                           ;main.c: 428: enterMenu();
  1809  0002CC  EC16  F011         	call	_enterMenu	;wreg free
  1810                           
  1811                           ; BSR set to: 1
  1812                           ;main.c: 429: ignoreNextFp = 1;
  1813  0002D0  0E01               	movlw	1
  1814  0002D2  0100               	movlb	0	; () banked
  1815  0002D4  6FD3               	movwf	_ignoreNextFp& (0+255),b
  1816                           
  1817                           ; BSR set to: 0
  1818                           ;main.c: 430: if( state==E_SET_ADV_XLO || state==E_SET_ADV_XUP
  1819                           ;main.c: 431: || state==E_SET_ADV_ELO || state==E_SET_ADV_EUP
  1820                           ;main.c: 432: || state==E_SET_ADV_VLO || state==E_SET_ADV_VUP
  1821                           ;main.c: 433: || state==E_SET_ESCALA_ENT || state==E_SET_ESCALA_DEC)
  1822  0002D6  5039               	movf	_state,w,c
  1823  0002D8  0A0F               	xorlw	15
  1824  0002DA  E01D               	bz	l6649
  1825                           
  1826                           ; BSR set to: 0
  1827  0002DC  5039               	movf	_state,w,c
  1828  0002DE  0A11               	xorlw	17
  1829  0002E0  E01A               	bz	l6649
  1830                           
  1831                           ; BSR set to: 0
  1832  0002E2  5039               	movf	_state,w,c
  1833  0002E4  0A13               	xorlw	19
  1834  0002E6  E017               	bz	l6649
  1835                           
  1836                           ; BSR set to: 0
  1837  0002E8  5039               	movf	_state,w,c
  1838  0002EA  0A15               	xorlw	21
  1839  0002EC  E014               	bz	l6649
  1840                           
  1841                           ; BSR set to: 0
  1842  0002EE  5039               	movf	_state,w,c
  1843  0002F0  0A17               	xorlw	23
  1844  0002F2  E011               	bz	l6649
  1845                           
  1846                           ; BSR set to: 0
  1847  0002F4  5039               	movf	_state,w,c
  1848  0002F6  0A19               	xorlw	25
  1849  0002F8  E00E               	bz	l6649
  1850                           
  1851                           ; BSR set to: 0
  1852  0002FA  5039               	movf	_state,w,c
  1853  0002FC  0A0A               	xorlw	10
  1854  0002FE  E00B               	bz	l6649
  1855                           
  1856                           ; BSR set to: 0
  1857  000300  5039               	movf	_state,w,c
  1858  000302  0A0C               	xorlw	12
  1859  000304  E008               	bz	l6649
  1860  000306  D00E               	goto	l173
  1861  000308                     l6641:
  1862                           
  1863                           ; BSR set to: 0
  1864  000308  0E0A               	movlw	10
  1865  00030A  D003               	goto	L5
  1866  00030C                     l6643:
  1867                           
  1868                           ; BSR set to: 0
  1869  00030C  0E64               	movlw	100
  1870  00030E  D001               	goto	L5
  1871  000310                     l6645:
  1872                           
  1873                           ; BSR set to: 0
  1874  000310  0E01               	movlw	1
  1875  000312                     L5:
  1876  000312  6E43               	movwf	_setInc,c
  1877  000314  D007               	goto	l173
  1878  000316                     l6649:
  1879                           
  1880                           ; BSR set to: 0
  1881  000316  5043               	movf	_setInc,w,c
  1882                           
  1883                           ; Switch size 1, requested type "space"
  1884                           ; Number of cases is 3, Range of values is 1 to 100
  1885                           ; switch strategies available:
  1886                           ; Name         Instructions Cycles
  1887                           ; simple_byte           10     6 (average)
  1888                           ;	Chosen strategy is simple_byte
  1889  000318  0A01               	xorlw	1	; case 1
  1890  00031A  E0F6               	bz	l6641
  1891  00031C  0A0B               	xorlw	11	; case 10
  1892  00031E  E0F6               	bz	l6643
  1893  000320  0A6E               	xorlw	110	; case 100
  1894  000322  E0F6               	bz	l6645
  1895  000324                     l173:
  1896                           
  1897                           ;main.c: 440: }
  1898                           ;main.c: 442: if((t0Mem[T0_LONG_PULS_DWN].flag?!(t0Mem[T0_LONG_PULS_DWN].flag=0):0))
  1899  000324  0101               	movlb	1	; () banked
  1900  000326  B346               	btfsc	(_t0Mem+5)& (0+255),1,b
  1901  000328  D002               	goto	l6653
  1902                           
  1903                           ; BSR set to: 1
  1904  00032A  6B09               	clrf	_main$304& (0+255),b
  1905  00032C  D00A               	goto	L6
  1906  00032E                     l6653:
  1907                           
  1908                           ; BSR set to: 1
  1909  00032E  5146               	movf	(_t0Mem+5)& (0+255),w,b
  1910  000330  0BFD               	andlw	-3
  1911  000332  6F46               	movwf	(_t0Mem+5)& (0+255),b
  1912  000334  0101               	movlb	1	; () banked
  1913  000336  3146               	rrcf	(_t0Mem+5)& (0+255),w,b
  1914  000338  0B01               	andlw	1
  1915  00033A  0E00               	movlw	0
  1916  00033C  B4D8               	btfsc	status,2,c
  1917  00033E  0E01               	movlw	1
  1918  000340  6F09               	movwf	_main$304& (0+255),b
  1919  000342                     L6:
  1920  000342  6B0A               	clrf	(_main$304+1)& (0+255),b
  1921                           
  1922                           ; BSR set to: 1
  1923  000344  510A               	movf	(_main$304+1)& (0+255),w,b
  1924  000346  1109               	iorwf	_main$304& (0+255),w,b
  1925  000348  E030               	bz	l186
  1926                           
  1927                           ; BSR set to: 1
  1928                           ;main.c: 443: {
  1929                           ;main.c: 444: { t0Mem[T0_SHOW_MENU].prescaler=0; };
  1930                           
  1931                           ;main.c: 445: PORTCbits.RC6=1;
  1932                           
  1933                           ;main.c: 446: { t0Mem[T0_BEEP].flag=0; t0Mem[T0_BEEP].prescaler=t0DelayConstant[T0_BEEP]
      +                          ; t0Mem[T0_BEEP].pause=0; };
  1934                           
  1935                           ;main.c: 447: { t0Mem[T0_SHOW_SETTING].flag=0; t0Mem[T0_SHOW_SETTING].prescaler=t0DelayC
      +                          onstant[T0_SHOW_SETTING]; t0Mem[T0_SHOW_SETTING].pause=0; };
  1936  00034A  ECE4  F006         	call	PL10	;call to abstracted procedure
  1937                           
  1938                           ;main.c: 448: { t0Mem[T0_SHOW_SETTING_ON].flag=0; t0Mem[T0_SHOW_SETTING_ON].prescaler=t0
      +                          DelayConstant[T0_SHOW_SETTING_ON]; t0Mem[T0_SHOW_SETTING_ON].pause=0; };
  1939  00034E  ECBC  F006         	call	PL3	;call to abstracted procedure
  1940                           
  1941                           ; BSR set to: 1
  1942                           ;main.c: 449: enterMenu();
  1943  000352  EC16  F011         	call	_enterMenu	;wreg free
  1944                           
  1945                           ; BSR set to: 1
  1946                           ;main.c: 450: ignoreNextFp=1;
  1947  000356  0E01               	movlw	1
  1948  000358  0100               	movlb	0	; () banked
  1949  00035A  6FD3               	movwf	_ignoreNextFp& (0+255),b
  1950                           
  1951                           ; BSR set to: 0
  1952                           ;main.c: 451: if( state==E_SET_ADV_XLO || state==E_SET_ADV_XUP
  1953                           ;main.c: 452: || state==E_SET_ADV_ELO || state==E_SET_ADV_EUP
  1954                           ;main.c: 453: || state==E_SET_ADV_VLO || state==E_SET_ADV_VUP
  1955                           ;main.c: 454: || state==E_SET_ESCALA_ENT || state==E_SET_ESCALA_DEC)
  1956  00035C  5039               	movf	_state,w,c
  1957  00035E  0A0F               	xorlw	15
  1958  000360  E01D               	bz	l6685
  1959                           
  1960                           ; BSR set to: 0
  1961  000362  5039               	movf	_state,w,c
  1962  000364  0A11               	xorlw	17
  1963  000366  E01A               	bz	l6685
  1964                           
  1965                           ; BSR set to: 0
  1966  000368  5039               	movf	_state,w,c
  1967  00036A  0A13               	xorlw	19
  1968  00036C  E017               	bz	l6685
  1969                           
  1970                           ; BSR set to: 0
  1971  00036E  5039               	movf	_state,w,c
  1972  000370  0A15               	xorlw	21
  1973  000372  E014               	bz	l6685
  1974                           
  1975                           ; BSR set to: 0
  1976  000374  5039               	movf	_state,w,c
  1977  000376  0A17               	xorlw	23
  1978  000378  E011               	bz	l6685
  1979                           
  1980                           ; BSR set to: 0
  1981  00037A  5039               	movf	_state,w,c
  1982  00037C  0A19               	xorlw	25
  1983  00037E  E00E               	bz	l6685
  1984                           
  1985                           ; BSR set to: 0
  1986  000380  5039               	movf	_state,w,c
  1987  000382  0A0A               	xorlw	10
  1988  000384  E00B               	bz	l6685
  1989                           
  1990                           ; BSR set to: 0
  1991  000386  5039               	movf	_state,w,c
  1992  000388  0A0C               	xorlw	12
  1993  00038A  E008               	bz	l6685
  1994  00038C  D00E               	goto	l186
  1995  00038E                     l6677:
  1996                           
  1997                           ; BSR set to: 0
  1998  00038E  0E64               	movlw	100
  1999  000390  D003               	goto	L8
  2000  000392                     l6679:
  2001                           
  2002                           ; BSR set to: 0
  2003  000392  0E01               	movlw	1
  2004  000394  D001               	goto	L8
  2005  000396                     l6681:
  2006                           
  2007                           ; BSR set to: 0
  2008  000396  0E0A               	movlw	10
  2009  000398                     L8:
  2010  000398  6E43               	movwf	_setInc,c
  2011  00039A  D007               	goto	l186
  2012  00039C                     l6685:
  2013                           
  2014                           ; BSR set to: 0
  2015  00039C  5043               	movf	_setInc,w,c
  2016                           
  2017                           ; Switch size 1, requested type "space"
  2018                           ; Number of cases is 3, Range of values is 1 to 100
  2019                           ; switch strategies available:
  2020                           ; Name         Instructions Cycles
  2021                           ; simple_byte           10     6 (average)
  2022                           ;	Chosen strategy is simple_byte
  2023  00039E  0A01               	xorlw	1	; case 1
  2024  0003A0  E0F6               	bz	l6677
  2025  0003A2  0A0B               	xorlw	11	; case 10
  2026  0003A4  E0F6               	bz	l6679
  2027  0003A6  0A6E               	xorlw	110	; case 100
  2028  0003A8  E0F6               	bz	l6681
  2029  0003AA                     l186:
  2030                           
  2031                           ;main.c: 461: }
  2032                           ;main.c: 465: if(state==E_TEST_DISPLAYS)
  2033  0003AA  6639               	tstfsz	_state,c
  2034  0003AC  D03B               	goto	l6711
  2035                           
  2036                           ;main.c: 466: {
  2037                           ;main.c: 467: if((t0Mem[T0_TEST_ADVERTENCIA].flag?!(t0Mem[T0_TEST_ADVERTENCIA].flag=0):0
      +                          ))
  2038  0003AE  0101               	movlb	1	; () banked
  2039  0003B0  B35E               	btfsc	(_t0Mem+29)& (0+255),1,b
  2040  0003B2  D002               	goto	l6691
  2041                           
  2042                           ; BSR set to: 1
  2043  0003B4  6B0B               	clrf	_main$305& (0+255),b
  2044  0003B6  D00A               	goto	L9
  2045  0003B8                     l6691:
  2046                           
  2047                           ; BSR set to: 1
  2048  0003B8  515E               	movf	(_t0Mem+29)& (0+255),w,b
  2049  0003BA  0BFD               	andlw	-3
  2050  0003BC  6F5E               	movwf	(_t0Mem+29)& (0+255),b
  2051  0003BE  0101               	movlb	1	; () banked
  2052  0003C0  315E               	rrcf	(_t0Mem+29)& (0+255),w,b
  2053  0003C2  0B01               	andlw	1
  2054  0003C4  0E00               	movlw	0
  2055  0003C6  B4D8               	btfsc	status,2,c
  2056  0003C8  0E01               	movlw	1
  2057  0003CA  6F0B               	movwf	_main$305& (0+255),b
  2058  0003CC                     L9:
  2059  0003CC  6B0C               	clrf	(_main$305+1)& (0+255),b
  2060                           
  2061                           ; BSR set to: 1
  2062  0003CE  510C               	movf	(_main$305+1)& (0+255),w,b
  2063  0003D0  110B               	iorwf	_main$305& (0+255),w,b
  2064  0003D2  E011               	bz	l6703
  2065                           
  2066                           ; BSR set to: 1
  2067                           ;main.c: 468: {
  2068                           ;main.c: 469: { t0Mem[T0_TEST_ADVERTENCIA].flag=0; t0Mem[T0_TEST_ADVERTENCIA].prescaler=
      +                          t0DelayConstant[T0_TEST_ADVERTENCIA]; t0Mem[T0_TEST_ADVERTENCIA].pause=0; };
  2069  0003D4  935E               	bcf	(_t0Mem+29)& (0+255),1,b
  2070  0003D6  C0C0  F15C         	movff	_t0DelayConstant+18,_t0Mem+27
  2071  0003DA  C0C1  F15D         	movff	_t0DelayConstant+19,_t0Mem+28
  2072  0003DE  955E               	bcf	(_t0Mem+29)& (0+255),2,b
  2073                           
  2074                           ; BSR set to: 1
  2075                           ;main.c: 470: if(muxBuffer[ADV]=='x') muxBuffer[ADV]='!';
  2076  0003E0  0100               	movlb	0	; () banked
  2077  0003E2  51CB               	movf	(_muxBuffer+3)& (0+255),w,b
  2078  0003E4  0A78               	xorlw	120
  2079  0003E6  E102               	bnz	l6699
  2080                           
  2081                           ; BSR set to: 0
  2082  0003E8  0E21               	movlw	33
  2083  0003EA  D004               	goto	L10
  2084  0003EC                     l6699:
  2085                           
  2086                           ; BSR set to: 0
  2087                           ;main.c: 471: else if(muxBuffer[ADV]=='!') muxBuffer[ADV]='v';
  2088  0003EC  51CB               	movf	(_muxBuffer+3)& (0+255),w,b
  2089  0003EE  0A21               	xorlw	33
  2090  0003F0  E102               	bnz	l6703
  2091                           
  2092                           ; BSR set to: 0
  2093  0003F2  0E76               	movlw	118
  2094  0003F4                     L10:
  2095  0003F4  6FCB               	movwf	(_muxBuffer+3)& (0+255),b
  2096  0003F6                     l6703:
  2097                           
  2098                           ;main.c: 472: }
  2099                           ;main.c: 473: if((t0Mem[T0_TEST_DISPLAYS].flag?!(t0Mem[T0_TEST_DISPLAYS].flag=0):0)) end
      +                          TestDisplayActions();
  2100  0003F6  0101               	movlb	1	; () banked
  2101  0003F8  B35B               	btfsc	(_t0Mem+26)& (0+255),1,b
  2102  0003FA  D002               	goto	l6707
  2103                           
  2104                           ; BSR set to: 1
  2105  0003FC  6B0D               	clrf	_main$306& (0+255),b
  2106  0003FE  D00A               	goto	L11
  2107  000400                     l6707:
  2108                           
  2109                           ; BSR set to: 1
  2110  000400  515B               	movf	(_t0Mem+26)& (0+255),w,b
  2111  000402  0BFD               	andlw	-3
  2112  000404  6F5B               	movwf	(_t0Mem+26)& (0+255),b
  2113  000406  0101               	movlb	1	; () banked
  2114  000408  315B               	rrcf	(_t0Mem+26)& (0+255),w,b
  2115  00040A  0B01               	andlw	1
  2116  00040C  0E00               	movlw	0
  2117  00040E  B4D8               	btfsc	status,2,c
  2118  000410  0E01               	movlw	1
  2119  000412  6F0D               	movwf	_main$306& (0+255),b
  2120  000414                     L11:
  2121  000414  6B0E               	clrf	(_main$306+1)& (0+255),b
  2122                           
  2123                           ; BSR set to: 1
  2124  000416  510E               	movf	(_main$306+1)& (0+255),w,b
  2125  000418  110D               	iorwf	_main$306& (0+255),w,b
  2126  00041A  E101 D3D3          	bz	l7193
  2127                           
  2128                           ; BSR set to: 1
  2129  00041E  EC6F  F012         	call	_endTestDisplayActions	;wreg free
  2130                           
  2131                           ;main.c: 474: }
  2132  000422  D3D0               	goto	l7193
  2133  000424                     l6711:
  2134                           
  2135                           ;main.c: 475: else if(state==E_IDLE)
  2136  000424  0439               	decf	_state,w,c
  2137  000426  E001 D1A9          	bnz	l6893
  2138                           
  2139                           ;main.c: 476: {
  2140                           ;main.c: 477: adcDriver();
  2141  00042A  EC41  F00F         	call	_adcDriver	;wreg free
  2142                           
  2143                           ;main.c: 478: if((t0Mem[T0_ADCSAMPLE].flag?!(t0Mem[T0_ADCSAMPLE].flag=0):0)) ((adcStruct
      +                          .flgs2convert) |= 1UL << (12));
  2144  00042E  0101               	movlb	1	; () banked
  2145  000430  B367               	btfsc	(_t0Mem+38)& (0+255),1,b
  2146  000432  D002               	goto	l6719
  2147                           
  2148                           ; BSR set to: 1
  2149  000434  6B0F               	clrf	_main$307& (0+255),b
  2150  000436  D00A               	goto	L12
  2151  000438                     l6719:
  2152                           
  2153                           ; BSR set to: 1
  2154  000438  5167               	movf	(_t0Mem+38)& (0+255),w,b
  2155  00043A  0BFD               	andlw	-3
  2156  00043C  6F67               	movwf	(_t0Mem+38)& (0+255),b
  2157  00043E  0101               	movlb	1	; () banked
  2158  000440  3167               	rrcf	(_t0Mem+38)& (0+255),w,b
  2159  000442  0B01               	andlw	1
  2160  000444  0E00               	movlw	0
  2161  000446  B4D8               	btfsc	status,2,c
  2162  000448  0E01               	movlw	1
  2163  00044A  6F0F               	movwf	_main$307& (0+255),b
  2164  00044C                     L12:
  2165  00044C  6B10               	clrf	(_main$307+1)& (0+255),b
  2166                           
  2167                           ; BSR set to: 1
  2168  00044E  5110               	movf	(_main$307+1)& (0+255),w,b
  2169  000450  110F               	iorwf	_main$307& (0+255),w,b
  2170  000452  A4D8               	btfss	status,2,c
  2171                           
  2172                           ; BSR set to: 1
  2173  000454  8827               	bsf	_adcStruct+3,4,c
  2174                           
  2175                           ; BSR set to: 1
  2176                           ;main.c: 479: if((adcStruct.completeFlg && adcStruct.chComp==12))
  2177  000456  A024               	btfss	_adcStruct,0,c
  2178  000458  D3B5               	goto	l7193
  2179                           
  2180                           ; BSR set to: 1
  2181  00045A  5025               	movf	_adcStruct+1,w,c
  2182  00045C  0A0C               	xorlw	12
  2183  00045E  E001 D3B1          	bnz	l7193
  2184                           
  2185                           ; BSR set to: 1
  2186                           ;main.c: 480: {
  2187                           ;main.c: 483: medicionFloat=iir((getConv()-21.8)/2.327);
  2188  000462  0E66               	movlw	102
  2189  000464  0100               	movlb	0	; () banked
  2190  000466  6F80               	movwf	(?___ftadd+3)& (0+255),b
  2191  000468  0EAE               	movlw	174
  2192  00046A  6F81               	movwf	(?___ftadd+4)& (0+255),b
  2193  00046C  0EC1               	movlw	193
  2194  00046E  6F82               	movwf	(?___ftadd+5)& (0+255),b
  2195  000470  ECC0  F012         	call	_getConv	;wreg free
  2196  000474  C060  F068         	movff	?_getConv,?___awtoft
  2197  000478  C061  F069         	movff	?_getConv+1,?___awtoft+1
  2198  00047C  EC26  F012         	call	___awtoft	;wreg free
  2199  000480  C068  F07D         	movff	?___awtoft,?___ftadd
  2200  000484  C069  F07E         	movff	?___awtoft+1,?___ftadd+1
  2201  000488  C06A  F07F         	movff	?___awtoft+2,?___ftadd+2
  2202  00048C  EC6A  F00B         	call	___ftadd	;wreg free
  2203  000490  C07D  F06C         	movff	?___ftadd,?___ftdiv
  2204  000494  C07E  F06D         	movff	?___ftadd+1,?___ftdiv+1
  2205  000498  C07F  F06E         	movff	?___ftadd+2,?___ftdiv+2
  2206  00049C  0EEE               	movlw	238
  2207  00049E  6F6F               	movwf	(?___ftdiv+3)& (0+255),b
  2208  0004A0  0E14               	movlw	20
  2209  0004A2  6F70               	movwf	(?___ftdiv+4)& (0+255),b
  2210  0004A4  0E40               	movlw	64
  2211  0004A6  6F71               	movwf	(?___ftdiv+5)& (0+255),b
  2212  0004A8  EC33  F00D         	call	___ftdiv	;wreg free
  2213  0004AC  C06C  F100         	movff	?___ftdiv,_main$2651
  2214  0004B0  C06D  F101         	movff	?___ftdiv+1,_main$2651+1
  2215  0004B4  C06E  F102         	movff	?___ftdiv+2,_main$2651+2
  2216                           
  2217                           ; BSR set to: 0
  2218                           ;main.c: 480: {
  2219                           ;main.c: 483: medicionFloat=iir((getConv()-21.8)/2.327);
  2220  0004B8  C100  F096         	movff	_main$2651,?_iir
  2221  0004BC  C101  F097         	movff	_main$2651+1,?_iir+1
  2222  0004C0  C102  F098         	movff	_main$2651+2,?_iir+2
  2223  0004C4  ECA3  F00A         	call	_iir	;wreg free
  2224  0004C8  C096  F0D5         	movff	?_iir,_medicionFloat
  2225  0004CC  C097  F0D6         	movff	?_iir+1,_medicionFloat+1
  2226  0004D0  C098  F0D7         	movff	?_iir+2,_medicionFloat+2
  2227                           
  2228                           ; BSR set to: 0
  2229                           ;main.c: 484: medicionFloat=medicionFloat*escala;
  2230  0004D4  C0D8  F079         	movff	_escala,?___asftmul
  2231  0004D8  C0D9  F07A         	movff	_escala+1,?___asftmul+1
  2232  0004DC  C0DA  F07B         	movff	_escala+2,?___asftmul+2
  2233  0004E0  0ED5               	movlw	_medicionFloat& (0+255)
  2234  0004E2  ECEA  F011         	call	___asftmul
  2235                           
  2236                           ; BSR set to: 0
  2237                           ;main.c: 486: measurement=medicionFloat;
  2238  0004E6  C0D5  F060         	movff	_medicionFloat,?___fttol
  2239  0004EA  C0D6  F061         	movff	_medicionFloat+1,?___fttol+1
  2240  0004EE  C0D7  F062         	movff	_medicionFloat+2,?___fttol+2
  2241  0004F2  ECA4  F00D         	call	___fttol	;wreg free
  2242  0004F6  C060  F0CF         	movff	?___fttol,_measurement
  2243  0004FA  C061  F0D0         	movff	?___fttol+1,_measurement+1
  2244                           
  2245                           ; BSR set to: 0
  2246                           ;main.c: 490: if(measurement>999) measurement=999;
  2247  0004FE  0EE8               	movlw	232
  2248  000500  5DCF               	subwf	_measurement& (0+255),w,b
  2249  000502  0E03               	movlw	3
  2250  000504  59D0               	subwfb	(_measurement+1)& (0+255),w,b
  2251  000506  E304               	bnc	l6739
  2252                           
  2253                           ; BSR set to: 0
  2254  000508  0E03               	movlw	3
  2255  00050A  6FD0               	movwf	(_measurement+1)& (0+255),b
  2256  00050C  0EE7               	movlw	231
  2257  00050E  6FCF               	movwf	_measurement& (0+255),b
  2258  000510                     l6739:
  2259                           
  2260                           ; BSR set to: 0
  2261                           ;main.c: 491: uintToStr(measurement,&muxBuffer[0],3);
  2262  000510  C0CF  F067         	movff	_measurement,?_uintToStr
  2263  000514  C0D0  F068         	movff	_measurement+1,?_uintToStr+1
  2264  000518  0EC8               	movlw	low _muxBuffer
  2265  00051A  6F69               	movwf	(?_uintToStr+2)& (0+255),b
  2266  00051C  0E03               	movlw	3
  2267  00051E  6F6A               	movwf	(?_uintToStr+3)& (0+255),b
  2268  000520  EC3F  F011         	call	_uintToStr	;wreg free
  2269                           
  2270                           ;main.c: 493: switch(advModeMem)
  2271  000524  D115               	goto	l6891
  2272  000526                     l6741:
  2273                           
  2274                           ; BSR set to: 0
  2275  000526  0E20               	movlw	32
  2276  000528  D133               	goto	L17
  2277  00052A                     l6743:
  2278                           
  2279                           ; BSR set to: 0
  2280                           ;main.c: 497: if(measurement<=xLoMem || measurement>=xUpMem) muxBuffer[3]='-';
  2281  00052A  51CF               	movf	_measurement& (0+255),w,b
  2282  00052C  5C35               	subwf	_xLoMem,w,c
  2283  00052E  51D0               	movf	(_measurement+1)& (0+255),w,b
  2284  000530  5836               	subwfb	_xLoMem+1,w,c
  2285  000532  E205               	bc	l6747
  2286                           
  2287                           ; BSR set to: 0
  2288  000534  5037               	movf	_xUpMem,w,c
  2289  000536  5DCF               	subwf	_measurement& (0+255),w,b
  2290  000538  5038               	movf	_xUpMem+1,w,c
  2291  00053A  59D0               	subwfb	(_measurement+1)& (0+255),w,b
  2292  00053C  E302               	bnc	l6749
  2293  00053E                     l6747:
  2294                           
  2295                           ; BSR set to: 0
  2296  00053E  0E2D               	movlw	45
  2297  000540  D127               	goto	L17
  2298  000542                     l6749:
  2299                           
  2300                           ; BSR set to: 0
  2301                           ;main.c: 498: else if(measurement>xLoMem && measurement < eLoMem
  2302                           ;main.c: 499: || measurement>eUpMem && measurement<xUpMem) muxBuffer[3]='x';
  2303  000542  51CF               	movf	_measurement& (0+255),w,b
  2304  000544  5C35               	subwf	_xLoMem,w,c
  2305  000546  51D0               	movf	(_measurement+1)& (0+255),w,b
  2306  000548  5836               	subwfb	_xLoMem+1,w,c
  2307  00054A  E205               	bc	l6753
  2308                           
  2309                           ; BSR set to: 0
  2310  00054C  5029               	movf	_eLoMem,w,c
  2311  00054E  5DCF               	subwf	_measurement& (0+255),w,b
  2312  000550  502A               	movf	_eLoMem+1,w,c
  2313  000552  59D0               	subwfb	(_measurement+1)& (0+255),w,b
  2314  000554  E308               	bnc	l6757
  2315  000556                     l6753:
  2316                           
  2317                           ; BSR set to: 0
  2318  000556  EC0E  F007         	call	PL27	;call to abstracted procedure
  2319  00055A  E207               	bc	l6759
  2320                           
  2321                           ; BSR set to: 0
  2322  00055C  5037               	movf	_xUpMem,w,c
  2323  00055E  5DCF               	subwf	_measurement& (0+255),w,b
  2324  000560  5038               	movf	_xUpMem+1,w,c
  2325  000562  59D0               	subwfb	(_measurement+1)& (0+255),w,b
  2326  000564  E202               	bc	l6759
  2327  000566                     l6757:
  2328                           
  2329                           ; BSR set to: 0
  2330  000566  0E78               	movlw	120
  2331  000568  D113               	goto	L17
  2332  00056A                     l6759:
  2333                           
  2334                           ; BSR set to: 0
  2335                           ;main.c: 500: else if(measurement>eLoMem && measurement < vLoMem
  2336                           ;main.c: 501: || measurement>vUpMem && measurement<eUpMem) muxBuffer[3]='!';
  2337  00056A  51CF               	movf	_measurement& (0+255),w,b
  2338  00056C  5C29               	subwf	_eLoMem,w,c
  2339  00056E  51D0               	movf	(_measurement+1)& (0+255),w,b
  2340  000570  582A               	subwfb	_eLoMem+1,w,c
  2341  000572  E205               	bc	l6763
  2342                           
  2343                           ; BSR set to: 0
  2344  000574  5031               	movf	_vLoMem,w,c
  2345  000576  5DCF               	subwf	_measurement& (0+255),w,b
  2346  000578  5032               	movf	_vLoMem+1,w,c
  2347  00057A  59D0               	subwfb	(_measurement+1)& (0+255),w,b
  2348  00057C  E30A               	bnc	l6767
  2349  00057E                     l6763:
  2350                           
  2351                           ; BSR set to: 0
  2352  00057E  51CF               	movf	_measurement& (0+255),w,b
  2353  000580  5C33               	subwf	_vUpMem,w,c
  2354  000582  51D0               	movf	(_measurement+1)& (0+255),w,b
  2355  000584  5834               	subwfb	_vUpMem+1,w,c
  2356  000586  E207               	bc	l6769
  2357                           
  2358                           ; BSR set to: 0
  2359  000588  502B               	movf	_eUpMem,w,c
  2360  00058A  5DCF               	subwf	_measurement& (0+255),w,b
  2361  00058C  502C               	movf	_eUpMem+1,w,c
  2362  00058E  59D0               	subwfb	(_measurement+1)& (0+255),w,b
  2363  000590  E202               	bc	l6769
  2364  000592                     l6767:
  2365                           
  2366                           ; BSR set to: 0
  2367  000592  0E21               	movlw	33
  2368  000594  D0FD               	goto	L17
  2369  000596                     l6769:
  2370                           
  2371                           ; BSR set to: 0
  2372                           ;main.c: 502: else if(measurement>=vLoMem && measurement<=vUpMem) muxBuffer[3]='v';
  2373  000596  5031               	movf	_vLoMem,w,c
  2374  000598  5DCF               	subwf	_measurement& (0+255),w,b
  2375  00059A  5032               	movf	_vLoMem+1,w,c
  2376  00059C  59D0               	subwfb	(_measurement+1)& (0+255),w,b
  2377  00059E  E201 D311          	bnc	l7193
  2378                           
  2379                           ; BSR set to: 0
  2380  0005A2  51CF               	movf	_measurement& (0+255),w,b
  2381  0005A4  5C33               	subwf	_vUpMem,w,c
  2382  0005A6  51D0               	movf	(_measurement+1)& (0+255),w,b
  2383  0005A8  5834               	subwfb	_vUpMem+1,w,c
  2384  0005AA  E201 D30B          	bnc	l7193
  2385  0005AE  D20C               	goto	L46
  2386  0005B0                     l6775:
  2387                           
  2388                           ; BSR set to: 0
  2389                           ;main.c: 505: if(measurement<=xLoMem || measurement>=xUpMem) muxBuffer[3]='x';
  2390  0005B0  51CF               	movf	_measurement& (0+255),w,b
  2391  0005B2  5C35               	subwf	_xLoMem,w,c
  2392  0005B4  51D0               	movf	(_measurement+1)& (0+255),w,b
  2393  0005B6  5836               	subwfb	_xLoMem+1,w,c
  2394  0005B8  E2D6               	bc	l6757
  2395                           
  2396                           ; BSR set to: 0
  2397  0005BA  5037               	movf	_xUpMem,w,c
  2398  0005BC  5DCF               	subwf	_measurement& (0+255),w,b
  2399  0005BE  5038               	movf	_xUpMem+1,w,c
  2400  0005C0  59D0               	subwfb	(_measurement+1)& (0+255),w,b
  2401  0005C2  E2D1               	bc	l6757
  2402                           
  2403                           ; BSR set to: 0
  2404                           ;main.c: 506: else if(measurement>xLoMem && measurement < vLoMem
  2405                           ;main.c: 507: || measurement>vUpMem && measurement<xUpMem) muxBuffer[3]='!';
  2406  0005C4  51CF               	movf	_measurement& (0+255),w,b
  2407  0005C6  5C35               	subwf	_xLoMem,w,c
  2408  0005C8  51D0               	movf	(_measurement+1)& (0+255),w,b
  2409  0005CA  5836               	subwfb	_xLoMem+1,w,c
  2410  0005CC  E205               	bc	l6785
  2411                           
  2412                           ; BSR set to: 0
  2413  0005CE  5031               	movf	_vLoMem,w,c
  2414  0005D0  5DCF               	subwf	_measurement& (0+255),w,b
  2415  0005D2  5032               	movf	_vLoMem+1,w,c
  2416  0005D4  59D0               	subwfb	(_measurement+1)& (0+255),w,b
  2417  0005D6  E3DD               	bnc	l6767
  2418  0005D8                     l6785:
  2419                           
  2420                           ; BSR set to: 0
  2421  0005D8  51CF               	movf	_measurement& (0+255),w,b
  2422  0005DA  5C33               	subwf	_vUpMem,w,c
  2423  0005DC  51D0               	movf	(_measurement+1)& (0+255),w,b
  2424  0005DE  5834               	subwfb	_vUpMem+1,w,c
  2425  0005E0  E205               	bc	l6791
  2426                           
  2427                           ; BSR set to: 0
  2428  0005E2  5037               	movf	_xUpMem,w,c
  2429  0005E4  5DCF               	subwf	_measurement& (0+255),w,b
  2430  0005E6  5038               	movf	_xUpMem+1,w,c
  2431  0005E8  59D0               	subwfb	(_measurement+1)& (0+255),w,b
  2432  0005EA  E3D3               	bnc	l6767
  2433  0005EC                     l6791:
  2434                           
  2435                           ; BSR set to: 0
  2436                           ;main.c: 508: else if(measurement>=vLoMem && measurement<=vUpMem) muxBuffer[3]='v';
  2437  0005EC  5031               	movf	_vLoMem,w,c
  2438  0005EE  5DCF               	subwf	_measurement& (0+255),w,b
  2439  0005F0  5032               	movf	_vLoMem+1,w,c
  2440  0005F2  59D0               	subwfb	(_measurement+1)& (0+255),w,b
  2441  0005F4  E201 D2E6          	bnc	l7193
  2442                           
  2443                           ; BSR set to: 0
  2444  0005F8  51CF               	movf	_measurement& (0+255),w,b
  2445  0005FA  5C33               	subwf	_vUpMem,w,c
  2446  0005FC  51D0               	movf	(_measurement+1)& (0+255),w,b
  2447  0005FE  5834               	subwfb	_vUpMem+1,w,c
  2448  000600                     L18:
  2449  000600  E301 D1E2          	bc	L46
  2450  000604  D2DF               	goto	l7193
  2451  000606                     l6797:
  2452                           
  2453                           ; BSR set to: 0
  2454                           ;main.c: 511: if(measurement<=xLoMem || measurement>=xUpMem) muxBuffer[3]='v';
  2455  000606  51CF               	movf	_measurement& (0+255),w,b
  2456  000608  5C35               	subwf	_xLoMem,w,c
  2457  00060A  51D0               	movf	(_measurement+1)& (0+255),w,b
  2458  00060C  5836               	subwfb	_xLoMem+1,w,c
  2459  00060E  E301 D1DB          	bc	L46
  2460                           
  2461                           ; BSR set to: 0
  2462  000612  5037               	movf	_xUpMem,w,c
  2463  000614  5DCF               	subwf	_measurement& (0+255),w,b
  2464  000616  5038               	movf	_xUpMem+1,w,c
  2465  000618  59D0               	subwfb	(_measurement+1)& (0+255),w,b
  2466  00061A  E301 D1D5          	bc	L46
  2467                           
  2468                           ; BSR set to: 0
  2469                           ;main.c: 512: else if(measurement>xLoMem && measurement < vLoMem
  2470                           ;main.c: 513: || measurement>vUpMem && measurement<xUpMem) muxBuffer[3]='!';
  2471  00061E  51CF               	movf	_measurement& (0+255),w,b
  2472  000620  5C35               	subwf	_xLoMem,w,c
  2473  000622  51D0               	movf	(_measurement+1)& (0+255),w,b
  2474  000624  5836               	subwfb	_xLoMem+1,w,c
  2475  000626  E205               	bc	l6807
  2476                           
  2477                           ; BSR set to: 0
  2478  000628  5031               	movf	_vLoMem,w,c
  2479  00062A  5DCF               	subwf	_measurement& (0+255),w,b
  2480  00062C  5032               	movf	_vLoMem+1,w,c
  2481  00062E  59D0               	subwfb	(_measurement+1)& (0+255),w,b
  2482  000630  E3B0               	bnc	l6767
  2483  000632                     l6807:
  2484                           
  2485                           ; BSR set to: 0
  2486  000632  51CF               	movf	_measurement& (0+255),w,b
  2487  000634  5C33               	subwf	_vUpMem,w,c
  2488  000636  51D0               	movf	(_measurement+1)& (0+255),w,b
  2489  000638  5834               	subwfb	_vUpMem+1,w,c
  2490  00063A  E205               	bc	l6813
  2491                           
  2492                           ; BSR set to: 0
  2493  00063C  5037               	movf	_xUpMem,w,c
  2494  00063E  5DCF               	subwf	_measurement& (0+255),w,b
  2495  000640  5038               	movf	_xUpMem+1,w,c
  2496  000642  59D0               	subwfb	(_measurement+1)& (0+255),w,b
  2497  000644  E3A6               	bnc	l6767
  2498  000646                     l6813:
  2499                           
  2500                           ; BSR set to: 0
  2501                           ;main.c: 514: else if(measurement>=vLoMem && measurement<=vUpMem) muxBuffer[3]='x';
  2502  000646  5031               	movf	_vLoMem,w,c
  2503  000648  5DCF               	subwf	_measurement& (0+255),w,b
  2504  00064A  5032               	movf	_vLoMem+1,w,c
  2505  00064C  59D0               	subwfb	(_measurement+1)& (0+255),w,b
  2506  00064E  E201 D2B9          	bnc	l7193
  2507                           
  2508                           ; BSR set to: 0
  2509  000652  51CF               	movf	_measurement& (0+255),w,b
  2510  000654  5C33               	subwf	_vUpMem,w,c
  2511  000656  51D0               	movf	(_measurement+1)& (0+255),w,b
  2512  000658  5834               	subwfb	_vUpMem+1,w,c
  2513  00065A                     L19:
  2514  00065A  E285               	bc	l6757
  2515  00065C  D2B3               	goto	l7193
  2516  00065E                     l6819:
  2517                           
  2518                           ; BSR set to: 0
  2519                           ;main.c: 517: if(measurement<=xUpMem) muxBuffer[3]='x';
  2520  00065E  51CF               	movf	_measurement& (0+255),w,b
  2521  000660  5C37               	subwf	_xUpMem,w,c
  2522  000662  51D0               	movf	(_measurement+1)& (0+255),w,b
  2523  000664  5838               	subwfb	_xUpMem+1,w,c
  2524  000666  E301 D77E          	bc	l6757
  2525                           
  2526                           ; BSR set to: 0
  2527                           ;main.c: 518: else if(measurement>xUpMem && measurement < vLoMem) muxBuffer[3]='!';
  2528  00066A  51CF               	movf	_measurement& (0+255),w,b
  2529  00066C  5C37               	subwf	_xUpMem,w,c
  2530  00066E  51D0               	movf	(_measurement+1)& (0+255),w,b
  2531  000670  5838               	subwfb	_xUpMem+1,w,c
  2532  000672  E205               	bc	l6829
  2533                           
  2534                           ; BSR set to: 0
  2535  000674  5031               	movf	_vLoMem,w,c
  2536  000676  5DCF               	subwf	_measurement& (0+255),w,b
  2537  000678  5032               	movf	_vLoMem+1,w,c
  2538  00067A  59D0               	subwfb	(_measurement+1)& (0+255),w,b
  2539  00067C  E38A               	bnc	l6767
  2540  00067E                     l6829:
  2541                           
  2542                           ; BSR set to: 0
  2543                           ;main.c: 519: else if(measurement>=vLoMem) muxBuffer[3]='v';
  2544  00067E  5031               	movf	_vLoMem,w,c
  2545  000680  5DCF               	subwf	_measurement& (0+255),w,b
  2546  000682  5032               	movf	_vLoMem+1,w,c
  2547  000684  59D0               	subwfb	(_measurement+1)& (0+255),w,b
  2548  000686  D7BC               	goto	L18
  2549  000688                     l6833:
  2550                           
  2551                           ; BSR set to: 0
  2552                           ;main.c: 522: if(measurement<=vUpMem) muxBuffer[3]='v';
  2553  000688  51CF               	movf	_measurement& (0+255),w,b
  2554  00068A  5C33               	subwf	_vUpMem,w,c
  2555  00068C  51D0               	movf	(_measurement+1)& (0+255),w,b
  2556  00068E  5834               	subwfb	_vUpMem+1,w,c
  2557  000690  E301 D19A          	bc	L46
  2558                           
  2559                           ; BSR set to: 0
  2560                           ;main.c: 523: else if(measurement>vUpMem && measurement < vLoMem) muxBuffer[3]='!';
  2561  000694  51CF               	movf	_measurement& (0+255),w,b
  2562  000696  5C33               	subwf	_vUpMem,w,c
  2563  000698  51D0               	movf	(_measurement+1)& (0+255),w,b
  2564  00069A  5834               	subwfb	_vUpMem+1,w,c
  2565  00069C  E206               	bc	l6843
  2566                           
  2567                           ; BSR set to: 0
  2568  00069E  5031               	movf	_vLoMem,w,c
  2569  0006A0  5DCF               	subwf	_measurement& (0+255),w,b
  2570  0006A2  5032               	movf	_vLoMem+1,w,c
  2571  0006A4  59D0               	subwfb	(_measurement+1)& (0+255),w,b
  2572  0006A6  E201 D774          	bnc	l6767
  2573  0006AA                     l6843:
  2574                           
  2575                           ; BSR set to: 0
  2576                           ;main.c: 524: else if(measurement>=vLoMem) muxBuffer[3]='x';
  2577  0006AA  5031               	movf	_vLoMem,w,c
  2578  0006AC  5DCF               	subwf	_measurement& (0+255),w,b
  2579  0006AE  5032               	movf	_vLoMem+1,w,c
  2580  0006B0  59D0               	subwfb	(_measurement+1)& (0+255),w,b
  2581  0006B2  D7D3               	goto	L19
  2582  0006B4                     l6847:
  2583                           
  2584                           ; BSR set to: 0
  2585                           ;main.c: 527: if(measurement<=xUpMem && measurement>=eLoMem) muxBuffer[3]='x';
  2586  0006B4  51CF               	movf	_measurement& (0+255),w,b
  2587  0006B6  5C37               	subwf	_xUpMem,w,c
  2588  0006B8  51D0               	movf	(_measurement+1)& (0+255),w,b
  2589  0006BA  5838               	subwfb	_xUpMem+1,w,c
  2590  0006BC  E306               	bnc	l6853
  2591                           
  2592                           ; BSR set to: 0
  2593  0006BE  5029               	movf	_eLoMem,w,c
  2594  0006C0  5DCF               	subwf	_measurement& (0+255),w,b
  2595  0006C2  502A               	movf	_eLoMem+1,w,c
  2596  0006C4  59D0               	subwfb	(_measurement+1)& (0+255),w,b
  2597  0006C6  E301 D74E          	bc	l6757
  2598  0006CA                     l6853:
  2599                           
  2600                           ; BSR set to: 0
  2601                           ;main.c: 528: else if(measurement>xUpMem && measurement < vLoMem
  2602                           ;main.c: 529: || measurement<eLoMem
  2603                           ;main.c: 530: || measurement>eUpMem) muxBuffer[3]='!';
  2604  0006CA  51CF               	movf	_measurement& (0+255),w,b
  2605  0006CC  5C37               	subwf	_xUpMem,w,c
  2606  0006CE  51D0               	movf	(_measurement+1)& (0+255),w,b
  2607  0006D0  5838               	subwfb	_xUpMem+1,w,c
  2608  0006D2  E206               	bc	l6857
  2609                           
  2610                           ; BSR set to: 0
  2611  0006D4  5031               	movf	_vLoMem,w,c
  2612  0006D6  5DCF               	subwf	_measurement& (0+255),w,b
  2613  0006D8  5032               	movf	_vLoMem+1,w,c
  2614  0006DA  59D0               	subwfb	(_measurement+1)& (0+255),w,b
  2615  0006DC  E201 D759          	bnc	l6767
  2616  0006E0                     l6857:
  2617                           
  2618                           ; BSR set to: 0
  2619  0006E0  5029               	movf	_eLoMem,w,c
  2620  0006E2  5DCF               	subwf	_measurement& (0+255),w,b
  2621  0006E4  502A               	movf	_eLoMem+1,w,c
  2622  0006E6  59D0               	subwfb	(_measurement+1)& (0+255),w,b
  2623  0006E8  E201 D753          	bnc	l6767
  2624                           
  2625                           ; BSR set to: 0
  2626  0006EC  DB97               	call	PL27	;call to abstracted procedure
  2627  0006EE  E201 D750          	bnc	l6767
  2628                           
  2629                           ; BSR set to: 0
  2630                           ;main.c: 531: else if(measurement>=vLoMem && measurement<=eUpMem) muxBuffer[3]='v';
  2631  0006F2  5031               	movf	_vLoMem,w,c
  2632  0006F4  5DCF               	subwf	_measurement& (0+255),w,b
  2633  0006F6  5032               	movf	_vLoMem+1,w,c
  2634  0006F8  59D0               	subwfb	(_measurement+1)& (0+255),w,b
  2635  0006FA  E201 D263          	bnc	l7193
  2636                           
  2637                           ; BSR set to: 0
  2638  0006FE  DB8E               	call	PL27	;call to abstracted procedure
  2639  000700  D77F               	goto	L18
  2640  000702                     l6869:
  2641                           
  2642                           ; BSR set to: 0
  2643                           ;main.c: 534: if(measurement<=vUpMem && measurement>=eLoMem) muxBuffer[3]='v';
  2644  000702  51CF               	movf	_measurement& (0+255),w,b
  2645  000704  5C33               	subwf	_vUpMem,w,c
  2646  000706  51D0               	movf	(_measurement+1)& (0+255),w,b
  2647  000708  5834               	subwfb	_vUpMem+1,w,c
  2648  00070A  E306               	bnc	l6875
  2649                           
  2650                           ; BSR set to: 0
  2651  00070C  5029               	movf	_eLoMem,w,c
  2652  00070E  5DCF               	subwf	_measurement& (0+255),w,b
  2653  000710  502A               	movf	_eLoMem+1,w,c
  2654  000712  59D0               	subwfb	(_measurement+1)& (0+255),w,b
  2655  000714  E301 D158          	bc	L46
  2656  000718                     l6875:
  2657                           
  2658                           ; BSR set to: 0
  2659                           ;main.c: 535: else if(measurement>vUpMem && measurement < xLoMem
  2660                           ;main.c: 536: || measurement<eLoMem
  2661                           ;main.c: 537: || measurement>eUpMem) muxBuffer[3]='!';
  2662  000718  51CF               	movf	_measurement& (0+255),w,b
  2663  00071A  5C33               	subwf	_vUpMem,w,c
  2664  00071C  51D0               	movf	(_measurement+1)& (0+255),w,b
  2665  00071E  5834               	subwfb	_vUpMem+1,w,c
  2666  000720  E206               	bc	l6879
  2667                           
  2668                           ; BSR set to: 0
  2669  000722  5035               	movf	_xLoMem,w,c
  2670  000724  5DCF               	subwf	_measurement& (0+255),w,b
  2671  000726  5036               	movf	_xLoMem+1,w,c
  2672  000728  59D0               	subwfb	(_measurement+1)& (0+255),w,b
  2673  00072A  E201 D732          	bnc	l6767
  2674  00072E                     l6879:
  2675                           
  2676                           ; BSR set to: 0
  2677  00072E  5029               	movf	_eLoMem,w,c
  2678  000730  5DCF               	subwf	_measurement& (0+255),w,b
  2679  000732  502A               	movf	_eLoMem+1,w,c
  2680  000734  59D0               	subwfb	(_measurement+1)& (0+255),w,b
  2681  000736  E201 D72C          	bnc	l6767
  2682                           
  2683                           ; BSR set to: 0
  2684  00073A  DB70               	call	PL27	;call to abstracted procedure
  2685  00073C  E201 D729          	bnc	l6767
  2686                           
  2687                           ; BSR set to: 0
  2688                           ;main.c: 538: else if(measurement>=xLoMem && measurement<=eUpMem) muxBuffer[3]='x';
  2689  000740  5035               	movf	_xLoMem,w,c
  2690  000742  5DCF               	subwf	_measurement& (0+255),w,b
  2691  000744  5036               	movf	_xLoMem+1,w,c
  2692  000746  59D0               	subwfb	(_measurement+1)& (0+255),w,b
  2693  000748  E201 D23C          	bnc	l7193
  2694                           
  2695                           ; BSR set to: 0
  2696  00074C  DB67               	call	PL27	;call to abstracted procedure
  2697  00074E  D785               	goto	L19
  2698  000750                     l6891:
  2699                           
  2700                           ; BSR set to: 0
  2701  000750  5044               	movf	_advModeMem,w,c
  2702                           
  2703                           ; Switch size 1, requested type "space"
  2704                           ; Number of cases is 8, Range of values is 0 to 7
  2705                           ; switch strategies available:
  2706                           ; Name         Instructions Cycles
  2707                           ; simple_byte           25    13 (average)
  2708                           ;	Chosen strategy is simple_byte
  2709  000752  E101 D6E8          	bz	l6741
  2710  000756  0A01               	xorlw	1	; case 1
  2711  000758  E101 D6E7          	bz	l6743
  2712  00075C  0A03               	xorlw	3	; case 2
  2713  00075E  E101 D727          	bz	l6775
  2714  000762  0A01               	xorlw	1	; case 3
  2715  000764  E101 D74F          	bz	l6797
  2716  000768  0A07               	xorlw	7	; case 4
  2717  00076A  E101 D778          	bz	l6819
  2718  00076E  0A01               	xorlw	1	; case 5
  2719  000770  E08B               	bz	l6833
  2720  000772  0A03               	xorlw	3	; case 6
  2721  000774  E09F               	bz	l6847
  2722  000776  0A01               	xorlw	1	; case 7
  2723  000778  E0C4               	bz	l6869
  2724  00077A  D224               	goto	l7193
  2725  00077C                     l6893:
  2726                           
  2727                           ;main.c: 542: else if(state==E_MENU_BRILLO)
  2728  00077C  5039               	movf	_state,w,c
  2729  00077E  0A02               	xorlw	2
  2730  000780  E109               	bnz	l6897
  2731                           
  2732                           ;main.c: 543: {
  2733                           ;main.c: 544: muxBuffer[0]='b';
  2734  000782  0E62               	movlw	98
  2735  000784  0100               	movlb	0	; () banked
  2736  000786  6FC8               	movwf	_muxBuffer& (0+255),b
  2737                           
  2738                           ;main.c: 545: muxBuffer[1]='r';
  2739  000788  0E72               	movlw	114
  2740  00078A  6FC9               	movwf	(_muxBuffer+1)& (0+255),b
  2741                           
  2742                           ;main.c: 546: muxBuffer[2]='i';
  2743  00078C  0E69               	movlw	105
  2744  00078E  D023               	goto	L49
  2745  000790                     L17:
  2746  000790  6FCB               	movwf	(_muxBuffer+3)& (0+255),b
  2747                           
  2748                           ;main.c: 548: }
  2749  000792  D218               	goto	l7193
  2750  000794                     l6897:
  2751                           
  2752                           ;main.c: 549: else if(state==E_MENU_ADV_MODE)
  2753  000794  5039               	movf	_state,w,c
  2754  000796  0A03               	xorlw	3
  2755  000798  E107               	bnz	l6901
  2756                           
  2757                           ;main.c: 550: {
  2758                           ;main.c: 551: muxBuffer[0]='n';
  2759  00079A  0E6E               	movlw	110
  2760  00079C  0100               	movlb	0	; () banked
  2761  00079E  6FC8               	movwf	_muxBuffer& (0+255),b
  2762                           
  2763                           ;main.c: 552: muxBuffer[1]='o';
  2764  0007A0  0E6F               	movlw	111
  2765  0007A2  6FC9               	movwf	(_muxBuffer+1)& (0+255),b
  2766                           
  2767                           ;main.c: 553: muxBuffer[2]='d';
  2768  0007A4  0E64               	movlw	100
  2769  0007A6  D017               	goto	L49
  2770  0007A8                     l6901:
  2771                           
  2772                           ;main.c: 556: else if(state==E_MENU_LIMITS)
  2773  0007A8  5039               	movf	_state,w,c
  2774  0007AA  0A04               	xorlw	4
  2775  0007AC  E107               	bnz	l6905
  2776                           
  2777                           ;main.c: 557: {
  2778                           ;main.c: 558: muxBuffer[0]='L';
  2779  0007AE  0E4C               	movlw	76
  2780  0007B0  0100               	movlb	0	; () banked
  2781  0007B2  6FC8               	movwf	_muxBuffer& (0+255),b
  2782                           
  2783                           ;main.c: 559: muxBuffer[1]='i';
  2784  0007B4  0E69               	movlw	105
  2785  0007B6  6FC9               	movwf	(_muxBuffer+1)& (0+255),b
  2786                           
  2787                           ;main.c: 560: muxBuffer[2]='n';
  2788  0007B8  0E6E               	movlw	110
  2789  0007BA  D00D               	goto	L49
  2790  0007BC                     l6905:
  2791                           
  2792                           ;main.c: 563: else if(state==E_MENU_ESCALA)
  2793  0007BC  5039               	movf	_state,w,c
  2794  0007BE  0A05               	xorlw	5
  2795  0007C0  E105               	bnz	l6909
  2796                           
  2797                           ;main.c: 564: {
  2798                           ;main.c: 565: muxBuffer[0]='E';
  2799  0007C2  0E45               	movlw	69
  2800  0007C4  0100               	movlb	0	; () banked
  2801  0007C6  6FC8               	movwf	_muxBuffer& (0+255),b
  2802                           
  2803                           ;main.c: 566: muxBuffer[1]='S';
  2804  0007C8  0E53               	movlw	83
  2805  0007CA  D0B7               	goto	L53
  2806  0007CC                     l6909:
  2807                           
  2808                           ;main.c: 570: else if(state==E_MENU_USER_CAL)
  2809  0007CC  5039               	movf	_state,w,c
  2810  0007CE  0A06               	xorlw	6
  2811  0007D0  E104               	bnz	l6913
  2812                           
  2813                           ;main.c: 571: {
  2814                           ;main.c: 572: muxBuffer[0]='u';
  2815  0007D2  0E75               	movlw	117
  2816  0007D4  D006               	goto	L50
  2817  0007D6                     L49:
  2818  0007D6  6FCA               	movwf	(_muxBuffer+2)& (0+255),b
  2819  0007D8  D6A6               	goto	l6741
  2820  0007DA                     l6913:
  2821                           
  2822                           ;main.c: 577: else if(state==E_MENU_FACTORY_CAL)
  2823  0007DA  5039               	movf	_state,w,c
  2824  0007DC  0A07               	xorlw	7
  2825  0007DE  E107               	bnz	l6917
  2826                           
  2827                           ;main.c: 578: {
  2828                           ;main.c: 579: muxBuffer[0]='F';
  2829  0007E0  0E46               	movlw	70
  2830  0007E2                     L50:
  2831  0007E2  0100               	movlb	0	; () banked
  2832  0007E4  6FC8               	movwf	_muxBuffer& (0+255),b
  2833                           
  2834                           ;main.c: 580: muxBuffer[1]='C';
  2835  0007E6  0E43               	movlw	67
  2836  0007E8  6FC9               	movwf	(_muxBuffer+1)& (0+255),b
  2837                           
  2838                           ;main.c: 581: muxBuffer[2]='A';
  2839  0007EA  0E41               	movlw	65
  2840  0007EC  D7F4               	goto	L49
  2841  0007EE                     l6917:
  2842                           
  2843                           ;main.c: 584: else if(state==E_SET_BRILLO)
  2844  0007EE  5039               	movf	_state,w,c
  2845  0007F0  0A08               	xorlw	8
  2846  0007F2  E136               	bnz	l6943
  2847                           
  2848                           ;main.c: 585: {
  2849                           ;main.c: 586: if((t0Mem[T0_SHOW_SETTING_OFF].flag?!(t0Mem[T0_SHOW_SETTING_OFF].flag=0):0
      +                          )) {{ t0Mem[T0_SHOW_SETTING_ON].flag=0; t0Mem[T0_SHOW_SETTING_ON].prescaler=t0DelayConst
      +                          ant[T0_SHOW_SETTING_ON]; t0Mem[T0_SHOW_SETTING_ON].pause=0; };}
  2850  0007F4  0101               	movlb	1	; () banked
  2851  0007F6  B358               	btfsc	(_t0Mem+23)& (0+255),1,b
  2852  0007F8  D002               	goto	l6923
  2853                           
  2854                           ; BSR set to: 1
  2855  0007FA  6B11               	clrf	_main$308& (0+255),b
  2856  0007FC  D004               	goto	L21
  2857  0007FE                     l6923:
  2858                           
  2859                           ; BSR set to: 1
  2860  0007FE  DACA               	call	PL5	;call to abstracted procedure
  2861  000800  B4D8               	btfsc	status,2,c
  2862  000802  0E01               	movlw	1
  2863  000804  6F11               	movwf	_main$308& (0+255),b
  2864  000806                     L21:
  2865  000806  6B12               	clrf	(_main$308+1)& (0+255),b
  2866                           
  2867                           ; BSR set to: 1
  2868  000808  5112               	movf	(_main$308+1)& (0+255),w,b
  2869  00080A  1111               	iorwf	_main$308& (0+255),w,b
  2870  00080C  E001               	bz	l313
  2871                           
  2872                           ; BSR set to: 1
  2873  00080E  DAB4               	call	PL3	;call to abstracted procedure
  2874  000810                     l313:
  2875                           
  2876                           ; BSR set to: 1
  2877                           ;main.c: 587: if((t0Mem[T0_SHOW_SETTING_ON].flag?!(t0Mem[T0_SHOW_SETTING_ON].flag=0):0))
      +                           {{ t0Mem[T0_SHOW_SETTING_OFF].flag=0; t0Mem[T0_SHOW_SETTING_OFF].prescaler=t0DelayConst
      +                          ant[T0_SHOW_SETTING_OFF]; t0Mem[T0_SHOW_SETTING_OFF].pause=0; };}
  2878  000810  B355               	btfsc	(_t0Mem+20)& (0+255),1,b
  2879  000812  D002               	goto	l6929
  2880                           
  2881                           ; BSR set to: 1
  2882  000814  6B13               	clrf	_main$309& (0+255),b
  2883  000816  D004               	goto	L22
  2884  000818                     l6929:
  2885                           
  2886                           ; BSR set to: 1
  2887  000818  DAB6               	call	PL4	;call to abstracted procedure
  2888  00081A  B4D8               	btfsc	status,2,c
  2889  00081C  0E01               	movlw	1
  2890  00081E  6F13               	movwf	_main$309& (0+255),b
  2891  000820                     L22:
  2892  000820  6B14               	clrf	(_main$309+1)& (0+255),b
  2893                           
  2894                           ; BSR set to: 1
  2895  000822  5114               	movf	(_main$309+1)& (0+255),w,b
  2896  000824  1113               	iorwf	_main$309& (0+255),w,b
  2897  000826  E001               	bz	l318
  2898                           
  2899                           ; BSR set to: 1
  2900  000828  DABC               	call	PL6	;call to abstracted procedure
  2901  00082A                     l318:
  2902                           
  2903                           ; BSR set to: 1
  2904                           ;main.c: 589: if((!t0Mem[T0_SHOW_SETTING_ON].pause && t0Mem[T0_SHOW_SETTING_ON].prescale
      +                          r!=0))
  2905  00082A  B555               	btfsc	(_t0Mem+20)& (0+255),2,b
  2906  00082C  D014               	goto	l6941
  2907                           
  2908                           ; BSR set to: 1
  2909  00082E  5154               	movf	(_t0Mem+19)& (0+255),w,b
  2910  000830  1153               	iorwf	(_t0Mem+18)& (0+255),w,b
  2911  000832  E011               	bz	l6941
  2912                           
  2913                           ; BSR set to: 1
  2914                           ;main.c: 590: {
  2915                           ;main.c: 591: muxBuffer[ADV]=' ';
  2916  000834  0E20               	movlw	32
  2917  000836  0100               	movlb	0	; () banked
  2918  000838  6FCB               	movwf	(_muxBuffer+3)& (0+255),b
  2919                           
  2920                           ; BSR set to: 0
  2921                           ;main.c: 592: display=brilloMem;
  2922  00083A  C045  F0CD         	movff	_brilloMem,_display
  2923  00083E  6BCE               	clrf	(_display+1)& (0+255),b
  2924                           
  2925                           ; BSR set to: 0
  2926                           ;main.c: 593: uintToStr(display,&muxBuffer[2],1);
  2927  000840  C0CD  F067         	movff	_display,?_uintToStr
  2928  000844  C0CE  F068         	movff	_display+1,?_uintToStr+1
  2929  000848  0ECA               	movlw	low (_muxBuffer+2)
  2930  00084A  6F69               	movwf	(?_uintToStr+2)& (0+255),b
  2931  00084C  0E01               	movlw	1
  2932  00084E  6F6A               	movwf	(?_uintToStr+3)& (0+255),b
  2933  000850  EC3F  F011         	call	_uintToStr	;wreg free
  2934                           
  2935                           ;main.c: 594: }
  2936  000854  D1B7               	goto	l7193
  2937  000856                     l6941:
  2938                           
  2939                           ; BSR set to: 1
  2940                           ;main.c: 595: else
  2941                           ;main.c: 596: { muxBuffer[0]=' '; muxBuffer[1]=' '; muxBuffer[2]=' '; muxBuffer[3]=' '; 
      +                          };
  2942  000856  0E20               	movlw	32
  2943  000858  0100               	movlb	0	; () banked
  2944  00085A  6FC8               	movwf	_muxBuffer& (0+255),b
  2945  00085C  6FC9               	movwf	(_muxBuffer+1)& (0+255),b
  2946  00085E  D7BB               	goto	L49
  2947  000860                     l6943:
  2948                           
  2949                           ;main.c: 598: else if(state==E_SET_ADV_MODE)
  2950  000860  5039               	movf	_state,w,c
  2951  000862  0A0D               	xorlw	13
  2952  000864  E126               	bnz	l6969
  2953                           
  2954                           ;main.c: 599: {
  2955                           ;main.c: 600: if((t0Mem[T0_SHOW_SETTING_OFF].flag?!(t0Mem[T0_SHOW_SETTING_OFF].flag=0):0
      +                          )) {{ t0Mem[T0_SHOW_SETTING_ON].flag=0; t0Mem[T0_SHOW_SETTING_ON].prescaler=t0DelayConst
      +                          ant[T0_SHOW_SETTING_ON]; t0Mem[T0_SHOW_SETTING_ON].pause=0; };}
  2956  000866  0101               	movlb	1	; () banked
  2957  000868  B358               	btfsc	(_t0Mem+23)& (0+255),1,b
  2958  00086A  D002               	goto	l6949
  2959                           
  2960                           ; BSR set to: 1
  2961  00086C  6B15               	clrf	_main$310& (0+255),b
  2962  00086E  D004               	goto	L23
  2963  000870                     l6949:
  2964                           
  2965                           ; BSR set to: 1
  2966  000870  DA91               	call	PL5	;call to abstracted procedure
  2967  000872  B4D8               	btfsc	status,2,c
  2968  000874  0E01               	movlw	1
  2969  000876  6F15               	movwf	_main$310& (0+255),b
  2970  000878                     L23:
  2971  000878  6B16               	clrf	(_main$310+1)& (0+255),b
  2972                           
  2973                           ; BSR set to: 1
  2974  00087A  5116               	movf	(_main$310+1)& (0+255),w,b
  2975  00087C  1115               	iorwf	_main$310& (0+255),w,b
  2976  00087E  E001               	bz	l327
  2977                           
  2978                           ; BSR set to: 1
  2979  000880  DA7B               	call	PL3	;call to abstracted procedure
  2980  000882                     l327:
  2981                           
  2982                           ; BSR set to: 1
  2983                           ;main.c: 601: if((t0Mem[T0_SHOW_SETTING_ON].flag?!(t0Mem[T0_SHOW_SETTING_ON].flag=0):0))
      +                           {{ t0Mem[T0_SHOW_SETTING_OFF].flag=0; t0Mem[T0_SHOW_SETTING_OFF].prescaler=t0DelayConst
      +                          ant[T0_SHOW_SETTING_OFF]; t0Mem[T0_SHOW_SETTING_OFF].pause=0; };}
  2984  000882  B355               	btfsc	(_t0Mem+20)& (0+255),1,b
  2985  000884  D002               	goto	l6955
  2986                           
  2987                           ; BSR set to: 1
  2988  000886  6B17               	clrf	_main$311& (0+255),b
  2989  000888  D004               	goto	L24
  2990  00088A                     l6955:
  2991                           
  2992                           ; BSR set to: 1
  2993  00088A  DA7D               	call	PL4	;call to abstracted procedure
  2994  00088C  B4D8               	btfsc	status,2,c
  2995  00088E  0E01               	movlw	1
  2996  000890  6F17               	movwf	_main$311& (0+255),b
  2997  000892                     L24:
  2998  000892  6B18               	clrf	(_main$311+1)& (0+255),b
  2999                           
  3000                           ; BSR set to: 1
  3001  000894  5118               	movf	(_main$311+1)& (0+255),w,b
  3002  000896  1117               	iorwf	_main$311& (0+255),w,b
  3003  000898  E001               	bz	l332
  3004                           
  3005                           ; BSR set to: 1
  3006  00089A  DA83               	call	PL6	;call to abstracted procedure
  3007  00089C                     l332:
  3008                           
  3009                           ; BSR set to: 1
  3010                           ;main.c: 603: if((!t0Mem[T0_SHOW_SETTING_ON].pause && t0Mem[T0_SHOW_SETTING_ON].prescale
      +                          r!=0))
  3011  00089C  B555               	btfsc	(_t0Mem+20)& (0+255),2,b
  3012  00089E  D7DB               	goto	l6941
  3013                           
  3014                           ; BSR set to: 1
  3015  0008A0  5154               	movf	(_t0Mem+19)& (0+255),w,b
  3016  0008A2  1153               	iorwf	(_t0Mem+18)& (0+255),w,b
  3017  0008A4  E0D8               	bz	l6941
  3018                           
  3019                           ; BSR set to: 1
  3020                           ;main.c: 604: {
  3021                           ;main.c: 605: muxBuffer[ADV]=' ';
  3022  0008A6  0E20               	movlw	32
  3023  0008A8  0100               	movlb	0	; () banked
  3024  0008AA  6FCB               	movwf	(_muxBuffer+3)& (0+255),b
  3025                           
  3026                           ; BSR set to: 0
  3027                           ;main.c: 606: display=advModeMem;
  3028  0008AC  C044  F0CD         	movff	_advModeMem,_display
  3029  0008B0  D7C6               	goto	L25
  3030  0008B2                     l6969:
  3031                           
  3032                           ;main.c: 612: else if(state==E_SET_ESCALA_ENT_DESCRIPTION)
  3033  0008B2  5039               	movf	_state,w,c
  3034  0008B4  0A09               	xorlw	9
  3035  0008B6  E107               	bnz	l6973
  3036                           
  3037                           ;main.c: 613: {
  3038                           ;main.c: 614: muxBuffer[0]='E';
  3039  0008B8  0E45               	movlw	69
  3040  0008BA  0100               	movlb	0	; () banked
  3041  0008BC  6FC8               	movwf	_muxBuffer& (0+255),b
  3042                           
  3043                           ;main.c: 615: muxBuffer[1]='n';
  3044  0008BE  0E6E               	movlw	110
  3045  0008C0  6FC9               	movwf	(_muxBuffer+1)& (0+255),b
  3046                           
  3047                           ;main.c: 616: muxBuffer[2]='t';
  3048  0008C2  0E74               	movlw	116
  3049  0008C4  D788               	goto	L49
  3050  0008C6                     l6973:
  3051                           
  3052                           ;main.c: 619: else if(state==E_SET_ESCALA_ENT)
  3053  0008C6  5039               	movf	_state,w,c
  3054  0008C8  0A0A               	xorlw	10
  3055  0008CA  E130               	bnz	l6997
  3056                           
  3057                           ;main.c: 620: {
  3058                           ;main.c: 621: if((t0Mem[T0_SHOW_SETTING_OFF].flag?!(t0Mem[T0_SHOW_SETTING_OFF].flag=0):0
      +                          )) {{ t0Mem[T0_SHOW_SETTING_ON].flag=0; t0Mem[T0_SHOW_SETTING_ON].prescaler=t0DelayConst
      +                          ant[T0_SHOW_SETTING_ON]; t0Mem[T0_SHOW_SETTING_ON].pause=0; };}
  3059  0008CC  0101               	movlb	1	; () banked
  3060  0008CE  B358               	btfsc	(_t0Mem+23)& (0+255),1,b
  3061  0008D0  D002               	goto	l6979
  3062                           
  3063                           ; BSR set to: 1
  3064  0008D2  6B19               	clrf	_main$312& (0+255),b
  3065  0008D4  D004               	goto	L26
  3066  0008D6                     l6979:
  3067                           
  3068                           ; BSR set to: 1
  3069  0008D6  DA5E               	call	PL5	;call to abstracted procedure
  3070  0008D8  B4D8               	btfsc	status,2,c
  3071  0008DA  0E01               	movlw	1
  3072  0008DC  6F19               	movwf	_main$312& (0+255),b
  3073  0008DE                     L26:
  3074  0008DE  6B1A               	clrf	(_main$312+1)& (0+255),b
  3075                           
  3076                           ; BSR set to: 1
  3077  0008E0  511A               	movf	(_main$312+1)& (0+255),w,b
  3078  0008E2  1119               	iorwf	_main$312& (0+255),w,b
  3079  0008E4  E001               	bz	l343
  3080                           
  3081                           ; BSR set to: 1
  3082  0008E6  DA48               	call	PL3	;call to abstracted procedure
  3083  0008E8                     l343:
  3084                           
  3085                           ; BSR set to: 1
  3086                           ;main.c: 622: if((t0Mem[T0_SHOW_SETTING_ON].flag?!(t0Mem[T0_SHOW_SETTING_ON].flag=0):0))
      +                           {{ t0Mem[T0_SHOW_SETTING_OFF].flag=0; t0Mem[T0_SHOW_SETTING_OFF].prescaler=t0DelayConst
      +                          ant[T0_SHOW_SETTING_OFF]; t0Mem[T0_SHOW_SETTING_OFF].pause=0; };}
  3087  0008E8  B355               	btfsc	(_t0Mem+20)& (0+255),1,b
  3088  0008EA  D002               	goto	l6985
  3089                           
  3090                           ; BSR set to: 1
  3091  0008EC  6B1B               	clrf	_main$313& (0+255),b
  3092  0008EE  D004               	goto	L27
  3093  0008F0                     l6985:
  3094                           
  3095                           ; BSR set to: 1
  3096  0008F0  DA4A               	call	PL4	;call to abstracted procedure
  3097  0008F2  B4D8               	btfsc	status,2,c
  3098  0008F4  0E01               	movlw	1
  3099  0008F6  6F1B               	movwf	_main$313& (0+255),b
  3100  0008F8                     L27:
  3101  0008F8  6B1C               	clrf	(_main$313+1)& (0+255),b
  3102                           
  3103                           ; BSR set to: 1
  3104  0008FA  511C               	movf	(_main$313+1)& (0+255),w,b
  3105  0008FC  111B               	iorwf	_main$313& (0+255),w,b
  3106  0008FE  E001               	bz	l348
  3107                           
  3108                           ; BSR set to: 1
  3109  000900  DA50               	call	PL6	;call to abstracted procedure
  3110  000902                     l348:
  3111                           
  3112                           ; BSR set to: 1
  3113                           ;main.c: 624: if((!t0Mem[T0_SHOW_SETTING_ON].pause && t0Mem[T0_SHOW_SETTING_ON].prescale
      +                          r!=0))
  3114  000902  B555               	btfsc	(_t0Mem+20)& (0+255),2,b
  3115  000904  D7A8               	goto	l6941
  3116                           
  3117                           ; BSR set to: 1
  3118  000906  5154               	movf	(_t0Mem+19)& (0+255),w,b
  3119  000908  1153               	iorwf	(_t0Mem+18)& (0+255),w,b
  3120  00090A  E0A5               	bz	l6941
  3121                           
  3122                           ; BSR set to: 1
  3123                           ;main.c: 625: {
  3124                           ;main.c: 626: display=escEntMem;
  3125  00090C  C02F  F0CD         	movff	_escEntMem,_display
  3126  000910  C030  F0CE         	movff	_escEntMem+1,_display+1
  3127  000914                     l6993:
  3128                           
  3129                           ; BSR set to: 1
  3130                           ;main.c: 627: uintToStr(display,&muxBuffer[0],3);
  3131  000914  C0CD  F067         	movff	_display,?_uintToStr
  3132  000918  C0CE  F068         	movff	_display+1,?_uintToStr+1
  3133  00091C  0100               	movlb	0	; () banked
  3134  00091E  0EC8               	movlw	low _muxBuffer
  3135  000920  6F69               	movwf	(?_uintToStr+2)& (0+255),b
  3136  000922  0E03               	movlw	3
  3137  000924  6F6A               	movwf	(?_uintToStr+3)& (0+255),b
  3138  000926  EC3F  F011         	call	_uintToStr	;wreg free
  3139                           
  3140                           ;main.c: 628: }
  3141  00092A  D14C               	goto	l7193
  3142  00092C                     l6997:
  3143                           
  3144                           ;main.c: 632: else if(state==E_SET_ESCALA_DEC_DESCRIPTION)
  3145  00092C  5039               	movf	_state,w,c
  3146  00092E  0A0B               	xorlw	11
  3147  000930  E107               	bnz	l7001
  3148                           
  3149                           ;main.c: 633: {
  3150                           ;main.c: 634: muxBuffer[0]='d';
  3151  000932  0E64               	movlw	100
  3152  000934  0100               	movlb	0	; () banked
  3153  000936  6FC8               	movwf	_muxBuffer& (0+255),b
  3154                           
  3155                           ;main.c: 635: muxBuffer[1]='E';
  3156  000938  0E45               	movlw	69
  3157  00093A                     L53:
  3158  00093A  6FC9               	movwf	(_muxBuffer+1)& (0+255),b
  3159                           
  3160                           ;main.c: 636: muxBuffer[2]='c';
  3161  00093C  0E63               	movlw	99
  3162  00093E  D74B               	goto	L49
  3163  000940                     l7001:
  3164                           
  3165                           ;main.c: 639: else if(state==E_SET_ESCALA_DEC)
  3166  000940  5039               	movf	_state,w,c
  3167  000942  0A0C               	xorlw	12
  3168  000944  E126               	bnz	l7025
  3169                           
  3170                           ;main.c: 640: {
  3171                           ;main.c: 641: if((t0Mem[T0_SHOW_SETTING_OFF].flag?!(t0Mem[T0_SHOW_SETTING_OFF].flag=0):0
      +                          )) {{ t0Mem[T0_SHOW_SETTING_ON].flag=0; t0Mem[T0_SHOW_SETTING_ON].prescaler=t0DelayConst
      +                          ant[T0_SHOW_SETTING_ON]; t0Mem[T0_SHOW_SETTING_ON].pause=0; };}
  3172  000946  0101               	movlb	1	; () banked
  3173  000948  B358               	btfsc	(_t0Mem+23)& (0+255),1,b
  3174  00094A  D002               	goto	l7007
  3175                           
  3176                           ; BSR set to: 1
  3177  00094C  6B1D               	clrf	_main$314& (0+255),b
  3178  00094E  D004               	goto	L28
  3179  000950                     l7007:
  3180                           
  3181                           ; BSR set to: 1
  3182  000950  DA21               	call	PL5	;call to abstracted procedure
  3183  000952  B4D8               	btfsc	status,2,c
  3184  000954  0E01               	movlw	1
  3185  000956  6F1D               	movwf	_main$314& (0+255),b
  3186  000958                     L28:
  3187  000958  6B1E               	clrf	(_main$314+1)& (0+255),b
  3188                           
  3189                           ; BSR set to: 1
  3190  00095A  511E               	movf	(_main$314+1)& (0+255),w,b
  3191  00095C  111D               	iorwf	_main$314& (0+255),w,b
  3192  00095E  E001               	bz	l359
  3193                           
  3194                           ; BSR set to: 1
  3195  000960  DA0B               	call	PL3	;call to abstracted procedure
  3196  000962                     l359:
  3197                           
  3198                           ; BSR set to: 1
  3199                           ;main.c: 642: if((t0Mem[T0_SHOW_SETTING_ON].flag?!(t0Mem[T0_SHOW_SETTING_ON].flag=0):0))
      +                           {{ t0Mem[T0_SHOW_SETTING_OFF].flag=0; t0Mem[T0_SHOW_SETTING_OFF].prescaler=t0DelayConst
      +                          ant[T0_SHOW_SETTING_OFF]; t0Mem[T0_SHOW_SETTING_OFF].pause=0; };}
  3200  000962  B355               	btfsc	(_t0Mem+20)& (0+255),1,b
  3201  000964  D002               	goto	l7013
  3202                           
  3203                           ; BSR set to: 1
  3204  000966  6B1F               	clrf	_main$315& (0+255),b
  3205  000968  D004               	goto	L29
  3206  00096A                     l7013:
  3207                           
  3208                           ; BSR set to: 1
  3209  00096A  DA0D               	call	PL4	;call to abstracted procedure
  3210  00096C  B4D8               	btfsc	status,2,c
  3211  00096E  0E01               	movlw	1
  3212  000970  6F1F               	movwf	_main$315& (0+255),b
  3213  000972                     L29:
  3214  000972  6B20               	clrf	(_main$315+1)& (0+255),b
  3215                           
  3216                           ; BSR set to: 1
  3217  000974  5120               	movf	(_main$315+1)& (0+255),w,b
  3218  000976  111F               	iorwf	_main$315& (0+255),w,b
  3219  000978  E001               	bz	l364
  3220                           
  3221                           ; BSR set to: 1
  3222  00097A  DA13               	call	PL6	;call to abstracted procedure
  3223  00097C                     l364:
  3224                           
  3225                           ; BSR set to: 1
  3226                           ;main.c: 644: if((!t0Mem[T0_SHOW_SETTING_ON].pause && t0Mem[T0_SHOW_SETTING_ON].prescale
      +                          r!=0))
  3227  00097C  B555               	btfsc	(_t0Mem+20)& (0+255),2,b
  3228  00097E  D76B               	goto	l6941
  3229                           
  3230                           ; BSR set to: 1
  3231  000980  5154               	movf	(_t0Mem+19)& (0+255),w,b
  3232  000982  1153               	iorwf	(_t0Mem+18)& (0+255),w,b
  3233  000984  E101 D767          	bz	l6941
  3234                           
  3235                           ; BSR set to: 1
  3236                           ;main.c: 645: {
  3237                           ;main.c: 646: display=escDecMem;
  3238  000988  C02D  F0CD         	movff	_escDecMem,_display
  3239  00098C  C02E  F0CE         	movff	_escDecMem+1,_display+1
  3240  000990  D7C1               	goto	l6993
  3241  000992                     l7025:
  3242                           
  3243                           ;main.c: 652: else if(state==E_SET_ADV_XLO_DESCRIPTION)
  3244  000992  5039               	movf	_state,w,c
  3245  000994  0A0E               	xorlw	14
  3246  000996  E102               	bnz	l7029
  3247                           
  3248                           ;main.c: 653: {
  3249                           ;main.c: 654: muxBuffer[0]=' ';
  3250                           
  3251                           ;main.c: 655: muxBuffer[1]='L';
  3252                           
  3253                           ;main.c: 656: muxBuffer[2]='o';
  3254  000998  DA35               	call	PL24	;call to abstracted procedure
  3255  00099A  D004               	goto	L51
  3256  00099C                     l7029:
  3257                           
  3258                           ;main.c: 659: else if(state==E_SET_ADV_XUP_DESCRIPTION)
  3259  00099C  5039               	movf	_state,w,c
  3260  00099E  0A10               	xorlw	16
  3261  0009A0  E103               	bnz	l7033
  3262                           
  3263                           ;main.c: 660: {
  3264                           ;main.c: 661: muxBuffer[0]=' ';
  3265                           
  3266                           ;main.c: 662: muxBuffer[1]='H';
  3267                           
  3268                           ;main.c: 663: muxBuffer[2]='i';
  3269  0009A2  DA36               	call	PL25	;call to abstracted procedure
  3270  0009A4                     L51:
  3271  0009A4  6FCA               	movwf	(_muxBuffer+2)& (0+255),b
  3272  0009A6  D5DF               	goto	l6757
  3273  0009A8                     l7033:
  3274                           
  3275                           ;main.c: 666: else if(state==E_SET_ADV_ELO_DESCRIPTION)
  3276  0009A8  5039               	movf	_state,w,c
  3277  0009AA  0A12               	xorlw	18
  3278  0009AC  E102               	bnz	l7037
  3279                           
  3280                           ;main.c: 667: {
  3281                           ;main.c: 668: muxBuffer[0]=' ';
  3282                           
  3283                           ;main.c: 669: muxBuffer[1]='L';
  3284                           
  3285                           ;main.c: 670: muxBuffer[2]='o';
  3286  0009AE  DA2A               	call	PL24	;call to abstracted procedure
  3287  0009B0  D004               	goto	L54
  3288  0009B2                     l7037:
  3289                           
  3290                           ;main.c: 673: else if(state==E_SET_ADV_EUP_DESCRIPTION)
  3291  0009B2  5039               	movf	_state,w,c
  3292  0009B4  0A14               	xorlw	20
  3293  0009B6  E103               	bnz	l7041
  3294                           
  3295                           ;main.c: 674: {
  3296                           ;main.c: 675: muxBuffer[0]=' ';
  3297                           
  3298                           ;main.c: 676: muxBuffer[1]='H';
  3299                           
  3300                           ;main.c: 677: muxBuffer[2]='i';
  3301  0009B8  DA2B               	call	PL25	;call to abstracted procedure
  3302  0009BA                     L54:
  3303  0009BA  6FCA               	movwf	(_muxBuffer+2)& (0+255),b
  3304  0009BC  D5EA               	goto	l6767
  3305  0009BE                     l7041:
  3306                           
  3307                           ;main.c: 680: else if(state==E_SET_ADV_VLO_DESCRIPTION)
  3308  0009BE  5039               	movf	_state,w,c
  3309  0009C0  0A16               	xorlw	22
  3310  0009C2  E104               	bnz	l7045
  3311                           
  3312                           ;main.c: 681: {
  3313                           ;main.c: 682: muxBuffer[0]=' ';
  3314                           
  3315                           ;main.c: 683: muxBuffer[1]='L';
  3316                           
  3317                           ;main.c: 684: muxBuffer[2]='o';
  3318  0009C4  DA1F               	call	PL24	;call to abstracted procedure
  3319  0009C6  D006               	goto	L52
  3320  0009C8                     L46:
  3321                           
  3322                           ;main.c: 685: muxBuffer[ADV]='v';
  3323  0009C8  0E76               	movlw	118
  3324  0009CA  D6E2               	goto	L17
  3325  0009CC                     l7045:
  3326                           
  3327                           ;main.c: 687: else if(state==E_SET_ADV_VUP_DESCRIPTION)
  3328  0009CC  5039               	movf	_state,w,c
  3329  0009CE  0A18               	xorlw	24
  3330  0009D0  E103               	bnz	l7049
  3331                           
  3332                           ;main.c: 688: {
  3333                           ;main.c: 689: muxBuffer[0]=' ';
  3334                           
  3335                           ;main.c: 690: muxBuffer[1]='H';
  3336                           
  3337                           ;main.c: 691: muxBuffer[2]='i';
  3338  0009D2  DA1E               	call	PL25	;call to abstracted procedure
  3339  0009D4                     L52:
  3340  0009D4  6FCA               	movwf	(_muxBuffer+2)& (0+255),b
  3341  0009D6  D7F8               	goto	L46
  3342  0009D8                     l7049:
  3343                           
  3344                           ;main.c: 694: else if(state==E_SET_ADV_XLO)
  3345  0009D8  5039               	movf	_state,w,c
  3346  0009DA  0A0F               	xorlw	15
  3347  0009DC  E126               	bnz	l7073
  3348                           
  3349                           ;main.c: 695: {
  3350                           ;main.c: 696: if((t0Mem[T0_SHOW_SETTING_OFF].flag?!(t0Mem[T0_SHOW_SETTING_OFF].flag=0):0
      +                          )) {{ t0Mem[T0_SHOW_SETTING_ON].flag=0; t0Mem[T0_SHOW_SETTING_ON].prescaler=t0DelayConst
      +                          ant[T0_SHOW_SETTING_ON]; t0Mem[T0_SHOW_SETTING_ON].pause=0; };}
  3351  0009DE  0101               	movlb	1	; () banked
  3352  0009E0  B358               	btfsc	(_t0Mem+23)& (0+255),1,b
  3353  0009E2  D002               	goto	l7055
  3354                           
  3355                           ; BSR set to: 1
  3356  0009E4  6B21               	clrf	_main$316& (0+255),b
  3357  0009E6  D004               	goto	L30
  3358  0009E8                     l7055:
  3359                           
  3360                           ; BSR set to: 1
  3361  0009E8  D9D5               	call	PL5	;call to abstracted procedure
  3362  0009EA  B4D8               	btfsc	status,2,c
  3363  0009EC  0E01               	movlw	1
  3364  0009EE  6F21               	movwf	_main$316& (0+255),b
  3365  0009F0                     L30:
  3366  0009F0  6B22               	clrf	(_main$316+1)& (0+255),b
  3367                           
  3368                           ; BSR set to: 1
  3369  0009F2  5122               	movf	(_main$316+1)& (0+255),w,b
  3370  0009F4  1121               	iorwf	_main$316& (0+255),w,b
  3371  0009F6  E001               	bz	l385
  3372                           
  3373                           ; BSR set to: 1
  3374  0009F8  D9BF               	call	PL3	;call to abstracted procedure
  3375  0009FA                     l385:
  3376                           
  3377                           ; BSR set to: 1
  3378                           ;main.c: 697: if((t0Mem[T0_SHOW_SETTING_ON].flag?!(t0Mem[T0_SHOW_SETTING_ON].flag=0):0))
      +                           {{ t0Mem[T0_SHOW_SETTING_OFF].flag=0; t0Mem[T0_SHOW_SETTING_OFF].prescaler=t0DelayConst
      +                          ant[T0_SHOW_SETTING_OFF]; t0Mem[T0_SHOW_SETTING_OFF].pause=0; };}
  3379  0009FA  B355               	btfsc	(_t0Mem+20)& (0+255),1,b
  3380  0009FC  D002               	goto	l7061
  3381                           
  3382                           ; BSR set to: 1
  3383  0009FE  6B23               	clrf	_main$317& (0+255),b
  3384  000A00  D004               	goto	L31
  3385  000A02                     l7061:
  3386                           
  3387                           ; BSR set to: 1
  3388  000A02  D9C1               	call	PL4	;call to abstracted procedure
  3389  000A04  B4D8               	btfsc	status,2,c
  3390  000A06  0E01               	movlw	1
  3391  000A08  6F23               	movwf	_main$317& (0+255),b
  3392  000A0A                     L31:
  3393  000A0A  6B24               	clrf	(_main$317+1)& (0+255),b
  3394                           
  3395                           ; BSR set to: 1
  3396  000A0C  5124               	movf	(_main$317+1)& (0+255),w,b
  3397  000A0E  1123               	iorwf	_main$317& (0+255),w,b
  3398  000A10  E001               	bz	l390
  3399                           
  3400                           ; BSR set to: 1
  3401  000A12  D9C7               	call	PL6	;call to abstracted procedure
  3402  000A14                     l390:
  3403                           
  3404                           ; BSR set to: 1
  3405                           ;main.c: 699: if((!t0Mem[T0_SHOW_SETTING_ON].pause && t0Mem[T0_SHOW_SETTING_ON].prescale
      +                          r!=0))
  3406  000A14  B555               	btfsc	(_t0Mem+20)& (0+255),2,b
  3407  000A16  D71F               	goto	l6941
  3408                           
  3409                           ; BSR set to: 1
  3410  000A18  5154               	movf	(_t0Mem+19)& (0+255),w,b
  3411  000A1A  1153               	iorwf	(_t0Mem+18)& (0+255),w,b
  3412  000A1C  E101 D71B          	bz	l6941
  3413                           
  3414                           ; BSR set to: 1
  3415                           ;main.c: 700: {
  3416                           ;main.c: 701: display=xLoMem;
  3417  000A20  C035  F0CD         	movff	_xLoMem,_display
  3418  000A24  C036  F0CE         	movff	_xLoMem+1,_display+1
  3419  000A28  D775               	goto	l6993
  3420  000A2A                     l7073:
  3421                           
  3422                           ;main.c: 707: else if(state==E_SET_ADV_XUP)
  3423  000A2A  5039               	movf	_state,w,c
  3424  000A2C  0A11               	xorlw	17
  3425  000A2E  E126               	bnz	l7097
  3426                           
  3427                           ;main.c: 708: {
  3428                           ;main.c: 709: if((t0Mem[T0_SHOW_SETTING_OFF].flag?!(t0Mem[T0_SHOW_SETTING_OFF].flag=0):0
      +                          )) {{ t0Mem[T0_SHOW_SETTING_ON].flag=0; t0Mem[T0_SHOW_SETTING_ON].prescaler=t0DelayConst
      +                          ant[T0_SHOW_SETTING_ON]; t0Mem[T0_SHOW_SETTING_ON].pause=0; };}
  3429  000A30  0101               	movlb	1	; () banked
  3430  000A32  B358               	btfsc	(_t0Mem+23)& (0+255),1,b
  3431  000A34  D002               	goto	l7079
  3432                           
  3433                           ; BSR set to: 1
  3434  000A36  6B25               	clrf	_main$318& (0+255),b
  3435  000A38  D004               	goto	L32
  3436  000A3A                     l7079:
  3437                           
  3438                           ; BSR set to: 1
  3439  000A3A  D9AC               	call	PL5	;call to abstracted procedure
  3440  000A3C  B4D8               	btfsc	status,2,c
  3441  000A3E  0E01               	movlw	1
  3442  000A40  6F25               	movwf	_main$318& (0+255),b
  3443  000A42                     L32:
  3444  000A42  6B26               	clrf	(_main$318+1)& (0+255),b
  3445                           
  3446                           ; BSR set to: 1
  3447  000A44  5126               	movf	(_main$318+1)& (0+255),w,b
  3448  000A46  1125               	iorwf	_main$318& (0+255),w,b
  3449  000A48  E001               	bz	l399
  3450                           
  3451                           ; BSR set to: 1
  3452  000A4A  D996               	call	PL3	;call to abstracted procedure
  3453  000A4C                     l399:
  3454                           
  3455                           ; BSR set to: 1
  3456                           ;main.c: 710: if((t0Mem[T0_SHOW_SETTING_ON].flag?!(t0Mem[T0_SHOW_SETTING_ON].flag=0):0))
      +                           {{ t0Mem[T0_SHOW_SETTING_OFF].flag=0; t0Mem[T0_SHOW_SETTING_OFF].prescaler=t0DelayConst
      +                          ant[T0_SHOW_SETTING_OFF]; t0Mem[T0_SHOW_SETTING_OFF].pause=0; };}
  3457  000A4C  B355               	btfsc	(_t0Mem+20)& (0+255),1,b
  3458  000A4E  D002               	goto	l7085
  3459                           
  3460                           ; BSR set to: 1
  3461  000A50  6B27               	clrf	_main$319& (0+255),b
  3462  000A52  D004               	goto	L33
  3463  000A54                     l7085:
  3464                           
  3465                           ; BSR set to: 1
  3466  000A54  D998               	call	PL4	;call to abstracted procedure
  3467  000A56  B4D8               	btfsc	status,2,c
  3468  000A58  0E01               	movlw	1
  3469  000A5A  6F27               	movwf	_main$319& (0+255),b
  3470  000A5C                     L33:
  3471  000A5C  6B28               	clrf	(_main$319+1)& (0+255),b
  3472                           
  3473                           ; BSR set to: 1
  3474  000A5E  5128               	movf	(_main$319+1)& (0+255),w,b
  3475  000A60  1127               	iorwf	_main$319& (0+255),w,b
  3476  000A62  E001               	bz	l404
  3477                           
  3478                           ; BSR set to: 1
  3479  000A64  D99E               	call	PL6	;call to abstracted procedure
  3480  000A66                     l404:
  3481                           
  3482                           ; BSR set to: 1
  3483                           ;main.c: 712: if((!t0Mem[T0_SHOW_SETTING_ON].pause && t0Mem[T0_SHOW_SETTING_ON].prescale
      +                          r!=0))
  3484  000A66  B555               	btfsc	(_t0Mem+20)& (0+255),2,b
  3485  000A68  D6F6               	goto	l6941
  3486                           
  3487                           ; BSR set to: 1
  3488  000A6A  5154               	movf	(_t0Mem+19)& (0+255),w,b
  3489  000A6C  1153               	iorwf	(_t0Mem+18)& (0+255),w,b
  3490  000A6E  E101 D6F2          	bz	l6941
  3491                           
  3492                           ; BSR set to: 1
  3493                           ;main.c: 713: {
  3494                           ;main.c: 714: display=xUpMem;
  3495  000A72  C037  F0CD         	movff	_xUpMem,_display
  3496  000A76  C038  F0CE         	movff	_xUpMem+1,_display+1
  3497  000A7A  D74C               	goto	l6993
  3498  000A7C                     l7097:
  3499                           
  3500                           ;main.c: 720: else if(state==E_SET_ADV_ELO)
  3501  000A7C  5039               	movf	_state,w,c
  3502  000A7E  0A13               	xorlw	19
  3503  000A80  E126               	bnz	l7121
  3504                           
  3505                           ;main.c: 721: {
  3506                           ;main.c: 722: if((t0Mem[T0_SHOW_SETTING_OFF].flag?!(t0Mem[T0_SHOW_SETTING_OFF].flag=0):0
      +                          )) {{ t0Mem[T0_SHOW_SETTING_ON].flag=0; t0Mem[T0_SHOW_SETTING_ON].prescaler=t0DelayConst
      +                          ant[T0_SHOW_SETTING_ON]; t0Mem[T0_SHOW_SETTING_ON].pause=0; };}
  3507  000A82  0101               	movlb	1	; () banked
  3508  000A84  B358               	btfsc	(_t0Mem+23)& (0+255),1,b
  3509  000A86  D002               	goto	l7103
  3510                           
  3511                           ; BSR set to: 1
  3512  000A88  6B29               	clrf	_main$320& (0+255),b
  3513  000A8A  D004               	goto	L34
  3514  000A8C                     l7103:
  3515                           
  3516                           ; BSR set to: 1
  3517  000A8C  D983               	call	PL5	;call to abstracted procedure
  3518  000A8E  B4D8               	btfsc	status,2,c
  3519  000A90  0E01               	movlw	1
  3520  000A92  6F29               	movwf	_main$320& (0+255),b
  3521  000A94                     L34:
  3522  000A94  6B2A               	clrf	(_main$320+1)& (0+255),b
  3523                           
  3524                           ; BSR set to: 1
  3525  000A96  512A               	movf	(_main$320+1)& (0+255),w,b
  3526  000A98  1129               	iorwf	_main$320& (0+255),w,b
  3527  000A9A  E001               	bz	l413
  3528                           
  3529                           ; BSR set to: 1
  3530  000A9C  D96D               	call	PL3	;call to abstracted procedure
  3531  000A9E                     l413:
  3532                           
  3533                           ; BSR set to: 1
  3534                           ;main.c: 723: if((t0Mem[T0_SHOW_SETTING_ON].flag?!(t0Mem[T0_SHOW_SETTING_ON].flag=0):0))
      +                           {{ t0Mem[T0_SHOW_SETTING_OFF].flag=0; t0Mem[T0_SHOW_SETTING_OFF].prescaler=t0DelayConst
      +                          ant[T0_SHOW_SETTING_OFF]; t0Mem[T0_SHOW_SETTING_OFF].pause=0; };}
  3535  000A9E  B355               	btfsc	(_t0Mem+20)& (0+255),1,b
  3536  000AA0  D002               	goto	l7109
  3537                           
  3538                           ; BSR set to: 1
  3539  000AA2  6B2B               	clrf	_main$321& (0+255),b
  3540  000AA4  D004               	goto	L35
  3541  000AA6                     l7109:
  3542                           
  3543                           ; BSR set to: 1
  3544  000AA6  D96F               	call	PL4	;call to abstracted procedure
  3545  000AA8  B4D8               	btfsc	status,2,c
  3546  000AAA  0E01               	movlw	1
  3547  000AAC  6F2B               	movwf	_main$321& (0+255),b
  3548  000AAE                     L35:
  3549  000AAE  6B2C               	clrf	(_main$321+1)& (0+255),b
  3550                           
  3551                           ; BSR set to: 1
  3552  000AB0  512C               	movf	(_main$321+1)& (0+255),w,b
  3553  000AB2  112B               	iorwf	_main$321& (0+255),w,b
  3554  000AB4  E001               	bz	l418
  3555                           
  3556                           ; BSR set to: 1
  3557  000AB6  D975               	call	PL6	;call to abstracted procedure
  3558  000AB8                     l418:
  3559                           
  3560                           ; BSR set to: 1
  3561                           ;main.c: 725: if((!t0Mem[T0_SHOW_SETTING_ON].pause && t0Mem[T0_SHOW_SETTING_ON].prescale
      +                          r!=0))
  3562  000AB8  B555               	btfsc	(_t0Mem+20)& (0+255),2,b
  3563  000ABA  D6CD               	goto	l6941
  3564                           
  3565                           ; BSR set to: 1
  3566  000ABC  5154               	movf	(_t0Mem+19)& (0+255),w,b
  3567  000ABE  1153               	iorwf	(_t0Mem+18)& (0+255),w,b
  3568  000AC0  E101 D6C9          	bz	l6941
  3569                           
  3570                           ; BSR set to: 1
  3571                           ;main.c: 726: {
  3572                           ;main.c: 727: display=eLoMem;
  3573  000AC4  C029  F0CD         	movff	_eLoMem,_display
  3574  000AC8  C02A  F0CE         	movff	_eLoMem+1,_display+1
  3575  000ACC  D723               	goto	l6993
  3576  000ACE                     l7121:
  3577                           
  3578                           ;main.c: 733: else if(state==E_SET_ADV_EUP)
  3579  000ACE  5039               	movf	_state,w,c
  3580  000AD0  0A15               	xorlw	21
  3581  000AD2  E126               	bnz	l7145
  3582                           
  3583                           ;main.c: 734: {
  3584                           ;main.c: 735: if((t0Mem[T0_SHOW_SETTING_OFF].flag?!(t0Mem[T0_SHOW_SETTING_OFF].flag=0):0
      +                          )) {{ t0Mem[T0_SHOW_SETTING_ON].flag=0; t0Mem[T0_SHOW_SETTING_ON].prescaler=t0DelayConst
      +                          ant[T0_SHOW_SETTING_ON]; t0Mem[T0_SHOW_SETTING_ON].pause=0; };}
  3585  000AD4  0101               	movlb	1	; () banked
  3586  000AD6  B358               	btfsc	(_t0Mem+23)& (0+255),1,b
  3587  000AD8  D002               	goto	l7127
  3588                           
  3589                           ; BSR set to: 1
  3590  000ADA  6B2D               	clrf	_main$322& (0+255),b
  3591  000ADC  D004               	goto	L36
  3592  000ADE                     l7127:
  3593                           
  3594                           ; BSR set to: 1
  3595  000ADE  D95A               	call	PL5	;call to abstracted procedure
  3596  000AE0  B4D8               	btfsc	status,2,c
  3597  000AE2  0E01               	movlw	1
  3598  000AE4  6F2D               	movwf	_main$322& (0+255),b
  3599  000AE6                     L36:
  3600  000AE6  6B2E               	clrf	(_main$322+1)& (0+255),b
  3601                           
  3602                           ; BSR set to: 1
  3603  000AE8  512E               	movf	(_main$322+1)& (0+255),w,b
  3604  000AEA  112D               	iorwf	_main$322& (0+255),w,b
  3605  000AEC  E001               	bz	l427
  3606                           
  3607                           ; BSR set to: 1
  3608  000AEE  D944               	call	PL3	;call to abstracted procedure
  3609  000AF0                     l427:
  3610                           
  3611                           ; BSR set to: 1
  3612                           ;main.c: 736: if((t0Mem[T0_SHOW_SETTING_ON].flag?!(t0Mem[T0_SHOW_SETTING_ON].flag=0):0))
      +                           {{ t0Mem[T0_SHOW_SETTING_OFF].flag=0; t0Mem[T0_SHOW_SETTING_OFF].prescaler=t0DelayConst
      +                          ant[T0_SHOW_SETTING_OFF]; t0Mem[T0_SHOW_SETTING_OFF].pause=0; };}
  3613  000AF0  B355               	btfsc	(_t0Mem+20)& (0+255),1,b
  3614  000AF2  D002               	goto	l7133
  3615                           
  3616                           ; BSR set to: 1
  3617  000AF4  6B2F               	clrf	_main$323& (0+255),b
  3618  000AF6  D004               	goto	L37
  3619  000AF8                     l7133:
  3620                           
  3621                           ; BSR set to: 1
  3622  000AF8  D946               	call	PL4	;call to abstracted procedure
  3623  000AFA  B4D8               	btfsc	status,2,c
  3624  000AFC  0E01               	movlw	1
  3625  000AFE  6F2F               	movwf	_main$323& (0+255),b
  3626  000B00                     L37:
  3627  000B00  6B30               	clrf	(_main$323+1)& (0+255),b
  3628                           
  3629                           ; BSR set to: 1
  3630  000B02  5130               	movf	(_main$323+1)& (0+255),w,b
  3631  000B04  112F               	iorwf	_main$323& (0+255),w,b
  3632  000B06  E001               	bz	l432
  3633                           
  3634                           ; BSR set to: 1
  3635  000B08  D94C               	call	PL6	;call to abstracted procedure
  3636  000B0A                     l432:
  3637                           
  3638                           ; BSR set to: 1
  3639                           ;main.c: 738: if((!t0Mem[T0_SHOW_SETTING_ON].pause && t0Mem[T0_SHOW_SETTING_ON].prescale
      +                          r!=0))
  3640  000B0A  B555               	btfsc	(_t0Mem+20)& (0+255),2,b
  3641  000B0C  D6A4               	goto	l6941
  3642                           
  3643                           ; BSR set to: 1
  3644  000B0E  5154               	movf	(_t0Mem+19)& (0+255),w,b
  3645  000B10  1153               	iorwf	(_t0Mem+18)& (0+255),w,b
  3646  000B12  E101 D6A0          	bz	l6941
  3647                           
  3648                           ; BSR set to: 1
  3649                           ;main.c: 739: {
  3650                           ;main.c: 740: display=eUpMem;
  3651  000B16  C02B  F0CD         	movff	_eUpMem,_display
  3652  000B1A  C02C  F0CE         	movff	_eUpMem+1,_display+1
  3653  000B1E  D6FA               	goto	l6993
  3654  000B20                     l7145:
  3655                           
  3656                           ;main.c: 746: else if(state==E_SET_ADV_VLO)
  3657  000B20  5039               	movf	_state,w,c
  3658  000B22  0A17               	xorlw	23
  3659  000B24  E126               	bnz	l7169
  3660                           
  3661                           ;main.c: 747: {
  3662                           ;main.c: 748: if((t0Mem[T0_SHOW_SETTING_OFF].flag?!(t0Mem[T0_SHOW_SETTING_OFF].flag=0):0
      +                          )) {{ t0Mem[T0_SHOW_SETTING_ON].flag=0; t0Mem[T0_SHOW_SETTING_ON].prescaler=t0DelayConst
      +                          ant[T0_SHOW_SETTING_ON]; t0Mem[T0_SHOW_SETTING_ON].pause=0; };}
  3663  000B26  0101               	movlb	1	; () banked
  3664  000B28  B358               	btfsc	(_t0Mem+23)& (0+255),1,b
  3665  000B2A  D002               	goto	l7151
  3666                           
  3667                           ; BSR set to: 1
  3668  000B2C  6B31               	clrf	_main$324& (0+255),b
  3669  000B2E  D004               	goto	L38
  3670  000B30                     l7151:
  3671                           
  3672                           ; BSR set to: 1
  3673  000B30  D931               	call	PL5	;call to abstracted procedure
  3674  000B32  B4D8               	btfsc	status,2,c
  3675  000B34  0E01               	movlw	1
  3676  000B36  6F31               	movwf	_main$324& (0+255),b
  3677  000B38                     L38:
  3678  000B38  6B32               	clrf	(_main$324+1)& (0+255),b
  3679                           
  3680                           ; BSR set to: 1
  3681  000B3A  5132               	movf	(_main$324+1)& (0+255),w,b
  3682  000B3C  1131               	iorwf	_main$324& (0+255),w,b
  3683  000B3E  E001               	bz	l441
  3684                           
  3685                           ; BSR set to: 1
  3686  000B40  D91B               	call	PL3	;call to abstracted procedure
  3687  000B42                     l441:
  3688                           
  3689                           ; BSR set to: 1
  3690                           ;main.c: 749: if((t0Mem[T0_SHOW_SETTING_ON].flag?!(t0Mem[T0_SHOW_SETTING_ON].flag=0):0))
      +                           {{ t0Mem[T0_SHOW_SETTING_OFF].flag=0; t0Mem[T0_SHOW_SETTING_OFF].prescaler=t0DelayConst
      +                          ant[T0_SHOW_SETTING_OFF]; t0Mem[T0_SHOW_SETTING_OFF].pause=0; };}
  3691  000B42  B355               	btfsc	(_t0Mem+20)& (0+255),1,b
  3692  000B44  D002               	goto	l7157
  3693                           
  3694                           ; BSR set to: 1
  3695  000B46  6B33               	clrf	_main$325& (0+255),b
  3696  000B48  D004               	goto	L39
  3697  000B4A                     l7157:
  3698                           
  3699                           ; BSR set to: 1
  3700  000B4A  D91D               	call	PL4	;call to abstracted procedure
  3701  000B4C  B4D8               	btfsc	status,2,c
  3702  000B4E  0E01               	movlw	1
  3703  000B50  6F33               	movwf	_main$325& (0+255),b
  3704  000B52                     L39:
  3705  000B52  6B34               	clrf	(_main$325+1)& (0+255),b
  3706                           
  3707                           ; BSR set to: 1
  3708  000B54  5134               	movf	(_main$325+1)& (0+255),w,b
  3709  000B56  1133               	iorwf	_main$325& (0+255),w,b
  3710  000B58  E001               	bz	l446
  3711                           
  3712                           ; BSR set to: 1
  3713  000B5A  D923               	call	PL6	;call to abstracted procedure
  3714  000B5C                     l446:
  3715                           
  3716                           ; BSR set to: 1
  3717                           ;main.c: 751: if((!t0Mem[T0_SHOW_SETTING_ON].pause && t0Mem[T0_SHOW_SETTING_ON].prescale
      +                          r!=0))
  3718  000B5C  B555               	btfsc	(_t0Mem+20)& (0+255),2,b
  3719  000B5E  D67B               	goto	l6941
  3720                           
  3721                           ; BSR set to: 1
  3722  000B60  5154               	movf	(_t0Mem+19)& (0+255),w,b
  3723  000B62  1153               	iorwf	(_t0Mem+18)& (0+255),w,b
  3724  000B64  E101 D677          	bz	l6941
  3725                           
  3726                           ; BSR set to: 1
  3727                           ;main.c: 752: {
  3728                           ;main.c: 753: display=vLoMem;
  3729  000B68  C031  F0CD         	movff	_vLoMem,_display
  3730  000B6C  C032  F0CE         	movff	_vLoMem+1,_display+1
  3731  000B70  D6D1               	goto	l6993
  3732  000B72                     l7169:
  3733                           
  3734                           ;main.c: 759: else if(state==E_SET_ADV_VUP)
  3735  000B72  5039               	movf	_state,w,c
  3736  000B74  0A19               	xorlw	25
  3737  000B76  E126               	bnz	l7193
  3738                           
  3739                           ;main.c: 760: {
  3740                           ;main.c: 761: if((t0Mem[T0_SHOW_SETTING_OFF].flag?!(t0Mem[T0_SHOW_SETTING_OFF].flag=0):0
      +                          )) {{ t0Mem[T0_SHOW_SETTING_ON].flag=0; t0Mem[T0_SHOW_SETTING_ON].prescaler=t0DelayConst
      +                          ant[T0_SHOW_SETTING_ON]; t0Mem[T0_SHOW_SETTING_ON].pause=0; };}
  3741  000B78  0101               	movlb	1	; () banked
  3742  000B7A  B358               	btfsc	(_t0Mem+23)& (0+255),1,b
  3743  000B7C  D002               	goto	l7175
  3744                           
  3745                           ; BSR set to: 1
  3746  000B7E  6B35               	clrf	_main$326& (0+255),b
  3747  000B80  D004               	goto	L40
  3748  000B82                     l7175:
  3749                           
  3750                           ; BSR set to: 1
  3751  000B82  D908               	call	PL5	;call to abstracted procedure
  3752  000B84  B4D8               	btfsc	status,2,c
  3753  000B86  0E01               	movlw	1
  3754  000B88  6F35               	movwf	_main$326& (0+255),b
  3755  000B8A                     L40:
  3756  000B8A  6B36               	clrf	(_main$326+1)& (0+255),b
  3757                           
  3758                           ; BSR set to: 1
  3759  000B8C  5136               	movf	(_main$326+1)& (0+255),w,b
  3760  000B8E  1135               	iorwf	_main$326& (0+255),w,b
  3761  000B90  E001               	bz	l455
  3762                           
  3763                           ; BSR set to: 1
  3764  000B92  D8F2               	call	PL3	;call to abstracted procedure
  3765  000B94                     l455:
  3766                           
  3767                           ; BSR set to: 1
  3768                           ;main.c: 762: if((t0Mem[T0_SHOW_SETTING_ON].flag?!(t0Mem[T0_SHOW_SETTING_ON].flag=0):0))
      +                           {{ t0Mem[T0_SHOW_SETTING_OFF].flag=0; t0Mem[T0_SHOW_SETTING_OFF].prescaler=t0DelayConst
      +                          ant[T0_SHOW_SETTING_OFF]; t0Mem[T0_SHOW_SETTING_OFF].pause=0; };}
  3769  000B94  B355               	btfsc	(_t0Mem+20)& (0+255),1,b
  3770  000B96  D002               	goto	l7181
  3771                           
  3772                           ; BSR set to: 1
  3773  000B98  6B37               	clrf	_main$327& (0+255),b
  3774  000B9A  D004               	goto	L41
  3775  000B9C                     l7181:
  3776                           
  3777                           ; BSR set to: 1
  3778  000B9C  D8F4               	call	PL4	;call to abstracted procedure
  3779  000B9E  B4D8               	btfsc	status,2,c
  3780  000BA0  0E01               	movlw	1
  3781  000BA2  6F37               	movwf	_main$327& (0+255),b
  3782  000BA4                     L41:
  3783  000BA4  6B38               	clrf	(_main$327+1)& (0+255),b
  3784                           
  3785                           ; BSR set to: 1
  3786  000BA6  5138               	movf	(_main$327+1)& (0+255),w,b
  3787  000BA8  1137               	iorwf	_main$327& (0+255),w,b
  3788  000BAA  E001               	bz	l460
  3789                           
  3790                           ; BSR set to: 1
  3791  000BAC  D8FA               	call	PL6	;call to abstracted procedure
  3792  000BAE                     l460:
  3793                           
  3794                           ; BSR set to: 1
  3795                           ;main.c: 764: if((!t0Mem[T0_SHOW_SETTING_ON].pause && t0Mem[T0_SHOW_SETTING_ON].prescale
      +                          r!=0))
  3796  000BAE  B555               	btfsc	(_t0Mem+20)& (0+255),2,b
  3797  000BB0  D652               	goto	l6941
  3798                           
  3799                           ; BSR set to: 1
  3800  000BB2  5154               	movf	(_t0Mem+19)& (0+255),w,b
  3801  000BB4  1153               	iorwf	(_t0Mem+18)& (0+255),w,b
  3802  000BB6  E101 D64E          	bz	l6941
  3803                           
  3804                           ; BSR set to: 1
  3805                           ;main.c: 765: {
  3806                           ;main.c: 766: display=vUpMem;
  3807  000BBA  C033  F0CD         	movff	_vUpMem,_display
  3808  000BBE  C034  F0CE         	movff	_vUpMem+1,_display+1
  3809  000BC2  D6A8               	goto	l6993
  3810  000BC4                     l7193:
  3811                           
  3812                           ;main.c: 771: }
  3813                           ;main.c: 774: if((kPinBuffer.flag && kPinBuffer.flanco==FLANCO_P && kPinBuffer.kId==UP_F
      +                          P?!(kPinBuffer.flag=0):0))
  3814  000BC4  0100               	movlb	0	; () banked
  3815  000BC6  BBD4               	btfsc	_kPinBuffer& (0+255),5,b
  3816                           
  3817                           ; BSR set to: 0
  3818  000BC8  ADD4               	btfss	_kPinBuffer& (0+255),6,b
  3819  000BCA  D004               	goto	l473
  3820                           
  3821                           ; BSR set to: 0
  3822  000BCC  51D4               	movf	_kPinBuffer& (0+255),w,b
  3823  000BCE  0B1F               	andlw	31
  3824  000BD0  0A02               	xorlw	2
  3825  000BD2  E003               	bz	l7199
  3826  000BD4                     l473:
  3827                           
  3828                           ; BSR set to: 0
  3829  000BD4  0101               	movlb	1	; () banked
  3830  000BD6  6B39               	clrf	_main$328& (0+255),b
  3831  000BD8  D002               	goto	L42
  3832  000BDA                     l7199:
  3833                           
  3834                           ; BSR set to: 0
  3835  000BDA  D8EA               	call	PL7	;call to abstracted procedure
  3836  000BDC  6F39               	movwf	_main$328& (0+255),b
  3837  000BDE                     L42:
  3838  000BDE  6B3A               	clrf	(_main$328+1)& (0+255),b
  3839                           
  3840                           ; BSR set to: 1
  3841  000BE0  513A               	movf	(_main$328+1)& (0+255),w,b
  3842  000BE2  1139               	iorwf	_main$328& (0+255),w,b
  3843  000BE4  E018               	bz	l7245
  3844                           
  3845                           ; BSR set to: 1
  3846                           ;main.c: 775: {
  3847                           ;main.c: 776: if(ignoreNextFp) ignoreNextFp=0;
  3848  000BE6  0100               	movlb	0	; () banked
  3849  000BE8  51D3               	movf	_ignoreNextFp& (0+255),w,b
  3850  000BEA  E002               	bz	l474
  3851                           
  3852                           ; BSR set to: 0
  3853  000BEC  6BD3               	clrf	_ignoreNextFp& (0+255),b
  3854  000BEE  D013               	goto	l7245
  3855  000BF0                     l474:
  3856                           
  3857                           ; BSR set to: 0
  3858                           ;main.c: 777: else
  3859                           ;main.c: 778: {
  3860                           ;main.c: 779: { t0Mem[T0_LONG_PULS_UP].prescaler=0; };
  3861  000BF0  0101               	movlb	1	; () banked
  3862  000BF2  6B41               	clrf	_t0Mem& (0+255),b
  3863  000BF4  6B42               	clrf	(_t0Mem+1)& (0+255),b
  3864                           
  3865                           ; BSR set to: 1
  3866                           ;main.c: 782: if(state>=E_IDLE && state<E_MENU_FACTORY_CAL)
  3867  000BF6  5039               	movf	_state,w,c
  3868  000BF8  E006               	bz	l7225
  3869                           
  3870                           ; BSR set to: 1
  3871  000BFA  0E07               	movlw	7
  3872  000BFC  6039               	cpfslt	_state,c
  3873  000BFE  D003               	goto	l7225
  3874                           
  3875                           ; BSR set to: 1
  3876                           ;main.c: 783: {
  3877                           ;main.c: 784: state++;
  3878  000C00  2A39               	incf	_state,f,c
  3879  000C02                     l7211:
  3880                           
  3881                           ; BSR set to: 1
  3882                           ;main.c: 785: PORTCbits.RC6=1;
  3883                           
  3884                           ; BSR set to: 1
  3885                           ;main.c: 786: { t0Mem[T0_SHOW_MENU].flag=0; t0Mem[T0_SHOW_MENU].prescaler=t0DelayConstan
      +                          t[T0_SHOW_MENU]; t0Mem[T0_SHOW_MENU].pause=0; };
  3886                           
  3887                           ; BSR set to: 1
  3888                           
  3889                           ; BSR set to: 1
  3890                           
  3891                           ; BSR set to: 1
  3892                           ;main.c: 787: { t0Mem[T0_BEEP].flag=0; t0Mem[T0_BEEP].prescaler=t0DelayConstant[T0_BEEP]
      +                          ; t0Mem[T0_BEEP].pause=0; };
  3893                           
  3894                           ; BSR set to: 1
  3895                           
  3896                           ; BSR set to: 1
  3897  000C02  D8F2               	call	PL19	;call to abstracted procedure
  3898                           
  3899                           ;main.c: 788: }
  3900  000C04  D008               	goto	l7245
  3901  000C06                     l7225:
  3902                           
  3903                           ; BSR set to: 1
  3904                           ;main.c: 789: else if(state==E_MENU_FACTORY_CAL)
  3905  000C06  5039               	movf	_state,w,c
  3906  000C08  0A07               	xorlw	7
  3907  000C0A  E103               	bnz	l7243
  3908                           
  3909                           ; BSR set to: 1
  3910                           ;main.c: 790: {
  3911                           ;main.c: 791: state=E_MENU_BRILLO;
  3912  000C0C  0E02               	movlw	2
  3913  000C0E  6E39               	movwf	_state,c
  3914  000C10  D7F8               	goto	l7211
  3915  000C12                     l7243:
  3916                           
  3917                           ; BSR set to: 1
  3918                           ;main.c: 796: else incVar();
  3919  000C12  EC13  F007         	call	_incVar	;wreg free
  3920  000C16                     l7245:
  3921                           
  3922                           ;main.c: 797: }
  3923                           ;main.c: 798: }
  3924                           ;main.c: 801: if((kPinBuffer.flag && kPinBuffer.flanco==FLANCO_P && kPinBuffer.kId==DWN_
      +                          FP?!(kPinBuffer.flag=0):0))
  3925  000C16  0100               	movlb	0	; () banked
  3926  000C18  BBD4               	btfsc	_kPinBuffer& (0+255),5,b
  3927                           
  3928                           ; BSR set to: 0
  3929  000C1A  ADD4               	btfss	_kPinBuffer& (0+255),6,b
  3930  000C1C  D004               	goto	l486
  3931                           
  3932                           ; BSR set to: 0
  3933  000C1E  51D4               	movf	_kPinBuffer& (0+255),w,b
  3934  000C20  0B1F               	andlw	31
  3935  000C22  0A03               	xorlw	3
  3936  000C24  E003               	bz	l7251
  3937  000C26                     l486:
  3938                           
  3939                           ; BSR set to: 0
  3940  000C26  0101               	movlb	1	; () banked
  3941  000C28  6B3B               	clrf	_main$329& (0+255),b
  3942  000C2A  D002               	goto	L43
  3943  000C2C                     l7251:
  3944                           
  3945                           ; BSR set to: 0
  3946  000C2C  D8C1               	call	PL7	;call to abstracted procedure
  3947  000C2E  6F3B               	movwf	_main$329& (0+255),b
  3948  000C30                     L43:
  3949  000C30  6B3C               	clrf	(_main$329+1)& (0+255),b
  3950                           
  3951                           ; BSR set to: 1
  3952  000C32  513C               	movf	(_main$329+1)& (0+255),w,b
  3953  000C34  113B               	iorwf	_main$329& (0+255),w,b
  3954  000C36  E018               	bz	l7297
  3955                           
  3956                           ; BSR set to: 1
  3957                           ;main.c: 802: {
  3958                           ;main.c: 803: if(ignoreNextFp) ignoreNextFp=0;
  3959  000C38  0100               	movlb	0	; () banked
  3960  000C3A  51D3               	movf	_ignoreNextFp& (0+255),w,b
  3961  000C3C  E002               	bz	l487
  3962                           
  3963                           ; BSR set to: 0
  3964  000C3E  6BD3               	clrf	_ignoreNextFp& (0+255),b
  3965  000C40  D013               	goto	l7297
  3966  000C42                     l487:
  3967                           
  3968                           ; BSR set to: 0
  3969                           ;main.c: 804: else
  3970                           ;main.c: 805: {
  3971                           ;main.c: 806: { t0Mem[T0_LONG_PULS_DWN].prescaler=0; };
  3972  000C42  0101               	movlb	1	; () banked
  3973  000C44  6B44               	clrf	(_t0Mem+3)& (0+255),b
  3974  000C46  6B45               	clrf	(_t0Mem+4)& (0+255),b
  3975                           
  3976                           ; BSR set to: 1
  3977                           ;main.c: 809: if(state>=E_IDLE && state<E_MENU_FACTORY_CAL)
  3978  000C48  5039               	movf	_state,w,c
  3979  000C4A  E006               	bz	l7277
  3980                           
  3981                           ; BSR set to: 1
  3982  000C4C  0E07               	movlw	7
  3983  000C4E  6039               	cpfslt	_state,c
  3984  000C50  D003               	goto	l7277
  3985                           
  3986                           ; BSR set to: 1
  3987                           ;main.c: 810: {
  3988                           ;main.c: 811: state++;
  3989  000C52  2A39               	incf	_state,f,c
  3990  000C54                     l7263:
  3991                           
  3992                           ; BSR set to: 1
  3993                           ;main.c: 812: PORTCbits.RC6=1;
  3994                           
  3995                           ; BSR set to: 1
  3996                           ;main.c: 813: { t0Mem[T0_SHOW_MENU].flag=0; t0Mem[T0_SHOW_MENU].prescaler=t0DelayConstan
      +                          t[T0_SHOW_MENU]; t0Mem[T0_SHOW_MENU].pause=0; };
  3997                           
  3998                           ; BSR set to: 1
  3999                           
  4000                           ; BSR set to: 1
  4001                           
  4002                           ; BSR set to: 1
  4003                           ;main.c: 814: { t0Mem[T0_BEEP].flag=0; t0Mem[T0_BEEP].prescaler=t0DelayConstant[T0_BEEP]
      +                          ; t0Mem[T0_BEEP].pause=0; };
  4004                           
  4005                           ; BSR set to: 1
  4006                           
  4007                           ; BSR set to: 1
  4008  000C54  D8C9               	call	PL19	;call to abstracted procedure
  4009                           
  4010                           ;main.c: 815: }
  4011  000C56  D008               	goto	l7297
  4012  000C58                     l7277:
  4013                           
  4014                           ; BSR set to: 1
  4015                           ;main.c: 816: else if(state==E_MENU_FACTORY_CAL)
  4016  000C58  5039               	movf	_state,w,c
  4017  000C5A  0A07               	xorlw	7
  4018  000C5C  E103               	bnz	l7295
  4019                           
  4020                           ; BSR set to: 1
  4021                           ;main.c: 817: {
  4022                           ;main.c: 818: state=E_MENU_BRILLO;
  4023  000C5E  0E02               	movlw	2
  4024  000C60  6E39               	movwf	_state,c
  4025  000C62  D7F8               	goto	l7263
  4026  000C64                     l7295:
  4027                           
  4028                           ; BSR set to: 1
  4029                           ;main.c: 823: else decVar();
  4030  000C64  EC51  F008         	call	_decVar	;wreg free
  4031  000C68                     l7297:
  4032                           
  4033                           ;main.c: 824: }
  4034                           ;main.c: 825: }
  4035                           ;main.c: 828: if((kPinBuffer.flag && kPinBuffer.flanco==FLANCO_N && kPinBuffer.kId==UP_F
      +                          N?!(kPinBuffer.flag=0):0))
  4036  000C68  0100               	movlb	0	; () banked
  4037  000C6A  BBD4               	btfsc	_kPinBuffer& (0+255),5,b
  4038                           
  4039                           ; BSR set to: 0
  4040  000C6C  BDD4               	btfsc	_kPinBuffer& (0+255),6,b
  4041  000C6E  D003               	goto	l499
  4042                           
  4043                           ; BSR set to: 0
  4044  000C70  51D4               	movf	_kPinBuffer& (0+255),w,b
  4045  000C72  0B1F               	andlw	31
  4046  000C74  E003               	bz	l7303
  4047  000C76                     l499:
  4048                           
  4049                           ; BSR set to: 0
  4050  000C76  0101               	movlb	1	; () banked
  4051  000C78  6B3D               	clrf	_main$330& (0+255),b
  4052  000C7A  D002               	goto	L44
  4053  000C7C                     l7303:
  4054                           
  4055                           ; BSR set to: 0
  4056  000C7C  D899               	call	PL7	;call to abstracted procedure
  4057  000C7E  6F3D               	movwf	_main$330& (0+255),b
  4058  000C80                     L44:
  4059  000C80  6B3E               	clrf	(_main$330+1)& (0+255),b
  4060                           
  4061                           ; BSR set to: 1
  4062  000C82  513E               	movf	(_main$330+1)& (0+255),w,b
  4063  000C84  113D               	iorwf	_main$330& (0+255),w,b
  4064  000C86  E030               	bz	l493
  4065                           
  4066                           ; BSR set to: 1
  4067                           ;main.c: 829: {
  4068                           ;main.c: 830: if(state==E_MENU_BRILLO || state==E_MENU_ADV_MODE || state==E_MENU_LIMITS
  4069                           ;main.c: 831: || state==E_MENU_ESCALA || state==E_SET_ESCALA_ENT || state==E_SET_ESCALA_
      +                          DEC
  4070                           ;main.c: 832: || state==E_MENU_USER_CAL || state==E_MENU_FACTORY_CAL
  4071                           ;main.c: 833: || state==E_SET_ADV_XLO || state==E_SET_ADV_XUP
  4072                           ;main.c: 834: || state==E_SET_ADV_ELO || state==E_SET_ADV_EUP
  4073                           ;main.c: 835: || state==E_SET_ADV_VLO || state==E_SET_ADV_VUP)
  4074  000C88  5039               	movf	_state,w,c
  4075  000C8A  0A02               	xorlw	2
  4076  000C8C  E027               	bz	l502
  4077                           
  4078                           ; BSR set to: 1
  4079  000C8E  5039               	movf	_state,w,c
  4080  000C90  0A03               	xorlw	3
  4081  000C92  E024               	bz	l502
  4082                           
  4083                           ; BSR set to: 1
  4084  000C94  5039               	movf	_state,w,c
  4085  000C96  0A04               	xorlw	4
  4086  000C98  E021               	bz	l502
  4087                           
  4088                           ; BSR set to: 1
  4089  000C9A  5039               	movf	_state,w,c
  4090  000C9C  0A05               	xorlw	5
  4091  000C9E  E01E               	bz	l502
  4092                           
  4093                           ; BSR set to: 1
  4094  000CA0  5039               	movf	_state,w,c
  4095  000CA2  0A0A               	xorlw	10
  4096  000CA4  E01B               	bz	l502
  4097                           
  4098                           ; BSR set to: 1
  4099  000CA6  5039               	movf	_state,w,c
  4100  000CA8  0A0C               	xorlw	12
  4101  000CAA  E018               	bz	l502
  4102                           
  4103                           ; BSR set to: 1
  4104  000CAC  5039               	movf	_state,w,c
  4105  000CAE  0A06               	xorlw	6
  4106  000CB0  E015               	bz	l502
  4107                           
  4108                           ; BSR set to: 1
  4109  000CB2  5039               	movf	_state,w,c
  4110  000CB4  0A07               	xorlw	7
  4111  000CB6  E012               	bz	l502
  4112                           
  4113                           ; BSR set to: 1
  4114  000CB8  5039               	movf	_state,w,c
  4115  000CBA  0A0F               	xorlw	15
  4116  000CBC  E00F               	bz	l502
  4117                           
  4118                           ; BSR set to: 1
  4119  000CBE  5039               	movf	_state,w,c
  4120  000CC0  0A11               	xorlw	17
  4121  000CC2  E00C               	bz	l502
  4122                           
  4123                           ; BSR set to: 1
  4124  000CC4  5039               	movf	_state,w,c
  4125  000CC6  0A13               	xorlw	19
  4126  000CC8  E009               	bz	l502
  4127                           
  4128                           ; BSR set to: 1
  4129  000CCA  5039               	movf	_state,w,c
  4130  000CCC  0A15               	xorlw	21
  4131  000CCE  E006               	bz	l502
  4132                           
  4133                           ; BSR set to: 1
  4134  000CD0  5039               	movf	_state,w,c
  4135  000CD2  0A17               	xorlw	23
  4136  000CD4  E003               	bz	l502
  4137                           
  4138                           ; BSR set to: 1
  4139  000CD6  5039               	movf	_state,w,c
  4140  000CD8  0A19               	xorlw	25
  4141  000CDA  E106               	bnz	l493
  4142  000CDC                     l502:
  4143                           
  4144                           ; BSR set to: 1
  4145                           ;main.c: 836: { t0Mem[T0_LONG_PULS_UP].flag=0; t0Mem[T0_LONG_PULS_UP].prescaler=t0DelayC
      +                          onstant[T0_LONG_PULS_UP]; t0Mem[T0_LONG_PULS_UP].pause=0; };
  4146  000CDC  9343               	bcf	(_t0Mem+2)& (0+255),1,b
  4147  000CDE  C0AE  F141         	movff	_t0DelayConstant,_t0Mem
  4148  000CE2  C0AF  F142         	movff	_t0DelayConstant+1,_t0Mem+1
  4149  000CE6  9543               	bcf	(_t0Mem+2)& (0+255),2,b
  4150  000CE8                     l493:
  4151                           
  4152                           ; BSR set to: 1
  4153                           ;main.c: 837: }
  4154                           ;main.c: 840: if((kPinBuffer.flag && kPinBuffer.flanco==FLANCO_N && kPinBuffer.kId==DWN_
      +                          FN?!(kPinBuffer.flag=0):0))
  4155  000CE8  0100               	movlb	0	; () banked
  4156  000CEA  BBD4               	btfsc	_kPinBuffer& (0+255),5,b
  4157                           
  4158                           ; BSR set to: 0
  4159  000CEC  BDD4               	btfsc	_kPinBuffer& (0+255),6,b
  4160  000CEE  D005               	goto	l509
  4161                           
  4162                           ; BSR set to: 0
  4163  000CF0  51D4               	movf	_kPinBuffer& (0+255),w,b
  4164  000CF2  0B1F               	andlw	31
  4165  000CF4  6FAC               	movwf	??_main& (0+255),b
  4166  000CF6  05AC               	decf	??_main& (0+255),w,b
  4167  000CF8  E003               	bz	l7337
  4168  000CFA                     l509:
  4169                           
  4170                           ; BSR set to: 0
  4171  000CFA  0101               	movlb	1	; () banked
  4172  000CFC  6B3F               	clrf	_main$331& (0+255),b
  4173  000CFE  D002               	goto	L45
  4174  000D00                     l7337:
  4175                           
  4176                           ; BSR set to: 0
  4177  000D00  D857               	call	PL7	;call to abstracted procedure
  4178  000D02  6F3F               	movwf	_main$331& (0+255),b
  4179  000D04                     L45:
  4180  000D04  6B40               	clrf	(_main$331+1)& (0+255),b
  4181                           
  4182                           ; BSR set to: 1
  4183  000D06  5140               	movf	(_main$331+1)& (0+255),w,b
  4184  000D08  113F               	iorwf	_main$331& (0+255),w,b
  4185  000D0A  E102 EF08  F001    	bz	l6595
  4186                           
  4187                           ; BSR set to: 1
  4188                           ;main.c: 841: {
  4189                           ;main.c: 842: if(state==E_MENU_BRILLO || state==E_MENU_ADV_MODE || state==E_MENU_LIMITS
  4190                           ;main.c: 843: || state==E_MENU_ESCALA || state==E_SET_ESCALA_ENT || state==E_SET_ESCALA_
      +                          DEC
  4191                           ;main.c: 844: || state==E_MENU_USER_CAL || state==E_MENU_FACTORY_CAL
  4192                           ;main.c: 845: || state==E_SET_ADV_XLO || state==E_SET_ADV_XUP
  4193                           ;main.c: 846: || state==E_SET_ADV_ELO || state==E_SET_ADV_EUP
  4194                           ;main.c: 847: || state==E_SET_ADV_VLO || state==E_SET_ADV_VUP)
  4195  000D10  5039               	movf	_state,w,c
  4196  000D12  0A02               	xorlw	2
  4197  000D14  E029               	bz	l512
  4198                           
  4199                           ; BSR set to: 1
  4200  000D16  5039               	movf	_state,w,c
  4201  000D18  0A03               	xorlw	3
  4202  000D1A  E026               	bz	l512
  4203                           
  4204                           ; BSR set to: 1
  4205  000D1C  5039               	movf	_state,w,c
  4206  000D1E  0A04               	xorlw	4
  4207  000D20  E023               	bz	l512
  4208                           
  4209                           ; BSR set to: 1
  4210  000D22  5039               	movf	_state,w,c
  4211  000D24  0A05               	xorlw	5
  4212  000D26  E020               	bz	l512
  4213                           
  4214                           ; BSR set to: 1
  4215  000D28  5039               	movf	_state,w,c
  4216  000D2A  0A0A               	xorlw	10
  4217  000D2C  E01D               	bz	l512
  4218                           
  4219                           ; BSR set to: 1
  4220  000D2E  5039               	movf	_state,w,c
  4221  000D30  0A0C               	xorlw	12
  4222  000D32  E01A               	bz	l512
  4223                           
  4224                           ; BSR set to: 1
  4225  000D34  5039               	movf	_state,w,c
  4226  000D36  0A06               	xorlw	6
  4227  000D38  E017               	bz	l512
  4228                           
  4229                           ; BSR set to: 1
  4230  000D3A  5039               	movf	_state,w,c
  4231  000D3C  0A07               	xorlw	7
  4232  000D3E  E014               	bz	l512
  4233                           
  4234                           ; BSR set to: 1
  4235  000D40  5039               	movf	_state,w,c
  4236  000D42  0A0F               	xorlw	15
  4237  000D44  E011               	bz	l512
  4238                           
  4239                           ; BSR set to: 1
  4240  000D46  5039               	movf	_state,w,c
  4241  000D48  0A11               	xorlw	17
  4242  000D4A  E00E               	bz	l512
  4243                           
  4244                           ; BSR set to: 1
  4245  000D4C  5039               	movf	_state,w,c
  4246  000D4E  0A13               	xorlw	19
  4247  000D50  E00B               	bz	l512
  4248                           
  4249                           ; BSR set to: 1
  4250  000D52  5039               	movf	_state,w,c
  4251  000D54  0A15               	xorlw	21
  4252  000D56  E008               	bz	l512
  4253                           
  4254                           ; BSR set to: 1
  4255  000D58  5039               	movf	_state,w,c
  4256  000D5A  0A17               	xorlw	23
  4257  000D5C  E005               	bz	l512
  4258                           
  4259                           ; BSR set to: 1
  4260  000D5E  5039               	movf	_state,w,c
  4261  000D60  0A19               	xorlw	25
  4262  000D62  E002 EF08  F001    	bnz	l6595
  4263  000D68                     l512:
  4264                           
  4265                           ; BSR set to: 1
  4266                           ;main.c: 848: { t0Mem[T0_LONG_PULS_DWN].flag=0; t0Mem[T0_LONG_PULS_DWN].prescaler=t0Dela
      +                          yConstant[T0_LONG_PULS_DWN]; t0Mem[T0_LONG_PULS_DWN].pause=0; };
  4267  000D68  9346               	bcf	(_t0Mem+5)& (0+255),1,b
  4268  000D6A  C0B0  F144         	movff	_t0DelayConstant+2,_t0Mem+3
  4269  000D6E  C0B1  F145         	movff	_t0DelayConstant+3,_t0Mem+4
  4270  000D72  9546               	bcf	(_t0Mem+5)& (0+255),2,b
  4271  000D74  EF08  F001         	goto	l6595
  4272  000D78                     PL3:
  4273  000D78  9355               	bcf	(_t0Mem+20)& (0+255),1,b
  4274  000D7A  C0BA  F153         	movff	_t0DelayConstant+12,_t0Mem+18
  4275  000D7E  C0BB  F154         	movff	_t0DelayConstant+13,_t0Mem+19
  4276  000D82  9555               	bcf	(_t0Mem+20)& (0+255),2,b
  4277  000D84  0012               	return	
  4278  000D86                     PL4:
  4279  000D86  5155               	movf	(_t0Mem+20)& (0+255),w,b
  4280  000D88  0BFD               	andlw	-3
  4281  000D8A  6F55               	movwf	(_t0Mem+20)& (0+255),b
  4282  000D8C  0101               	movlb	1	; () banked
  4283  000D8E  3155               	rrcf	(_t0Mem+20)& (0+255),w,b
  4284  000D90  0B01               	andlw	1
  4285  000D92  0C00               	retlw	0
  4286  000D94                     PL5:
  4287  000D94  5158               	movf	(_t0Mem+23)& (0+255),w,b
  4288  000D96  0BFD               	andlw	-3
  4289  000D98  6F58               	movwf	(_t0Mem+23)& (0+255),b
  4290  000D9A  0101               	movlb	1	; () banked
  4291  000D9C  3158               	rrcf	(_t0Mem+23)& (0+255),w,b
  4292  000D9E  0B01               	andlw	1
  4293  000DA0  0C00               	retlw	0
  4294  000DA2                     PL6:
  4295  000DA2  9358               	bcf	(_t0Mem+23)& (0+255),1,b
  4296  000DA4  C0BC  F156         	movff	_t0DelayConstant+14,_t0Mem+21
  4297  000DA8  C0BD  F157         	movff	_t0DelayConstant+15,_t0Mem+22
  4298  000DAC  9558               	bcf	(_t0Mem+23)& (0+255),2,b
  4299  000DAE  0012               	return	
  4300  000DB0                     PL7:
  4301  000DB0  51D4               	movf	_kPinBuffer& (0+255),w,b
  4302  000DB2  0BDF               	andlw	-33
  4303  000DB4  6FD4               	movwf	_kPinBuffer& (0+255),b
  4304  000DB6  0100               	movlb	0	; () banked
  4305  000DB8  39D4               	swapf	_kPinBuffer& (0+255),w,b
  4306  000DBA  32E8               	rrcf	wreg,f,c
  4307  000DBC  0B01               	andlw	1
  4308  000DBE  0E00               	movlw	0
  4309  000DC0  B4D8               	btfsc	status,2,c
  4310  000DC2  0E01               	movlw	1
  4311  000DC4  0101               	movlb	1	; () banked
  4312  000DC6  0012               	return	
  4313  000DC8                     PL10:
  4314  000DC8  6B4A               	clrf	(_t0Mem+9)& (0+255),b
  4315  000DCA  6B4B               	clrf	(_t0Mem+10)& (0+255),b
  4316  000DCC  8C82               	bsf	3970,6,c	;volatile
  4317  000DCE  9349               	bcf	(_t0Mem+8)& (0+255),1,b
  4318  000DD0  C0B2  F147         	movff	_t0DelayConstant+4,_t0Mem+6
  4319  000DD4  C0B3  F148         	movff	_t0DelayConstant+5,_t0Mem+7
  4320  000DD8  9549               	bcf	(_t0Mem+8)& (0+255),2,b
  4321  000DDA  9352               	bcf	(_t0Mem+17)& (0+255),1,b
  4322  000DDC  C0B8  F150         	movff	_t0DelayConstant+10,_t0Mem+15
  4323  000DE0  C0B9  F151         	movff	_t0DelayConstant+11,_t0Mem+16
  4324  000DE4  9552               	bcf	(_t0Mem+17)& (0+255),2,b
  4325  000DE6  0012               	return	
  4326  000DE8                     PL19:
  4327  000DE8  8C82               	bsf	3970,6,c	;volatile
  4328  000DEA  934C               	bcf	(_t0Mem+11)& (0+255),1,b
  4329  000DEC  C0B4  F14A         	movff	_t0DelayConstant+6,_t0Mem+9
  4330  000DF0  C0B5  F14B         	movff	_t0DelayConstant+7,_t0Mem+10
  4331  000DF4  954C               	bcf	(_t0Mem+11)& (0+255),2,b
  4332  000DF6  9349               	bcf	(_t0Mem+8)& (0+255),1,b
  4333  000DF8  C0B2  F147         	movff	_t0DelayConstant+4,_t0Mem+6
  4334  000DFC  C0B3  F148         	movff	_t0DelayConstant+5,_t0Mem+7
  4335  000E00  9549               	bcf	(_t0Mem+8)& (0+255),2,b
  4336  000E02  0012               	return	
  4337  000E04                     PL24:
  4338  000E04  0E20               	movlw	32
  4339  000E06  0100               	movlb	0	; () banked
  4340  000E08  6FC8               	movwf	_muxBuffer& (0+255),b
  4341  000E0A  0E4C               	movlw	76
  4342  000E0C  6FC9               	movwf	(_muxBuffer+1)& (0+255),b
  4343  000E0E  0C6F               	retlw	111
  4344  000E10                     PL25:
  4345  000E10  0E20               	movlw	32
  4346  000E12  0100               	movlb	0	; () banked
  4347  000E14  6FC8               	movwf	_muxBuffer& (0+255),b
  4348  000E16  0E48               	movlw	72
  4349  000E18  6FC9               	movwf	(_muxBuffer+1)& (0+255),b
  4350  000E1A  0C69               	retlw	105
  4351  000E1C                     PL27:
  4352  000E1C  51CF               	movf	_measurement& (0+255),w,b
  4353  000E1E  5C2B               	subwf	_eUpMem,w,c
  4354  000E20  51D0               	movf	(_measurement+1)& (0+255),w,b
  4355  000E22  582C               	subwfb	_eUpMem+1,w,c
  4356  000E24  0012               	return	
  4357                           tblptru	equ	0xFF8
  4358                           tblptrh	equ	0xFF7
  4359                           tblptrl	equ	0xFF6
  4360                           tablat	equ	0xFF5
  4361                           prodl	equ	0xFF3
  4362                           intcon	equ	0xFF2
  4363                           intcon2	equ	0xFF1
  4364                           postinc0	equ	0xFEE
  4365                           wreg	equ	0xFE8
  4366                           indf1	equ	0xFE7
  4367                           postinc1	equ	0xFE6
  4368                           postdec1	equ	0xFE5
  4369                           fsr1h	equ	0xFE2
  4370                           fsr1l	equ	0xFE1
  4371                           indf2	equ	0xFDF
  4372                           postinc2	equ	0xFDE
  4373                           postdec2	equ	0xFDD
  4374                           plusw2	equ	0xFDB
  4375                           fsr2h	equ	0xFDA
  4376                           fsr2l	equ	0xFD9
  4377                           status	equ	0xFD8
  4378                           
  4379 ;; *************** function _enterMenu *****************
  4380 ;; Defined at:
  4381 ;;		line 48 in file "C:\fgr\16gb\0000 interior\deVolt\sw\main.c"
  4382 ;; Parameters:    Size  Location     Type
  4383 ;;		None
  4384 ;; Auto vars:     Size  Location     Type
  4385 ;;		None
  4386 ;; Return value:  Size  Location     Type
  4387 ;;		None               void
  4388 ;; Registers used:
  4389 ;;		wreg, status,2, status,0
  4390 ;; Tracked objects:
  4391 ;;		On entry : F/1
  4392 ;;		On exit  : F/1
  4393 ;;		Unchanged: FFFFFFF0/0
  4394 ;; Data sizes:     COMRAM   BANK0   BANK1   BANK2   BANK3   BANK4   BANK5   BANK6   BANK7
  4395 ;;      Params:         0       0       0       0       0       0       0       0       0
  4396 ;;      Locals:         0       0       0       0       0       0       0       0       0
  4397 ;;      Temps:          0       0       0       0       0       0       0       0       0
  4398 ;;      Totals:         0       0       0       0       0       0       0       0       0
  4399 ;;Total ram usage:        0 bytes
  4400 ;; Hardware stack levels used:    1
  4401 ;; Hardware stack levels required when called:    6
  4402 ;; This function calls:
  4403 ;;		Nothing
  4404 ;; This function is called by:
  4405 ;;		_main
  4406 ;; This function uses a non-reentrant model
  4407 ;;
  4408                           
  4409                           	psect	text1
  4410  00222C                     __ptext1:
  4411                           	opt stack 0
  4412  00222C                     __end_of_main:
  4413                           	opt stack 0
  4414  00222C                     _enterMenu:
  4415                           	opt stack 24
  4416                           
  4417                           ; BSR set to: 1
  4418                           ;main.c: 49: if(state == E_MENU_BRILLO) state = E_SET_BRILLO;
  4419                           
  4420                           ; BSR set to: 1
  4421  00222C  5039               	movf	_state,w,c
  4422  00222E  0A02               	xorlw	2
  4423  002230  E103               	bnz	l6115
  4424                           
  4425                           ; BSR set to: 1
  4426  002232  0E08               	movlw	8
  4427  002234  6E39               	movwf	_state,c
  4428  002236  0C08               	retlw	8
  4429  002238                     l6115:
  4430                           
  4431                           ; BSR set to: 1
  4432                           ;main.c: 50: else if(state == E_MENU_ADV_MODE) state = E_SET_ADV_MODE;
  4433  002238  5039               	movf	_state,w,c
  4434  00223A  0A03               	xorlw	3
  4435  00223C  E103               	bnz	l6119
  4436                           
  4437                           ; BSR set to: 1
  4438  00223E  0E0D               	movlw	13
  4439  002240  6E39               	movwf	_state,c
  4440  002242  0C0D               	retlw	13
  4441  002244                     l6119:
  4442                           
  4443                           ; BSR set to: 1
  4444                           ;main.c: 51: else if(state == E_MENU_LIMITS)
  4445  002244  5039               	movf	_state,w,c
  4446  002246  0A04               	xorlw	4
  4447  002248  E105               	bnz	l6123
  4448                           
  4449                           ; BSR set to: 1
  4450                           ;main.c: 52: {
  4451                           ;main.c: 53: setInc = 1;
  4452  00224A  0E01               	movlw	1
  4453  00224C  6E43               	movwf	_setInc,c
  4454                           
  4455                           ;main.c: 54: state = E_SET_ADV_XLO_DESCRIPTION;
  4456  00224E  0E0E               	movlw	14
  4457  002250  6E39               	movwf	_state,c
  4458                           
  4459                           ;main.c: 55: }
  4460  002252  0C0E               	retlw	14
  4461  002254                     l6123:
  4462                           
  4463                           ; BSR set to: 1
  4464                           ;main.c: 56: else if(state == E_MENU_ESCALA)
  4465  002254  5039               	movf	_state,w,c
  4466  002256  0A05               	xorlw	5
  4467  002258  E105               	bnz	l6127
  4468                           
  4469                           ; BSR set to: 1
  4470                           ;main.c: 57: {
  4471                           ;main.c: 58: setInc = 1;
  4472  00225A  0E01               	movlw	1
  4473  00225C  6E43               	movwf	_setInc,c
  4474                           
  4475                           ;main.c: 59: state = E_SET_ESCALA_ENT_DESCRIPTION;
  4476  00225E  0E09               	movlw	9
  4477  002260  6E39               	movwf	_state,c
  4478                           
  4479                           ;main.c: 60: }
  4480  002262  0C09               	retlw	9
  4481  002264                     l6127:
  4482                           
  4483                           ; BSR set to: 1
  4484                           ;main.c: 61: else if(state == E_MENU_USER_CAL) state = E_SET_CAL_DESCRIPTION;
  4485  002264  5039               	movf	_state,w,c
  4486  002266  0A06               	xorlw	6
  4487  002268  E103               	bnz	l6131
  4488                           
  4489                           ; BSR set to: 1
  4490  00226A  0E1A               	movlw	26
  4491  00226C  6E39               	movwf	_state,c
  4492  00226E  0C1A               	retlw	26
  4493  002270                     l6131:
  4494                           
  4495                           ; BSR set to: 1
  4496                           ;main.c: 62: else if(state == E_MENU_FACTORY_CAL) state = E_SET_RST_DESCRIPTION;
  4497  002270  5039               	movf	_state,w,c
  4498  002272  0A07               	xorlw	7
  4499  002274  A4D8               	btfss	status,2,c
  4500  002276  0012               	return	
  4501                           
  4502                           ; BSR set to: 1
  4503  002278  0E22               	movlw	34
  4504  00227A  6E39               	movwf	_state,c
  4505  00227C  0C22               	retlw	34
  4506  00227E                     __end_of_enterMenu:
  4507                           	opt stack 0
  4508                           tblptru	equ	0xFF8
  4509                           tblptrh	equ	0xFF7
  4510                           tblptrl	equ	0xFF6
  4511                           tablat	equ	0xFF5
  4512                           prodl	equ	0xFF3
  4513                           intcon	equ	0xFF2
  4514                           intcon2	equ	0xFF1
  4515                           postinc0	equ	0xFEE
  4516                           wreg	equ	0xFE8
  4517                           indf1	equ	0xFE7
  4518                           postinc1	equ	0xFE6
  4519                           postdec1	equ	0xFE5
  4520                           fsr1h	equ	0xFE2
  4521                           fsr1l	equ	0xFE1
  4522                           indf2	equ	0xFDF
  4523                           postinc2	equ	0xFDE
  4524                           postdec2	equ	0xFDD
  4525                           plusw2	equ	0xFDB
  4526                           fsr2h	equ	0xFDA
  4527                           fsr2l	equ	0xFD9
  4528                           status	equ	0xFD8
  4529                           
  4530 ;; *************** function _incVar *****************
  4531 ;; Defined at:
  4532 ;;		line 70 in file "C:\fgr\16gb\0000 interior\deVolt\sw\main.c"
  4533 ;; Parameters:    Size  Location     Type
  4534 ;;		None
  4535 ;; Auto vars:     Size  Location     Type
  4536 ;;		None
  4537 ;; Return value:  Size  Location     Type
  4538 ;;		None               void
  4539 ;; Registers used:
  4540 ;;		wreg, status,2, status,0, cstack
  4541 ;; Tracked objects:
  4542 ;;		On entry : F/1
  4543 ;;		On exit  : F/1
  4544 ;;		Unchanged: 0/0
  4545 ;; Data sizes:     COMRAM   BANK0   BANK1   BANK2   BANK3   BANK4   BANK5   BANK6   BANK7
  4546 ;;      Params:         0       0       0       0       0       0       0       0       0
  4547 ;;      Locals:         0       0       0       0       0       0       0       0       0
  4548 ;;      Temps:          0       2       0       0       0       0       0       0       0
  4549 ;;      Totals:         0       2       0       0       0       0       0       0       0
  4550 ;;Total ram usage:        2 bytes
  4551 ;; Hardware stack levels used:    1
  4552 ;; Hardware stack levels required when called:    8
  4553 ;; This function calls:
  4554 ;;		_ee_write_byte
  4555 ;;		___awtoft
  4556 ;;		___ftdiv
  4557 ;;		___ftadd
  4558 ;; This function is called by:
  4559 ;;		_main
  4560 ;; This function uses a non-reentrant model
  4561 ;;
  4562                           
  4563                           	psect	text2
  4564  000E26                     __ptext2:
  4565                           	opt stack 0
  4566  000E26                     _incVar:
  4567                           	opt stack 22
  4568                           
  4569                           ; BSR set to: 1
  4570                           ;main.c: 74: if(state == E_SET_BRILLO)
  4571                           
  4572                           ; BSR set to: 1
  4573  000E26  5039               	movf	_state,w,c
  4574  000E28  0A08               	xorlw	8
  4575  000E2A  E109               	bnz	l6143
  4576                           
  4577                           ; BSR set to: 1
  4578                           ;main.c: 75: {
  4579                           ;main.c: 76: if(brilloMem < 4)
  4580  000E2C  0E04               	movlw	4
  4581  000E2E  6045               	cpfslt	_brilloMem,c
  4582  000E30  D006               	goto	l6143
  4583                           
  4584                           ; BSR set to: 1
  4585                           ;main.c: 77: {
  4586                           ;main.c: 78: brilloMem++;
  4587  000E32  2A45               	incf	_brilloMem,f,c
  4588                           
  4589                           ; BSR set to: 1
  4590                           ;main.c: 79: { ee_write_byte(0, brilloMem); };
  4591  000E34  C045  F060         	movff	_brilloMem,?_ee_write_byte
  4592  000E38  0E00               	movlw	0
  4593  000E3A  EC59  F012         	call	_ee_write_byte
  4594  000E3E                     l6143:
  4595                           
  4596                           ;main.c: 80: }
  4597                           ;main.c: 81: }
  4598                           ;main.c: 82: if(state == E_SET_ESCALA_ENT)
  4599  000E3E  5039               	movf	_state,w,c
  4600  000E40  0A0A               	xorlw	10
  4601  000E42  E138               	bnz	l6155
  4602                           
  4603                           ;main.c: 83: {
  4604                           ;main.c: 84: if((escEntMem + setInc) <= 999)
  4605  000E44  5043               	movf	_setInc,w,c
  4606  000E46  242F               	addwf	_escEntMem,w,c
  4607  000E48  0100               	movlb	0	; () banked
  4608  000E4A  6F8B               	movwf	??_incVar& (0+255),b
  4609  000E4C  0E00               	movlw	0
  4610  000E4E  2030               	addwfc	_escEntMem+1,w,c
  4611  000E50  D923               	call	PL12	;call to abstracted procedure
  4612  000E52  B4D8               	btfsc	status,2,c
  4613  000E54  5D8B               	subwf	??_incVar& (0+255),w,b
  4614  000E56  E22E               	bc	l6155
  4615                           
  4616                           ; BSR set to: 0
  4617                           ;main.c: 85: {
  4618                           ;main.c: 86: escEntMem = escEntMem + setInc;
  4619  000E58  5043               	movf	_setInc,w,c
  4620  000E5A  262F               	addwf	_escEntMem,f,c
  4621  000E5C  0E00               	movlw	0
  4622  000E5E  2230               	addwfc	_escEntMem+1,f,c
  4623                           
  4624                           ; BSR set to: 0
  4625                           ;main.c: 87: { ee_write_byte(14, ((unsigned char)(((escEntMem)>>8)&0xFF))); ee_write_byt
      +                          e(14 + 1, ((unsigned char)((escEntMem)&0xFF))); };
  4626  000E60  5030               	movf	_escEntMem+1,w,c
  4627  000E62  6F60               	movwf	?_ee_write_byte& (0+255),b
  4628  000E64  0E0E               	movlw	14
  4629  000E66  EC59  F012         	call	_ee_write_byte
  4630  000E6A  C02F  F060         	movff	_escEntMem,?_ee_write_byte
  4631  000E6E  0E0F               	movlw	15
  4632  000E70  EC59  F012         	call	_ee_write_byte
  4633                           
  4634                           ;main.c: 88: escala = (float) escEntMem + (float) escDecMem / 1000.0;
  4635  000E74  C02F  F068         	movff	_escEntMem,?___awtoft
  4636  000E78  C030  F069         	movff	_escEntMem+1,?___awtoft+1
  4637  000E7C  EC26  F012         	call	___awtoft	;wreg free
  4638  000E80  EC7E  F009         	call	PL2	;call to abstracted procedure
  4639  000E84  EC26  F012         	call	___awtoft	;wreg free
  4640  000E88  C068  F06C         	movff	?___awtoft,?___ftdiv
  4641  000E8C  C069  F06D         	movff	?___awtoft+1,?___ftdiv+1
  4642  000E90  C06A  F06E         	movff	?___awtoft+2,?___ftdiv+2
  4643  000E94  EC33  F00D         	call	___ftdiv	;wreg free
  4644  000E98  C06C  F080         	movff	?___ftdiv,?___ftadd+3
  4645  000E9C  C06D  F081         	movff	?___ftdiv+1,?___ftadd+4
  4646  000EA0  C06E  F082         	movff	?___ftdiv+2,?___ftadd+5
  4647  000EA4  EC6A  F00B         	call	___ftadd	;wreg free
  4648  000EA8  C07D  F0D8         	movff	?___ftadd,_escala
  4649  000EAC  C07E  F0D9         	movff	?___ftadd+1,_escala+1
  4650  000EB0  C07F  F0DA         	movff	?___ftadd+2,_escala+2
  4651  000EB4                     l6155:
  4652                           
  4653                           ;main.c: 89: }
  4654                           ;main.c: 90: }
  4655                           ;main.c: 91: if(state == E_SET_ESCALA_DEC)
  4656  000EB4  5039               	movf	_state,w,c
  4657  000EB6  0A0C               	xorlw	12
  4658  000EB8  E138               	bnz	l6167
  4659                           
  4660                           ;main.c: 92: {
  4661                           ;main.c: 93: if((escDecMem + setInc) <= 999)
  4662  000EBA  5043               	movf	_setInc,w,c
  4663  000EBC  242D               	addwf	_escDecMem,w,c
  4664  000EBE  0100               	movlb	0	; () banked
  4665  000EC0  6F8B               	movwf	??_incVar& (0+255),b
  4666  000EC2  0E00               	movlw	0
  4667  000EC4  202E               	addwfc	_escDecMem+1,w,c
  4668  000EC6  D8E8               	call	PL12	;call to abstracted procedure
  4669  000EC8  B4D8               	btfsc	status,2,c
  4670  000ECA  5D8B               	subwf	??_incVar& (0+255),w,b
  4671  000ECC  E22E               	bc	l6167
  4672                           
  4673                           ; BSR set to: 0
  4674                           ;main.c: 94: {
  4675                           ;main.c: 95: escDecMem = escDecMem + setInc;
  4676  000ECE  5043               	movf	_setInc,w,c
  4677  000ED0  262D               	addwf	_escDecMem,f,c
  4678  000ED2  0E00               	movlw	0
  4679  000ED4  222E               	addwfc	_escDecMem+1,f,c
  4680                           
  4681                           ; BSR set to: 0
  4682                           ;main.c: 96: { ee_write_byte(16, ((unsigned char)(((escDecMem)>>8)&0xFF))); ee_write_byt
      +                          e(16 + 1, ((unsigned char)((escDecMem)&0xFF))); };
  4683  000ED6  502E               	movf	_escDecMem+1,w,c
  4684  000ED8  6F60               	movwf	?_ee_write_byte& (0+255),b
  4685  000EDA  0E10               	movlw	16
  4686  000EDC  EC59  F012         	call	_ee_write_byte
  4687  000EE0  C02D  F060         	movff	_escDecMem,?_ee_write_byte
  4688  000EE4  0E11               	movlw	17
  4689  000EE6  EC59  F012         	call	_ee_write_byte
  4690                           
  4691                           ;main.c: 97: escala = (float) escEntMem + (float) escDecMem / 1000.0;
  4692  000EEA  C02F  F068         	movff	_escEntMem,?___awtoft
  4693  000EEE  C030  F069         	movff	_escEntMem+1,?___awtoft+1
  4694  000EF2  EC26  F012         	call	___awtoft	;wreg free
  4695  000EF6  EC7E  F009         	call	PL2	;call to abstracted procedure
  4696  000EFA  EC26  F012         	call	___awtoft	;wreg free
  4697  000EFE  C068  F06C         	movff	?___awtoft,?___ftdiv
  4698  000F02  C069  F06D         	movff	?___awtoft+1,?___ftdiv+1
  4699  000F06  C06A  F06E         	movff	?___awtoft+2,?___ftdiv+2
  4700  000F0A  EC33  F00D         	call	___ftdiv	;wreg free
  4701  000F0E  C06C  F080         	movff	?___ftdiv,?___ftadd+3
  4702  000F12  C06D  F081         	movff	?___ftdiv+1,?___ftadd+4
  4703  000F16  C06E  F082         	movff	?___ftdiv+2,?___ftadd+5
  4704  000F1A  EC6A  F00B         	call	___ftadd	;wreg free
  4705  000F1E  C07D  F0D8         	movff	?___ftadd,_escala
  4706  000F22  C07E  F0D9         	movff	?___ftadd+1,_escala+1
  4707  000F26  C07F  F0DA         	movff	?___ftadd+2,_escala+2
  4708  000F2A                     l6167:
  4709                           
  4710                           ;main.c: 98: }
  4711                           ;main.c: 99: }
  4712                           ;main.c: 100: if(state == E_SET_ADV_MODE)
  4713  000F2A  5039               	movf	_state,w,c
  4714  000F2C  0A0D               	xorlw	13
  4715  000F2E  E109               	bnz	l6175
  4716                           
  4717                           ;main.c: 101: {
  4718                           ;main.c: 102: if(advModeMem < CANT_ADV_MODES - 1)
  4719  000F30  0E07               	movlw	7
  4720  000F32  6044               	cpfslt	_advModeMem,c
  4721  000F34  D006               	goto	l6175
  4722                           
  4723                           ;main.c: 103: {
  4724                           ;main.c: 104: advModeMem++;
  4725  000F36  2A44               	incf	_advModeMem,f,c
  4726                           
  4727                           ;main.c: 105: { ee_write_byte(1, advModeMem); };
  4728  000F38  C044  F060         	movff	_advModeMem,?_ee_write_byte
  4729  000F3C  0E01               	movlw	1
  4730  000F3E  EC59  F012         	call	_ee_write_byte
  4731  000F42                     l6175:
  4732                           
  4733                           ;main.c: 106: }
  4734                           ;main.c: 107: }
  4735                           ;main.c: 108: if(state == E_SET_ADV_XLO)
  4736  000F42  5039               	movf	_state,w,c
  4737  000F44  0A0F               	xorlw	15
  4738  000F46  E118               	bnz	l91
  4739                           
  4740                           ;main.c: 109: {
  4741                           ;main.c: 110: if((xLoMem + setInc) <= 999)
  4742  000F48  5043               	movf	_setInc,w,c
  4743  000F4A  2435               	addwf	_xLoMem,w,c
  4744  000F4C  0100               	movlb	0	; () banked
  4745  000F4E  6F8B               	movwf	??_incVar& (0+255),b
  4746  000F50  0E00               	movlw	0
  4747  000F52  2036               	addwfc	_xLoMem+1,w,c
  4748  000F54  D8A1               	call	PL12	;call to abstracted procedure
  4749  000F56  B4D8               	btfsc	status,2,c
  4750  000F58  5D8B               	subwf	??_incVar& (0+255),w,b
  4751  000F5A  E20E               	bc	l91
  4752                           
  4753                           ; BSR set to: 0
  4754                           ;main.c: 111: {
  4755                           ;main.c: 112: xLoMem = xLoMem + setInc;
  4756  000F5C  5043               	movf	_setInc,w,c
  4757  000F5E  2635               	addwf	_xLoMem,f,c
  4758  000F60  0E00               	movlw	0
  4759  000F62  2236               	addwfc	_xLoMem+1,f,c
  4760                           
  4761                           ; BSR set to: 0
  4762                           ;main.c: 113: { ee_write_byte(2, ((unsigned char)(((xLoMem)>>8)&0xFF))); ee_write_byte(2
      +                           + 1, ((unsigned char)((xLoMem)&0xFF))); };
  4763  000F64  5036               	movf	_xLoMem+1,w,c
  4764  000F66  6F60               	movwf	?_ee_write_byte& (0+255),b
  4765  000F68  0E02               	movlw	2
  4766  000F6A  EC59  F012         	call	_ee_write_byte
  4767  000F6E  C035  F060         	movff	_xLoMem,?_ee_write_byte
  4768  000F72  0E03               	movlw	3
  4769  000F74  EC59  F012         	call	_ee_write_byte
  4770  000F78                     l91:
  4771                           
  4772                           ;main.c: 114: }
  4773                           ;main.c: 115: }
  4774                           ;main.c: 116: if(state == E_SET_ADV_XUP)
  4775  000F78  5039               	movf	_state,w,c
  4776  000F7A  0A11               	xorlw	17
  4777  000F7C  E118               	bnz	l93
  4778                           
  4779                           ;main.c: 117: {
  4780                           ;main.c: 118: if((xUpMem + setInc) <= 999)
  4781  000F7E  5043               	movf	_setInc,w,c
  4782  000F80  2437               	addwf	_xUpMem,w,c
  4783  000F82  0100               	movlb	0	; () banked
  4784  000F84  6F8B               	movwf	??_incVar& (0+255),b
  4785  000F86  0E00               	movlw	0
  4786  000F88  2038               	addwfc	_xUpMem+1,w,c
  4787  000F8A  D886               	call	PL12	;call to abstracted procedure
  4788  000F8C  B4D8               	btfsc	status,2,c
  4789  000F8E  5D8B               	subwf	??_incVar& (0+255),w,b
  4790  000F90  E20E               	bc	l93
  4791                           
  4792                           ; BSR set to: 0
  4793                           ;main.c: 119: {
  4794                           ;main.c: 120: xUpMem = xUpMem + setInc;
  4795  000F92  5043               	movf	_setInc,w,c
  4796  000F94  2637               	addwf	_xUpMem,f,c
  4797  000F96  0E00               	movlw	0
  4798  000F98  2238               	addwfc	_xUpMem+1,f,c
  4799                           
  4800                           ; BSR set to: 0
  4801                           ;main.c: 121: { ee_write_byte(4, ((unsigned char)(((xUpMem)>>8)&0xFF))); ee_write_byte(4
      +                           + 1, ((unsigned char)((xUpMem)&0xFF))); };
  4802  000F9A  5038               	movf	_xUpMem+1,w,c
  4803  000F9C  6F60               	movwf	?_ee_write_byte& (0+255),b
  4804  000F9E  0E04               	movlw	4
  4805  000FA0  EC59  F012         	call	_ee_write_byte
  4806  000FA4  C037  F060         	movff	_xUpMem,?_ee_write_byte
  4807  000FA8  0E05               	movlw	5
  4808  000FAA  EC59  F012         	call	_ee_write_byte
  4809  000FAE                     l93:
  4810                           
  4811                           ;main.c: 122: }
  4812                           ;main.c: 123: }
  4813                           ;main.c: 124: if(state == E_SET_ADV_ELO)
  4814  000FAE  5039               	movf	_state,w,c
  4815  000FB0  0A13               	xorlw	19
  4816  000FB2  E118               	bnz	l95
  4817                           
  4818                           ;main.c: 125: {
  4819                           ;main.c: 126: if((eLoMem + setInc) <= 999)
  4820  000FB4  5043               	movf	_setInc,w,c
  4821  000FB6  2429               	addwf	_eLoMem,w,c
  4822  000FB8  0100               	movlb	0	; () banked
  4823  000FBA  6F8B               	movwf	??_incVar& (0+255),b
  4824  000FBC  0E00               	movlw	0
  4825  000FBE  202A               	addwfc	_eLoMem+1,w,c
  4826  000FC0  D86B               	call	PL12	;call to abstracted procedure
  4827  000FC2  B4D8               	btfsc	status,2,c
  4828  000FC4  5D8B               	subwf	??_incVar& (0+255),w,b
  4829  000FC6  E20E               	bc	l95
  4830                           
  4831                           ; BSR set to: 0
  4832                           ;main.c: 127: {
  4833                           ;main.c: 128: eLoMem = eLoMem + setInc;
  4834  000FC8  5043               	movf	_setInc,w,c
  4835  000FCA  2629               	addwf	_eLoMem,f,c
  4836  000FCC  0E00               	movlw	0
  4837  000FCE  222A               	addwfc	_eLoMem+1,f,c
  4838                           
  4839                           ; BSR set to: 0
  4840                           ;main.c: 129: { ee_write_byte(6, ((unsigned char)(((eLoMem)>>8)&0xFF))); ee_write_byte(6
      +                           + 1, ((unsigned char)((eLoMem)&0xFF))); };
  4841  000FD0  502A               	movf	_eLoMem+1,w,c
  4842  000FD2  6F60               	movwf	?_ee_write_byte& (0+255),b
  4843  000FD4  0E06               	movlw	6
  4844  000FD6  EC59  F012         	call	_ee_write_byte
  4845  000FDA  C029  F060         	movff	_eLoMem,?_ee_write_byte
  4846  000FDE  0E07               	movlw	7
  4847  000FE0  EC59  F012         	call	_ee_write_byte
  4848  000FE4                     l95:
  4849                           
  4850                           ;main.c: 130: }
  4851                           ;main.c: 131: }
  4852                           ;main.c: 132: if(state == E_SET_ADV_EUP)
  4853  000FE4  5039               	movf	_state,w,c
  4854  000FE6  0A15               	xorlw	21
  4855  000FE8  E118               	bnz	l97
  4856                           
  4857                           ;main.c: 133: {
  4858                           ;main.c: 134: if((eUpMem+setInc) <= 999)
  4859  000FEA  5043               	movf	_setInc,w,c
  4860  000FEC  242B               	addwf	_eUpMem,w,c
  4861  000FEE  0100               	movlb	0	; () banked
  4862  000FF0  6F8B               	movwf	??_incVar& (0+255),b
  4863  000FF2  0E00               	movlw	0
  4864  000FF4  202C               	addwfc	_eUpMem+1,w,c
  4865  000FF6  D850               	call	PL12	;call to abstracted procedure
  4866  000FF8  B4D8               	btfsc	status,2,c
  4867  000FFA  5D8B               	subwf	??_incVar& (0+255),w,b
  4868  000FFC  E20E               	bc	l97
  4869                           
  4870                           ; BSR set to: 0
  4871                           ;main.c: 135: {
  4872                           ;main.c: 136: eUpMem = eUpMem + setInc;
  4873  000FFE  5043               	movf	_setInc,w,c
  4874  001000  262B               	addwf	_eUpMem,f,c
  4875  001002  0E00               	movlw	0
  4876  001004  222C               	addwfc	_eUpMem+1,f,c
  4877                           
  4878                           ; BSR set to: 0
  4879                           ;main.c: 137: { ee_write_byte(8, ((unsigned char)(((eUpMem)>>8)&0xFF))); ee_write_byte(8
      +                           + 1, ((unsigned char)((eUpMem)&0xFF))); };
  4880  001006  502C               	movf	_eUpMem+1,w,c
  4881  001008  6F60               	movwf	?_ee_write_byte& (0+255),b
  4882  00100A  0E08               	movlw	8
  4883  00100C  EC59  F012         	call	_ee_write_byte
  4884  001010  C02B  F060         	movff	_eUpMem,?_ee_write_byte
  4885  001014  0E09               	movlw	9
  4886  001016  EC59  F012         	call	_ee_write_byte
  4887  00101A                     l97:
  4888                           
  4889                           ;main.c: 138: }
  4890                           ;main.c: 139: }
  4891                           ;main.c: 140: if(state == E_SET_ADV_VLO)
  4892  00101A  5039               	movf	_state,w,c
  4893  00101C  0A17               	xorlw	23
  4894  00101E  E118               	bnz	l99
  4895                           
  4896                           ;main.c: 141: {
  4897                           ;main.c: 142: if((vLoMem+setInc) <= 999)
  4898  001020  5043               	movf	_setInc,w,c
  4899  001022  2431               	addwf	_vLoMem,w,c
  4900  001024  0100               	movlb	0	; () banked
  4901  001026  6F8B               	movwf	??_incVar& (0+255),b
  4902  001028  0E00               	movlw	0
  4903  00102A  2032               	addwfc	_vLoMem+1,w,c
  4904  00102C  D835               	call	PL12	;call to abstracted procedure
  4905  00102E  B4D8               	btfsc	status,2,c
  4906  001030  5D8B               	subwf	??_incVar& (0+255),w,b
  4907  001032  E20E               	bc	l99
  4908                           
  4909                           ; BSR set to: 0
  4910                           ;main.c: 143: {
  4911                           ;main.c: 144: vLoMem = vLoMem + setInc;
  4912  001034  5043               	movf	_setInc,w,c
  4913  001036  2631               	addwf	_vLoMem,f,c
  4914  001038  0E00               	movlw	0
  4915  00103A  2232               	addwfc	_vLoMem+1,f,c
  4916                           
  4917                           ; BSR set to: 0
  4918                           ;main.c: 145: { ee_write_byte(10, ((unsigned char)(((vLoMem)>>8)&0xFF))); ee_write_byte(
      +                          10 + 1, ((unsigned char)((vLoMem)&0xFF))); };
  4919  00103C  5032               	movf	_vLoMem+1,w,c
  4920  00103E  6F60               	movwf	?_ee_write_byte& (0+255),b
  4921  001040  0E0A               	movlw	10
  4922  001042  EC59  F012         	call	_ee_write_byte
  4923  001046  C031  F060         	movff	_vLoMem,?_ee_write_byte
  4924  00104A  0E0B               	movlw	11
  4925  00104C  EC59  F012         	call	_ee_write_byte
  4926  001050                     l99:
  4927                           
  4928                           ;main.c: 146: }
  4929                           ;main.c: 147: }
  4930                           ;main.c: 148: if(state == E_SET_ADV_VUP)
  4931  001050  5039               	movf	_state,w,c
  4932  001052  0A19               	xorlw	25
  4933  001054  E118               	bnz	l6225
  4934                           
  4935                           ;main.c: 149: {
  4936                           ;main.c: 150: if((vUpMem+setInc) <= 999)
  4937  001056  5043               	movf	_setInc,w,c
  4938  001058  2433               	addwf	_vUpMem,w,c
  4939  00105A  0100               	movlb	0	; () banked
  4940  00105C  6F8B               	movwf	??_incVar& (0+255),b
  4941  00105E  0E00               	movlw	0
  4942  001060  2034               	addwfc	_vUpMem+1,w,c
  4943  001062  D81A               	call	PL12	;call to abstracted procedure
  4944  001064  B4D8               	btfsc	status,2,c
  4945  001066  5D8B               	subwf	??_incVar& (0+255),w,b
  4946  001068  E20E               	bc	l6225
  4947                           
  4948                           ; BSR set to: 0
  4949                           ;main.c: 151: {
  4950                           ;main.c: 152: vUpMem = vUpMem + setInc;
  4951  00106A  5043               	movf	_setInc,w,c
  4952  00106C  2633               	addwf	_vUpMem,f,c
  4953  00106E  0E00               	movlw	0
  4954  001070  2234               	addwfc	_vUpMem+1,f,c
  4955                           
  4956                           ; BSR set to: 0
  4957                           ;main.c: 153: { ee_write_byte(12, ((unsigned char)(((vUpMem)>>8)&0xFF))); ee_write_byte(
      +                          12 + 1, ((unsigned char)((vUpMem)&0xFF))); };
  4958  001072  5034               	movf	_vUpMem+1,w,c
  4959  001074  6F60               	movwf	?_ee_write_byte& (0+255),b
  4960  001076  0E0C               	movlw	12
  4961  001078  EC59  F012         	call	_ee_write_byte
  4962  00107C  C033  F060         	movff	_vUpMem,?_ee_write_byte
  4963  001080  0E0D               	movlw	13
  4964  001082  EC59  F012         	call	_ee_write_byte
  4965  001086                     l6225:
  4966                           
  4967                           ;main.c: 154: }
  4968                           ;main.c: 155: }
  4969                           ;main.c: 157: { t0Mem[T0_SHOW_SETTING].flag=0; t0Mem[T0_SHOW_SETTING].prescaler=t0DelayC
      +                          onstant[T0_SHOW_SETTING]; t0Mem[T0_SHOW_SETTING].pause=0; };
  4970  001086  0101               	movlb	1	; () banked
  4971  001088  9352               	bcf	(_t0Mem+17)& (0+255),1,b
  4972                           
  4973                           ; BSR set to: 1
  4974  00108A  C0B8  F150         	movff	_t0DelayConstant+10,_t0Mem+15
  4975  00108E  C0B9  F151         	movff	_t0DelayConstant+11,_t0Mem+16
  4976                           
  4977                           ; BSR set to: 1
  4978  001092  9552               	bcf	(_t0Mem+17)& (0+255),2,b
  4979                           
  4980                           ; BSR set to: 1
  4981                           ;main.c: 158: { t0Mem[T0_SHOW_SETTING_ON].flag=0; t0Mem[T0_SHOW_SETTING_ON].prescaler=t0
      +                          DelayConstant[T0_SHOW_SETTING_ON]; t0Mem[T0_SHOW_SETTING_ON].pause=0; };
  4982                           
  4983                           ; BSR set to: 1
  4984                           
  4985                           ; BSR set to: 1
  4986  001094  EFBC  F006         	goto	PL3	;call to abstracted procedure
  4987  001098                     __end_of_incVar:
  4988                           	opt stack 0
  4989  001098                     PL12:
  4990  001098  6F8C               	movwf	(??_incVar+1)& (0+255),b
  4991  00109A  518C               	movf	(??_incVar+1)& (0+255),w,b
  4992  00109C  0A80               	xorlw	128
  4993  00109E  0F7D               	addlw	-131
  4994  0010A0  0CE8               	retlw	232
  4995                           tblptru	equ	0xFF8
  4996                           tblptrh	equ	0xFF7
  4997                           tblptrl	equ	0xFF6
  4998                           tablat	equ	0xFF5
  4999                           prodl	equ	0xFF3
  5000                           intcon	equ	0xFF2
  5001                           intcon2	equ	0xFF1
  5002                           postinc0	equ	0xFEE
  5003                           wreg	equ	0xFE8
  5004                           indf1	equ	0xFE7
  5005                           postinc1	equ	0xFE6
  5006                           postdec1	equ	0xFE5
  5007                           fsr1h	equ	0xFE2
  5008                           fsr1l	equ	0xFE1
  5009                           indf2	equ	0xFDF
  5010                           postinc2	equ	0xFDE
  5011                           postdec2	equ	0xFDD
  5012                           plusw2	equ	0xFDB
  5013                           fsr2h	equ	0xFDA
  5014                           fsr2l	equ	0xFD9
  5015                           status	equ	0xFD8
  5016                           
  5017 ;; *************** function _decVar *****************
  5018 ;; Defined at:
  5019 ;;		line 166 in file "C:\fgr\16gb\0000 interior\deVolt\sw\main.c"
  5020 ;; Parameters:    Size  Location     Type
  5021 ;;		None
  5022 ;; Auto vars:     Size  Location     Type
  5023 ;;		None
  5024 ;; Return value:  Size  Location     Type
  5025 ;;		None               void
  5026 ;; Registers used:
  5027 ;;		wreg, status,2, status,0, cstack
  5028 ;; Tracked objects:
  5029 ;;		On entry : F/1
  5030 ;;		On exit  : F/1
  5031 ;;		Unchanged: 0/0
  5032 ;; Data sizes:     COMRAM   BANK0   BANK1   BANK2   BANK3   BANK4   BANK5   BANK6   BANK7
  5033 ;;      Params:         0       0       0       0       0       0       0       0       0
  5034 ;;      Locals:         0       0       0       0       0       0       0       0       0
  5035 ;;      Temps:          0       2       0       0       0       0       0       0       0
  5036 ;;      Totals:         0       2       0       0       0       0       0       0       0
  5037 ;;Total ram usage:        2 bytes
  5038 ;; Hardware stack levels used:    1
  5039 ;; Hardware stack levels required when called:    8
  5040 ;; This function calls:
  5041 ;;		_ee_write_byte
  5042 ;;		___awtoft
  5043 ;;		___ftdiv
  5044 ;;		___ftadd
  5045 ;; This function is called by:
  5046 ;;		_main
  5047 ;; This function uses a non-reentrant model
  5048 ;;
  5049                           
  5050                           	psect	text3
  5051  0010A2                     __ptext3:
  5052                           	opt stack 0
  5053  0010A2                     _decVar:
  5054                           	opt stack 22
  5055                           
  5056                           ; BSR set to: 1
  5057                           ;main.c: 170: if(state == E_SET_BRILLO)
  5058                           
  5059                           ; BSR set to: 1
  5060  0010A2  5039               	movf	_state,w,c
  5061  0010A4  0A08               	xorlw	8
  5062  0010A6  E108               	bnz	l6263
  5063                           
  5064                           ; BSR set to: 1
  5065                           ;main.c: 171: {
  5066                           ;main.c: 172: if(brilloMem > 0)
  5067  0010A8  5045               	movf	_brilloMem,w,c
  5068  0010AA  E006               	bz	l6263
  5069                           
  5070                           ; BSR set to: 1
  5071                           ;main.c: 173: {
  5072                           ;main.c: 174: brilloMem--;
  5073  0010AC  0645               	decf	_brilloMem,f,c
  5074                           
  5075                           ; BSR set to: 1
  5076                           ;main.c: 175: { ee_write_byte(0, brilloMem); };
  5077  0010AE  C045  F060         	movff	_brilloMem,?_ee_write_byte
  5078  0010B2  0E00               	movlw	0
  5079  0010B4  EC59  F012         	call	_ee_write_byte
  5080  0010B8                     l6263:
  5081                           
  5082                           ;main.c: 176: }
  5083                           ;main.c: 177: }
  5084                           ;main.c: 178: if(state == E_SET_ESCALA_ENT)
  5085  0010B8  5039               	movf	_state,w,c
  5086  0010BA  0A0A               	xorlw	10
  5087  0010BC  E136               	bnz	l6275
  5088                           
  5089                           ;main.c: 179: {
  5090                           ;main.c: 180: if((escEntMem-setInc) >= 0)
  5091  0010BE  5043               	movf	_setInc,w,c
  5092  0010C0  5C2F               	subwf	_escEntMem,w,c
  5093  0010C2  0100               	movlb	0	; () banked
  5094  0010C4  6F8B               	movwf	??_decVar& (0+255),b
  5095  0010C6  0E00               	movlw	0
  5096  0010C8  5830               	subwfb	_escEntMem+1,w,c
  5097  0010CA  6F8C               	movwf	(??_decVar+1)& (0+255),b
  5098  0010CC  BF8C               	btfsc	(??_decVar+1)& (0+255),7,b
  5099  0010CE  D02D               	goto	l6275
  5100                           
  5101                           ; BSR set to: 0
  5102                           ;main.c: 181: {
  5103                           ;main.c: 182: escEntMem = escEntMem - setInc;
  5104  0010D0  5043               	movf	_setInc,w,c
  5105  0010D2  5E2F               	subwf	_escEntMem,f,c
  5106  0010D4  0E00               	movlw	0
  5107  0010D6  5A30               	subwfb	_escEntMem+1,f,c
  5108                           
  5109                           ; BSR set to: 0
  5110                           ;main.c: 183: { ee_write_byte(14, ((unsigned char)(((escEntMem)>>8)&0xFF))); ee_write_by
      +                          te(14 + 1, ((unsigned char)((escEntMem)&0xFF))); };
  5111  0010D8  5030               	movf	_escEntMem+1,w,c
  5112  0010DA  6F60               	movwf	?_ee_write_byte& (0+255),b
  5113  0010DC  0E0E               	movlw	14
  5114  0010DE  EC59  F012         	call	_ee_write_byte
  5115  0010E2  C02F  F060         	movff	_escEntMem,?_ee_write_byte
  5116  0010E6  0E0F               	movlw	15
  5117  0010E8  EC59  F012         	call	_ee_write_byte
  5118                           
  5119                           ;main.c: 184: escala = (float) escEntMem + (float) escDecMem / 1000.0;
  5120  0010EC  C02F  F068         	movff	_escEntMem,?___awtoft
  5121  0010F0  C030  F069         	movff	_escEntMem+1,?___awtoft+1
  5122  0010F4  EC26  F012         	call	___awtoft	;wreg free
  5123  0010F8  D901               	call	PL2	;call to abstracted procedure
  5124  0010FA  EC26  F012         	call	___awtoft	;wreg free
  5125  0010FE  C068  F06C         	movff	?___awtoft,?___ftdiv
  5126  001102  C069  F06D         	movff	?___awtoft+1,?___ftdiv+1
  5127  001106  C06A  F06E         	movff	?___awtoft+2,?___ftdiv+2
  5128  00110A  EC33  F00D         	call	___ftdiv	;wreg free
  5129  00110E  C06C  F080         	movff	?___ftdiv,?___ftadd+3
  5130  001112  C06D  F081         	movff	?___ftdiv+1,?___ftadd+4
  5131  001116  C06E  F082         	movff	?___ftdiv+2,?___ftadd+5
  5132  00111A  EC6A  F00B         	call	___ftadd	;wreg free
  5133  00111E  C07D  F0D8         	movff	?___ftadd,_escala
  5134  001122  C07E  F0D9         	movff	?___ftadd+1,_escala+1
  5135  001126  C07F  F0DA         	movff	?___ftadd+2,_escala+2
  5136  00112A                     l6275:
  5137                           
  5138                           ;main.c: 185: }
  5139                           ;main.c: 186: }
  5140                           ;main.c: 187: if(state == E_SET_ESCALA_DEC)
  5141  00112A  5039               	movf	_state,w,c
  5142  00112C  0A0C               	xorlw	12
  5143  00112E  E136               	bnz	l6287
  5144                           
  5145                           ;main.c: 188: {
  5146                           ;main.c: 189: if((escDecMem-setInc) >= 0)
  5147  001130  5043               	movf	_setInc,w,c
  5148  001132  5C2D               	subwf	_escDecMem,w,c
  5149  001134  0100               	movlb	0	; () banked
  5150  001136  6F8B               	movwf	??_decVar& (0+255),b
  5151  001138  0E00               	movlw	0
  5152  00113A  582E               	subwfb	_escDecMem+1,w,c
  5153  00113C  6F8C               	movwf	(??_decVar+1)& (0+255),b
  5154  00113E  BF8C               	btfsc	(??_decVar+1)& (0+255),7,b
  5155  001140  D02D               	goto	l6287
  5156                           
  5157                           ; BSR set to: 0
  5158                           ;main.c: 190: {
  5159                           ;main.c: 191: escDecMem = escDecMem - setInc;
  5160  001142  5043               	movf	_setInc,w,c
  5161  001144  5E2D               	subwf	_escDecMem,f,c
  5162  001146  0E00               	movlw	0
  5163  001148  5A2E               	subwfb	_escDecMem+1,f,c
  5164                           
  5165                           ; BSR set to: 0
  5166                           ;main.c: 192: { ee_write_byte(16, ((unsigned char)(((escDecMem)>>8)&0xFF))); ee_write_by
      +                          te(16 + 1, ((unsigned char)((escDecMem)&0xFF))); };
  5167  00114A  502E               	movf	_escDecMem+1,w,c
  5168  00114C  6F60               	movwf	?_ee_write_byte& (0+255),b
  5169  00114E  0E10               	movlw	16
  5170  001150  EC59  F012         	call	_ee_write_byte
  5171  001154  C02D  F060         	movff	_escDecMem,?_ee_write_byte
  5172  001158  0E11               	movlw	17
  5173  00115A  EC59  F012         	call	_ee_write_byte
  5174                           
  5175                           ;main.c: 193: escala = (float) escEntMem + (float) escDecMem / 1000.0;
  5176  00115E  C02F  F068         	movff	_escEntMem,?___awtoft
  5177  001162  C030  F069         	movff	_escEntMem+1,?___awtoft+1
  5178  001166  EC26  F012         	call	___awtoft	;wreg free
  5179  00116A  D8C8               	call	PL2	;call to abstracted procedure
  5180  00116C  EC26  F012         	call	___awtoft	;wreg free
  5181  001170  C068  F06C         	movff	?___awtoft,?___ftdiv
  5182  001174  C069  F06D         	movff	?___awtoft+1,?___ftdiv+1
  5183  001178  C06A  F06E         	movff	?___awtoft+2,?___ftdiv+2
  5184  00117C  EC33  F00D         	call	___ftdiv	;wreg free
  5185  001180  C06C  F080         	movff	?___ftdiv,?___ftadd+3
  5186  001184  C06D  F081         	movff	?___ftdiv+1,?___ftadd+4
  5187  001188  C06E  F082         	movff	?___ftdiv+2,?___ftadd+5
  5188  00118C  EC6A  F00B         	call	___ftadd	;wreg free
  5189  001190  C07D  F0D8         	movff	?___ftadd,_escala
  5190  001194  C07E  F0D9         	movff	?___ftadd+1,_escala+1
  5191  001198  C07F  F0DA         	movff	?___ftadd+2,_escala+2
  5192  00119C                     l6287:
  5193                           
  5194                           ;main.c: 194: }
  5195                           ;main.c: 195: }
  5196                           ;main.c: 196: if(state == E_SET_ADV_MODE)
  5197  00119C  5039               	movf	_state,w,c
  5198  00119E  0A0D               	xorlw	13
  5199  0011A0  E108               	bnz	l6295
  5200                           
  5201                           ;main.c: 197: {
  5202                           ;main.c: 198: if(advModeMem > 0)
  5203  0011A2  5044               	movf	_advModeMem,w,c
  5204  0011A4  E006               	bz	l6295
  5205                           
  5206                           ;main.c: 199: {
  5207                           ;main.c: 200: advModeMem--;
  5208  0011A6  0644               	decf	_advModeMem,f,c
  5209                           
  5210                           ;main.c: 201: { ee_write_byte(1, advModeMem); };
  5211  0011A8  C044  F060         	movff	_advModeMem,?_ee_write_byte
  5212  0011AC  0E01               	movlw	1
  5213  0011AE  EC59  F012         	call	_ee_write_byte
  5214  0011B2                     l6295:
  5215                           
  5216                           ;main.c: 202: }
  5217                           ;main.c: 203: }
  5218                           ;main.c: 204: if(state == E_SET_ADV_XLO)
  5219  0011B2  5039               	movf	_state,w,c
  5220  0011B4  0A0F               	xorlw	15
  5221  0011B6  E117               	bnz	l114
  5222                           
  5223                           ;main.c: 205: {
  5224                           ;main.c: 206: if((xLoMem - setInc) >= 0)
  5225  0011B8  5043               	movf	_setInc,w,c
  5226  0011BA  5C35               	subwf	_xLoMem,w,c
  5227  0011BC  0100               	movlb	0	; () banked
  5228  0011BE  6F8B               	movwf	??_decVar& (0+255),b
  5229  0011C0  0E00               	movlw	0
  5230  0011C2  5836               	subwfb	_xLoMem+1,w,c
  5231  0011C4  6F8C               	movwf	(??_decVar+1)& (0+255),b
  5232  0011C6  BF8C               	btfsc	(??_decVar+1)& (0+255),7,b
  5233  0011C8  D00E               	goto	l114
  5234                           
  5235                           ; BSR set to: 0
  5236                           ;main.c: 207: {
  5237                           ;main.c: 208: xLoMem = xLoMem - setInc;
  5238  0011CA  5043               	movf	_setInc,w,c
  5239  0011CC  5E35               	subwf	_xLoMem,f,c
  5240  0011CE  0E00               	movlw	0
  5241  0011D0  5A36               	subwfb	_xLoMem+1,f,c
  5242                           
  5243                           ; BSR set to: 0
  5244                           ;main.c: 209: { ee_write_byte(2, ((unsigned char)(((xLoMem)>>8)&0xFF))); ee_write_byte(2
      +                           + 1, ((unsigned char)((xLoMem)&0xFF))); };
  5245  0011D2  5036               	movf	_xLoMem+1,w,c
  5246  0011D4  6F60               	movwf	?_ee_write_byte& (0+255),b
  5247  0011D6  0E02               	movlw	2
  5248  0011D8  EC59  F012         	call	_ee_write_byte
  5249  0011DC  C035  F060         	movff	_xLoMem,?_ee_write_byte
  5250  0011E0  0E03               	movlw	3
  5251  0011E2  EC59  F012         	call	_ee_write_byte
  5252  0011E6                     l114:
  5253                           
  5254                           ;main.c: 210: }
  5255                           ;main.c: 211: }
  5256                           ;main.c: 212: if(state == E_SET_ADV_XUP)
  5257  0011E6  5039               	movf	_state,w,c
  5258  0011E8  0A11               	xorlw	17
  5259  0011EA  E117               	bnz	l116
  5260                           
  5261                           ;main.c: 213: {
  5262                           ;main.c: 214: if((xUpMem - setInc) >= 0)
  5263  0011EC  5043               	movf	_setInc,w,c
  5264  0011EE  5C37               	subwf	_xUpMem,w,c
  5265  0011F0  0100               	movlb	0	; () banked
  5266  0011F2  6F8B               	movwf	??_decVar& (0+255),b
  5267  0011F4  0E00               	movlw	0
  5268  0011F6  5838               	subwfb	_xUpMem+1,w,c
  5269  0011F8  6F8C               	movwf	(??_decVar+1)& (0+255),b
  5270  0011FA  BF8C               	btfsc	(??_decVar+1)& (0+255),7,b
  5271  0011FC  D00E               	goto	l116
  5272                           
  5273                           ; BSR set to: 0
  5274                           ;main.c: 215: {
  5275                           ;main.c: 216: xUpMem = xUpMem - setInc;
  5276  0011FE  5043               	movf	_setInc,w,c
  5277  001200  5E37               	subwf	_xUpMem,f,c
  5278  001202  0E00               	movlw	0
  5279  001204  5A38               	subwfb	_xUpMem+1,f,c
  5280                           
  5281                           ; BSR set to: 0
  5282                           ;main.c: 217: { ee_write_byte(4, ((unsigned char)(((xUpMem)>>8)&0xFF))); ee_write_byte(4
      +                           + 1, ((unsigned char)((xUpMem)&0xFF))); };
  5283  001206  5038               	movf	_xUpMem+1,w,c
  5284  001208  6F60               	movwf	?_ee_write_byte& (0+255),b
  5285  00120A  0E04               	movlw	4
  5286  00120C  EC59  F012         	call	_ee_write_byte
  5287  001210  C037  F060         	movff	_xUpMem,?_ee_write_byte
  5288  001214  0E05               	movlw	5
  5289  001216  EC59  F012         	call	_ee_write_byte
  5290  00121A                     l116:
  5291                           
  5292                           ;main.c: 218: }
  5293                           ;main.c: 219: }
  5294                           ;main.c: 220: if(state == E_SET_ADV_ELO)
  5295  00121A  5039               	movf	_state,w,c
  5296  00121C  0A13               	xorlw	19
  5297  00121E  E117               	bnz	l118
  5298                           
  5299                           ;main.c: 221: {
  5300                           ;main.c: 222: if((eLoMem - setInc) >= 0)
  5301  001220  5043               	movf	_setInc,w,c
  5302  001222  5C29               	subwf	_eLoMem,w,c
  5303  001224  0100               	movlb	0	; () banked
  5304  001226  6F8B               	movwf	??_decVar& (0+255),b
  5305  001228  0E00               	movlw	0
  5306  00122A  582A               	subwfb	_eLoMem+1,w,c
  5307  00122C  6F8C               	movwf	(??_decVar+1)& (0+255),b
  5308  00122E  BF8C               	btfsc	(??_decVar+1)& (0+255),7,b
  5309  001230  D00E               	goto	l118
  5310                           
  5311                           ; BSR set to: 0
  5312                           ;main.c: 223: {
  5313                           ;main.c: 224: eLoMem = eLoMem - setInc;
  5314  001232  5043               	movf	_setInc,w,c
  5315  001234  5E29               	subwf	_eLoMem,f,c
  5316  001236  0E00               	movlw	0
  5317  001238  5A2A               	subwfb	_eLoMem+1,f,c
  5318                           
  5319                           ; BSR set to: 0
  5320                           ;main.c: 225: { ee_write_byte(6, ((unsigned char)(((eLoMem)>>8)&0xFF))); ee_write_byte(6
      +                           + 1, ((unsigned char)((eLoMem)&0xFF))); };
  5321  00123A  502A               	movf	_eLoMem+1,w,c
  5322  00123C  6F60               	movwf	?_ee_write_byte& (0+255),b
  5323  00123E  0E06               	movlw	6
  5324  001240  EC59  F012         	call	_ee_write_byte
  5325  001244  C029  F060         	movff	_eLoMem,?_ee_write_byte
  5326  001248  0E07               	movlw	7
  5327  00124A  EC59  F012         	call	_ee_write_byte
  5328  00124E                     l118:
  5329                           
  5330                           ;main.c: 226: }
  5331                           ;main.c: 227: }
  5332                           ;main.c: 228: if(state == E_SET_ADV_EUP)
  5333  00124E  5039               	movf	_state,w,c
  5334  001250  0A15               	xorlw	21
  5335  001252  E117               	bnz	l120
  5336                           
  5337                           ;main.c: 229: {
  5338                           ;main.c: 230: if((eUpMem - setInc) >= 0)
  5339  001254  5043               	movf	_setInc,w,c
  5340  001256  5C2B               	subwf	_eUpMem,w,c
  5341  001258  0100               	movlb	0	; () banked
  5342  00125A  6F8B               	movwf	??_decVar& (0+255),b
  5343  00125C  0E00               	movlw	0
  5344  00125E  582C               	subwfb	_eUpMem+1,w,c
  5345  001260  6F8C               	movwf	(??_decVar+1)& (0+255),b
  5346  001262  BF8C               	btfsc	(??_decVar+1)& (0+255),7,b
  5347  001264  D00E               	goto	l120
  5348                           
  5349                           ; BSR set to: 0
  5350                           ;main.c: 231: {
  5351                           ;main.c: 232: eUpMem = eUpMem - setInc;
  5352  001266  5043               	movf	_setInc,w,c
  5353  001268  5E2B               	subwf	_eUpMem,f,c
  5354  00126A  0E00               	movlw	0
  5355  00126C  5A2C               	subwfb	_eUpMem+1,f,c
  5356                           
  5357                           ; BSR set to: 0
  5358                           ;main.c: 233: { ee_write_byte(8, ((unsigned char)(((eUpMem)>>8)&0xFF))); ee_write_byte(8
      +                           + 1, ((unsigned char)((eUpMem)&0xFF))); };
  5359  00126E  502C               	movf	_eUpMem+1,w,c
  5360  001270  6F60               	movwf	?_ee_write_byte& (0+255),b
  5361  001272  0E08               	movlw	8
  5362  001274  EC59  F012         	call	_ee_write_byte
  5363  001278  C02B  F060         	movff	_eUpMem,?_ee_write_byte
  5364  00127C  0E09               	movlw	9
  5365  00127E  EC59  F012         	call	_ee_write_byte
  5366  001282                     l120:
  5367                           
  5368                           ;main.c: 234: }
  5369                           ;main.c: 235: }
  5370                           ;main.c: 236: if(state == E_SET_ADV_VLO)
  5371  001282  5039               	movf	_state,w,c
  5372  001284  0A17               	xorlw	23
  5373  001286  E117               	bnz	l122
  5374                           
  5375                           ;main.c: 237: {
  5376                           ;main.c: 238: if((vLoMem - setInc) >= 0)
  5377  001288  5043               	movf	_setInc,w,c
  5378  00128A  5C31               	subwf	_vLoMem,w,c
  5379  00128C  0100               	movlb	0	; () banked
  5380  00128E  6F8B               	movwf	??_decVar& (0+255),b
  5381  001290  0E00               	movlw	0
  5382  001292  5832               	subwfb	_vLoMem+1,w,c
  5383  001294  6F8C               	movwf	(??_decVar+1)& (0+255),b
  5384  001296  BF8C               	btfsc	(??_decVar+1)& (0+255),7,b
  5385  001298  D00E               	goto	l122
  5386                           
  5387                           ; BSR set to: 0
  5388                           ;main.c: 239: {
  5389                           ;main.c: 240: vLoMem = vLoMem - setInc;
  5390  00129A  5043               	movf	_setInc,w,c
  5391  00129C  5E31               	subwf	_vLoMem,f,c
  5392  00129E  0E00               	movlw	0
  5393  0012A0  5A32               	subwfb	_vLoMem+1,f,c
  5394                           
  5395                           ; BSR set to: 0
  5396                           ;main.c: 241: { ee_write_byte(10, ((unsigned char)(((vLoMem)>>8)&0xFF))); ee_write_byte(
      +                          10 + 1, ((unsigned char)((vLoMem)&0xFF))); };
  5397  0012A2  5032               	movf	_vLoMem+1,w,c
  5398  0012A4  6F60               	movwf	?_ee_write_byte& (0+255),b
  5399  0012A6  0E0A               	movlw	10
  5400  0012A8  EC59  F012         	call	_ee_write_byte
  5401  0012AC  C031  F060         	movff	_vLoMem,?_ee_write_byte
  5402  0012B0  0E0B               	movlw	11
  5403  0012B2  EC59  F012         	call	_ee_write_byte
  5404  0012B6                     l122:
  5405                           
  5406                           ;main.c: 242: }
  5407                           ;main.c: 243: }
  5408                           ;main.c: 244: if(state==E_SET_ADV_VUP)
  5409  0012B6  5039               	movf	_state,w,c
  5410  0012B8  0A19               	xorlw	25
  5411  0012BA  E117               	bnz	l6345
  5412                           
  5413                           ;main.c: 245: {
  5414                           ;main.c: 246: if((vUpMem-setInc)>=0)
  5415  0012BC  5043               	movf	_setInc,w,c
  5416  0012BE  5C33               	subwf	_vUpMem,w,c
  5417  0012C0  0100               	movlb	0	; () banked
  5418  0012C2  6F8B               	movwf	??_decVar& (0+255),b
  5419  0012C4  0E00               	movlw	0
  5420  0012C6  5834               	subwfb	_vUpMem+1,w,c
  5421  0012C8  6F8C               	movwf	(??_decVar+1)& (0+255),b
  5422  0012CA  BF8C               	btfsc	(??_decVar+1)& (0+255),7,b
  5423  0012CC  D00E               	goto	l6345
  5424                           
  5425                           ; BSR set to: 0
  5426                           ;main.c: 247: {
  5427                           ;main.c: 248: vUpMem=vUpMem-setInc;
  5428  0012CE  5043               	movf	_setInc,w,c
  5429  0012D0  5E33               	subwf	_vUpMem,f,c
  5430  0012D2  0E00               	movlw	0
  5431  0012D4  5A34               	subwfb	_vUpMem+1,f,c
  5432                           
  5433                           ; BSR set to: 0
  5434                           ;main.c: 249: { ee_write_byte(12, ((unsigned char)(((vUpMem)>>8)&0xFF))); ee_write_byte(
      +                          12 + 1, ((unsigned char)((vUpMem)&0xFF))); };
  5435  0012D6  5034               	movf	_vUpMem+1,w,c
  5436  0012D8  6F60               	movwf	?_ee_write_byte& (0+255),b
  5437  0012DA  0E0C               	movlw	12
  5438  0012DC  EC59  F012         	call	_ee_write_byte
  5439  0012E0  C033  F060         	movff	_vUpMem,?_ee_write_byte
  5440  0012E4  0E0D               	movlw	13
  5441  0012E6  EC59  F012         	call	_ee_write_byte
  5442  0012EA                     l6345:
  5443                           
  5444                           ;main.c: 250: }
  5445                           ;main.c: 251: }
  5446                           ;main.c: 253: { t0Mem[T0_SHOW_SETTING].flag=0; t0Mem[T0_SHOW_SETTING].prescaler=t0DelayC
      +                          onstant[T0_SHOW_SETTING]; t0Mem[T0_SHOW_SETTING].pause=0; };
  5447  0012EA  0101               	movlb	1	; () banked
  5448  0012EC  9352               	bcf	(_t0Mem+17)& (0+255),1,b
  5449                           
  5450                           ; BSR set to: 1
  5451  0012EE  C0B8  F150         	movff	_t0DelayConstant+10,_t0Mem+15
  5452  0012F2  C0B9  F151         	movff	_t0DelayConstant+11,_t0Mem+16
  5453                           
  5454                           ; BSR set to: 1
  5455  0012F6  9552               	bcf	(_t0Mem+17)& (0+255),2,b
  5456                           
  5457                           ; BSR set to: 1
  5458                           ;main.c: 254: { t0Mem[T0_SHOW_SETTING_ON].flag=0; t0Mem[T0_SHOW_SETTING_ON].prescaler=t0
      +                          DelayConstant[T0_SHOW_SETTING_ON]; t0Mem[T0_SHOW_SETTING_ON].pause=0; };
  5459                           
  5460                           ; BSR set to: 1
  5461                           
  5462                           ; BSR set to: 1
  5463  0012F8  EFBC  F006         	goto	PL3	;call to abstracted procedure
  5464  0012FC                     __end_of_decVar:
  5465                           	opt stack 0
  5466  0012FC                     PL2:
  5467  0012FC  C068  F07D         	movff	?___awtoft,?___ftadd
  5468  001300  C069  F07E         	movff	?___awtoft+1,?___ftadd+1
  5469  001304  C06A  F07F         	movff	?___awtoft+2,?___ftadd+2
  5470  001308  6B6F               	clrf	(?___ftdiv+3)& (0+255),b
  5471  00130A  0E7A               	movlw	122
  5472  00130C  6F70               	movwf	(?___ftdiv+4)& (0+255),b
  5473  00130E  0E44               	movlw	68
  5474  001310  6F71               	movwf	(?___ftdiv+5)& (0+255),b
  5475  001312  C02D  F068         	movff	_escDecMem,?___awtoft
  5476  001316  C02E  F069         	movff	_escDecMem+1,?___awtoft+1
  5477  00131A  0C44               	retlw	68
  5478                           tblptru	equ	0xFF8
  5479                           tblptrh	equ	0xFF7
  5480                           tblptrl	equ	0xFF6
  5481                           tablat	equ	0xFF5
  5482                           prodl	equ	0xFF3
  5483                           intcon	equ	0xFF2
  5484                           intcon2	equ	0xFF1
  5485                           postinc0	equ	0xFEE
  5486                           wreg	equ	0xFE8
  5487                           indf1	equ	0xFE7
  5488                           postinc1	equ	0xFE6
  5489                           postdec1	equ	0xFE5
  5490                           fsr1h	equ	0xFE2
  5491                           fsr1l	equ	0xFE1
  5492                           indf2	equ	0xFDF
  5493                           postinc2	equ	0xFDE
  5494                           postdec2	equ	0xFDD
  5495                           plusw2	equ	0xFDB
  5496                           fsr2h	equ	0xFDA
  5497                           fsr2l	equ	0xFD9
  5498                           status	equ	0xFD8
  5499                           
  5500 ;; *************** function _ee_write_byte *****************
  5501 ;; Defined at:
  5502 ;;		line 22 in file "C:\fgr\16gb\libSwPic\eeprom18f\20220815 0220\eeprom18f.c"
  5503 ;; Parameters:    Size  Location     Type
  5504 ;;  addr            1    wreg     unsigned char 
  5505 ;;  dat             1    0[BANK0 ] unsigned char 
  5506 ;; Auto vars:     Size  Location     Type
  5507 ;;  addr            1    1[BANK0 ] unsigned char 
  5508 ;; Return value:  Size  Location     Type
  5509 ;;		None               void
  5510 ;; Registers used:
  5511 ;;		wreg, status,2
  5512 ;; Tracked objects:
  5513 ;;		On entry : 0/1
  5514 ;;		On exit  : 0/0
  5515 ;;		Unchanged: 0/0
  5516 ;; Data sizes:     COMRAM   BANK0   BANK1   BANK2   BANK3   BANK4   BANK5   BANK6   BANK7
  5517 ;;      Params:         0       1       0       0       0       0       0       0       0
  5518 ;;      Locals:         0       1       0       0       0       0       0       0       0
  5519 ;;      Temps:          0       0       0       0       0       0       0       0       0
  5520 ;;      Totals:         0       2       0       0       0       0       0       0       0
  5521 ;;Total ram usage:        2 bytes
  5522 ;; Hardware stack levels used:    1
  5523 ;; Hardware stack levels required when called:    6
  5524 ;; This function calls:
  5525 ;;		Nothing
  5526 ;; This function is called by:
  5527 ;;		_incVar
  5528 ;;		_decVar
  5529 ;; This function uses a non-reentrant model
  5530 ;;
  5531                           
  5532                           	psect	text4
  5533  0024B2                     __ptext4:
  5534                           	opt stack 0
  5535  0024B2                     _ee_write_byte:
  5536                           	opt stack 23
  5537                           
  5538                           ; BSR set to: 1
  5539                           ;ee_write_byte@addr stored from wreg
  5540  0024B2  CFE8 F061          	movff	wreg,ee_write_byte@addr
  5541                           
  5542                           ;eeprom18f.c: 23: EEDATA = dat;
  5543  0024B6  C060  FFA8         	movff	ee_write_byte@dat,4008	;volatile
  5544                           
  5545                           ;eeprom18f.c: 24: EEADR = addr;
  5546  0024BA  C061  FFA9         	movff	ee_write_byte@addr,4009	;volatile
  5547                           
  5548                           ;eeprom18f.c: 27: EECON1bits.EEPGD = 0;
  5549  0024BE  9EA6               	bcf	4006,7,c	;volatile
  5550                           
  5551                           ;eeprom18f.c: 28: EECON1bits.CFGS = 0;
  5552  0024C0  9CA6               	bcf	4006,6,c	;volatile
  5553                           
  5554                           ;eeprom18f.c: 29: EECON1bits.WREN = 1;
  5555  0024C2  84A6               	bsf	4006,2,c	;volatile
  5556                           
  5557                           ;eeprom18f.c: 30: INTCONbits.GIE = 0;
  5558  0024C4  9EF2               	bcf	intcon,7,c	;volatile
  5559                           
  5560                           ;eeprom18f.c: 31: EECON2 = 0x55;
  5561  0024C6  0E55               	movlw	85
  5562  0024C8  6EA7               	movwf	4007,c	;volatile
  5563                           
  5564                           ;eeprom18f.c: 32: EECON2 = 0x0AA;
  5565  0024CA  0EAA               	movlw	170
  5566  0024CC  6EA7               	movwf	4007,c	;volatile
  5567                           
  5568                           ;eeprom18f.c: 33: EECON1bits.WR = 1;
  5569  0024CE  82A6               	bsf	4006,1,c	;volatile
  5570                           
  5571                           ;eeprom18f.c: 34: while(EECON1bits.WR) asm("nop");
  5572  0024D0  D001               	goto	l888
  5573  0024D2                     l889:
  5574  0024D2  F000               	nop		;# 
  5575  0024D4                     l888:
  5576  0024D4  B2A6               	btfsc	4006,1,c	;volatile
  5577  0024D6  D7FD               	goto	l889
  5578                           
  5579                           ;eeprom18f.c: 36: EECON1bits.WREN = 0;
  5580  0024D8  94A6               	bcf	4006,2,c	;volatile
  5581                           
  5582                           ;eeprom18f.c: 37: INTCONbits.GIE = 1;
  5583  0024DA  8EF2               	bsf	intcon,7,c	;volatile
  5584  0024DC  0012               	return	
  5585  0024DE                     __end_of_ee_write_byte:
  5586                           	opt stack 0
  5587                           tblptru	equ	0xFF8
  5588                           tblptrh	equ	0xFF7
  5589                           tblptrl	equ	0xFF6
  5590                           tablat	equ	0xFF5
  5591                           prodl	equ	0xFF3
  5592                           intcon	equ	0xFF2
  5593                           intcon2	equ	0xFF1
  5594                           postinc0	equ	0xFEE
  5595                           wreg	equ	0xFE8
  5596                           indf1	equ	0xFE7
  5597                           postinc1	equ	0xFE6
  5598                           postdec1	equ	0xFE5
  5599                           fsr1h	equ	0xFE2
  5600                           fsr1l	equ	0xFE1
  5601                           indf2	equ	0xFDF
  5602                           postinc2	equ	0xFDE
  5603                           postdec2	equ	0xFDD
  5604                           plusw2	equ	0xFDB
  5605                           fsr2h	equ	0xFDA
  5606                           fsr2l	equ	0xFD9
  5607                           status	equ	0xFD8
  5608                           
  5609 ;; *************** function _systemInit *****************
  5610 ;; Defined at:
  5611 ;;		line 11 in file "C:\fgr\16gb\0000 interior\deVolt\sw\system.c"
  5612 ;; Parameters:    Size  Location     Type
  5613 ;;		None
  5614 ;; Auto vars:     Size  Location     Type
  5615 ;;		None
  5616 ;; Return value:  Size  Location     Type
  5617 ;;		None               void
  5618 ;; Registers used:
  5619 ;;		wreg, status,2, cstack
  5620 ;; Tracked objects:
  5621 ;;		On entry : 0/0
  5622 ;;		On exit  : 0/0
  5623 ;;		Unchanged: FFFFFFFF/0
  5624 ;; Data sizes:     COMRAM   BANK0   BANK1   BANK2   BANK3   BANK4   BANK5   BANK6   BANK7
  5625 ;;      Params:         0       0       0       0       0       0       0       0       0
  5626 ;;      Locals:         0       0       0       0       0       0       0       0       0
  5627 ;;      Temps:          0       0       0       0       0       0       0       0       0
  5628 ;;      Totals:         0       0       0       0       0       0       0       0       0
  5629 ;;Total ram usage:        0 bytes
  5630 ;; Hardware stack levels used:    1
  5631 ;; Hardware stack levels required when called:    7
  5632 ;; This function calls:
  5633 ;;		_adcSetup
  5634 ;; This function is called by:
  5635 ;;		_main
  5636 ;; This function uses a non-reentrant model
  5637 ;;
  5638                           
  5639                           	psect	text5
  5640  0021B6                     __ptext5:
  5641                           	opt stack 0
  5642  0021B6                     _systemInit:
  5643                           	opt stack 23
  5644                           
  5645                           ;system.c: 12: OSCCONbits.SCS=0x00;
  5646  0021B6  0EFC               	movlw	-4
  5647  0021B8  16D3               	andwf	4051,f,c	;volatile
  5648                           
  5649                           ;system.c: 13: UCFGbits.UTRDIS=1;
  5650  0021BA  866F               	bsf	3951,3,c	;volatile
  5651                           
  5652                           ;system.c: 14: RCONbits.IPEN=1;
  5653  0021BC  8ED0               	bsf	4048,7,c	;volatile
  5654                           
  5655                           ;system.c: 15: INTCON2bits.RBPU=0;
  5656  0021BE  9EF1               	bcf	intcon2,7,c	;volatile
  5657                           
  5658                           ;system.c: 17: IPR2bits.TMR3IP=0;
  5659  0021C0  92A2               	bcf	4002,1,c	;volatile
  5660                           
  5661                           ;system.c: 18: IPR1bits.ADIP=0;
  5662  0021C2  9C9F               	bcf	3999,6,c	;volatile
  5663                           
  5664                           ;system.c: 21: adcSetup();
  5665  0021C4  ECA3  F012         	call	_adcSetup	;wreg free
  5666                           
  5667                           ;system.c: 23: { T0CONbits.T08BIT=1; T0CONbits.T0CS=0; T0CONbits.PSA=0; T0CONbits.T0PS=0
      +                          x07; TMR0=241; T0CONbits.TMR0ON=1; };
  5668  0021C8  8CD5               	bsf	4053,6,c	;volatile
  5669  0021CA  9AD5               	bcf	4053,5,c	;volatile
  5670  0021CC  96D5               	bcf	4053,3,c	;volatile
  5671  0021CE  0E07               	movlw	7
  5672  0021D0  12D5               	iorwf	4053,f,c	;volatile
  5673  0021D2  6AD7               	clrf	4055,c	;volatile
  5674  0021D4  0EF1               	movlw	241
  5675  0021D6  6ED6               	movwf	4054,c	;volatile
  5676  0021D8  8ED5               	bsf	4053,7,c	;volatile
  5677                           
  5678                           ;system.c: 24: { T3CONbits.TMR3CS=0; T3CONbits.T3CKPS=0x03; T3CONbits.T3SYNC=1; TMR3=640
      +                          36UL; T3CONbits.TMR3ON=1; T3CONbits.RD16=1; };
  5679  0021DA  92B1               	bcf	4017,1,c	;volatile
  5680  0021DC  0E30               	movlw	48
  5681  0021DE  12B1               	iorwf	4017,f,c	;volatile
  5682  0021E0  84B1               	bsf	4017,2,c	;volatile
  5683  0021E2  0EFA               	movlw	250
  5684  0021E4  6EB3               	movwf	4019,c	;volatile
  5685  0021E6  0E24               	movlw	36
  5686  0021E8  6EB2               	movwf	4018,c	;volatile
  5687  0021EA  80B1               	bsf	4017,0,c	;volatile
  5688  0021EC  8EB1               	bsf	4017,7,c	;volatile
  5689                           
  5690                           ;system.c: 26: { TRISA0=0; TRISA1=0; TRISA5=0; TRISA3=0; TRISA4=0; TRISA2=0; TRISB7=0; T
      +                          RISB1=0; TRISB2=0; TRISB4=0; TRISB6=0; TRISB5=0; TRISB3=0; TRISC6=0; };
  5691  0021EE  9092               	bcf	3986,0,c	;volatile
  5692  0021F0  9292               	bcf	3986,1,c	;volatile
  5693  0021F2  9A92               	bcf	3986,5,c	;volatile
  5694  0021F4  9692               	bcf	3986,3,c	;volatile
  5695  0021F6  9892               	bcf	3986,4,c	;volatile
  5696  0021F8  9492               	bcf	3986,2,c	;volatile
  5697  0021FA  9E93               	bcf	3987,7,c	;volatile
  5698  0021FC  9293               	bcf	3987,1,c	;volatile
  5699  0021FE  9493               	bcf	3987,2,c	;volatile
  5700  002200  9893               	bcf	3987,4,c	;volatile
  5701  002202  9C93               	bcf	3987,6,c	;volatile
  5702  002204  9A93               	bcf	3987,5,c	;volatile
  5703  002206  9693               	bcf	3987,3,c	;volatile
  5704  002208  9C94               	bcf	3988,6,c	;volatile
  5705                           
  5706                           ;system.c: 27: { PORTAbits.RA0=0; PORTAbits.RA1=0; PORTAbits.RA5=0; PORTAbits.RA3=0; POR
      +                          TAbits.RA4=0; PORTAbits.RA2=0; PORTBbits.RB7=0; PORTBbits.RB1=0; PORTBbits.RB2=0; PORTBb
      +                          its.RB4=0; PORTBbits.RB6=0; PORTBbits.RB5=0; PORTBbits.RB3=0; PORTCbits.RC6=0; };
  5707  00220A  9080               	bcf	3968,0,c	;volatile
  5708  00220C  9280               	bcf	3968,1,c	;volatile
  5709  00220E  9A80               	bcf	3968,5,c	;volatile
  5710  002210  9680               	bcf	3968,3,c	;volatile
  5711  002212  9880               	bcf	3968,4,c	;volatile
  5712  002214  EC63  F00A         	call	PL17	;call to abstracted procedure
  5713  002218  9A81               	bcf	3969,5,c	;volatile
  5714  00221A  9681               	bcf	3969,3,c	;volatile
  5715  00221C  9C82               	bcf	3970,6,c	;volatile
  5716                           
  5717                           ;system.c: 29: INTCONbits.TMR0IE=1;
  5718  00221E  8AF2               	bsf	intcon,5,c	;volatile
  5719                           
  5720                           ;system.c: 30: PIE2bits.TMR3IE=1;
  5721  002220  82A0               	bsf	4000,1,c	;volatile
  5722                           
  5723                           ;system.c: 32: INTCONbits.PEIE=1;
  5724  002222  8CF2               	bsf	intcon,6,c	;volatile
  5725                           
  5726                           ;system.c: 33: INTCONbits.GIE=1;
  5727  002224  8EF2               	bsf	intcon,7,c	;volatile
  5728                           
  5729                           ;system.c: 34: INTCONbits.GIEH=1;
  5730  002226  8EF2               	bsf	intcon,7,c	;volatile
  5731                           
  5732                           ;system.c: 35: INTCONbits.GIEL=1;
  5733  002228  8CF2               	bsf	intcon,6,c	;volatile
  5734  00222A  0C24               	retlw	36
  5735  00222C                     __end_of_systemInit:
  5736                           	opt stack 0
  5737                           tblptru	equ	0xFF8
  5738                           tblptrh	equ	0xFF7
  5739                           tblptrl	equ	0xFF6
  5740                           tablat	equ	0xFF5
  5741                           prodl	equ	0xFF3
  5742                           intcon	equ	0xFF2
  5743                           intcon2	equ	0xFF1
  5744                           postinc0	equ	0xFEE
  5745                           wreg	equ	0xFE8
  5746                           indf1	equ	0xFE7
  5747                           postinc1	equ	0xFE6
  5748                           postdec1	equ	0xFE5
  5749                           fsr1h	equ	0xFE2
  5750                           fsr1l	equ	0xFE1
  5751                           indf2	equ	0xFDF
  5752                           postinc2	equ	0xFDE
  5753                           postdec2	equ	0xFDD
  5754                           plusw2	equ	0xFDB
  5755                           fsr2h	equ	0xFDA
  5756                           fsr2l	equ	0xFD9
  5757                           status	equ	0xFD8
  5758                           
  5759 ;; *************** function _ee_read_byte *****************
  5760 ;; Defined at:
  5761 ;;		line 47 in file "C:\fgr\16gb\libSwPic\eeprom18f\20220815 0220\eeprom18f.c"
  5762 ;; Parameters:    Size  Location     Type
  5763 ;;  addr            1    wreg     unsigned char 
  5764 ;; Auto vars:     Size  Location     Type
  5765 ;;  addr            1    0[BANK0 ] unsigned char 
  5766 ;; Return value:  Size  Location     Type
  5767 ;;                  1    wreg      unsigned char 
  5768 ;; Registers used:
  5769 ;;		wreg, status,2
  5770 ;; Tracked objects:
  5771 ;;		On entry : F/0
  5772 ;;		On exit  : F/0
  5773 ;;		Unchanged: FFFFFFF0/0
  5774 ;; Data sizes:     COMRAM   BANK0   BANK1   BANK2   BANK3   BANK4   BANK5   BANK6   BANK7
  5775 ;;      Params:         0       0       0       0       0       0       0       0       0
  5776 ;;      Locals:         0       1       0       0       0       0       0       0       0
  5777 ;;      Temps:          0       0       0       0       0       0       0       0       0
  5778 ;;      Totals:         0       1       0       0       0       0       0       0       0
  5779 ;;Total ram usage:        1 bytes
  5780 ;; Hardware stack levels used:    1
  5781 ;; Hardware stack levels required when called:    6
  5782 ;; This function calls:
  5783 ;;		Nothing
  5784 ;; This function is called by:
  5785 ;;		_main
  5786 ;; This function uses a non-reentrant model
  5787 ;;
  5788                           
  5789                           	psect	text6
  5790  002560                     __ptext6:
  5791                           	opt stack 0
  5792  002560                     _ee_read_byte:
  5793                           	opt stack 24
  5794                           
  5795                           ;ee_read_byte@addr stored from wreg
  5796  002560  CFE8 F060          	movff	wreg,ee_read_byte@addr
  5797                           
  5798                           ; BSR set to: 0
  5799                           ;eeprom18f.c: 48: EEADR = addr;
  5800  002564  C060  FFA9         	movff	ee_read_byte@addr,4009	;volatile
  5801                           
  5802                           ; BSR set to: 0
  5803                           ;eeprom18f.c: 49: EECON1bits.CFGS = 0;
  5804  002568  9CA6               	bcf	4006,6,c	;volatile
  5805                           
  5806                           ; BSR set to: 0
  5807                           ;eeprom18f.c: 50: EECON1bits.EEPGD = 0;
  5808  00256A  9EA6               	bcf	4006,7,c	;volatile
  5809                           
  5810                           ; BSR set to: 0
  5811                           ;eeprom18f.c: 51: EECON1bits.RD = 1;
  5812  00256C  80A6               	bsf	4006,0,c	;volatile
  5813                           
  5814                           ; BSR set to: 0
  5815                           ;eeprom18f.c: 52: return EEDATA;
  5816  00256E  50A8               	movf	4008,w,c	;volatile
  5817                           
  5818                           ; BSR set to: 0
  5819  002570  0012               	return	
  5820  002572                     __end_of_ee_read_byte:
  5821                           	opt stack 0
  5822                           tblptru	equ	0xFF8
  5823                           tblptrh	equ	0xFF7
  5824                           tblptrl	equ	0xFF6
  5825                           tablat	equ	0xFF5
  5826                           prodl	equ	0xFF3
  5827                           intcon	equ	0xFF2
  5828                           intcon2	equ	0xFF1
  5829                           postinc0	equ	0xFEE
  5830                           wreg	equ	0xFE8
  5831                           indf1	equ	0xFE7
  5832                           postinc1	equ	0xFE6
  5833                           postdec1	equ	0xFE5
  5834                           fsr1h	equ	0xFE2
  5835                           fsr1l	equ	0xFE1
  5836                           indf2	equ	0xFDF
  5837                           postinc2	equ	0xFDE
  5838                           postdec2	equ	0xFDD
  5839                           plusw2	equ	0xFDB
  5840                           fsr2h	equ	0xFDA
  5841                           fsr2l	equ	0xFD9
  5842                           status	equ	0xFD8
  5843                           
  5844 ;; *************** function _actionsTimeoutShowSetting *****************
  5845 ;; Defined at:
  5846 ;;		line 278 in file "C:\fgr\16gb\0000 interior\deVolt\sw\main.c"
  5847 ;; Parameters:    Size  Location     Type
  5848 ;;		None
  5849 ;; Auto vars:     Size  Location     Type
  5850 ;;		None
  5851 ;; Return value:  Size  Location     Type
  5852 ;;		None               void
  5853 ;; Registers used:
  5854 ;;		wreg, status,2, status,0
  5855 ;; Tracked objects:
  5856 ;;		On entry : F/1
  5857 ;;		On exit  : E/0
  5858 ;;		Unchanged: FFFFFFF0/0
  5859 ;; Data sizes:     COMRAM   BANK0   BANK1   BANK2   BANK3   BANK4   BANK5   BANK6   BANK7
  5860 ;;      Params:         0       0       0       0       0       0       0       0       0
  5861 ;;      Locals:         0       2       0       0       0       0       0       0       0
  5862 ;;      Temps:          0       0       0       0       0       0       0       0       0
  5863 ;;      Totals:         0       2       0       0       0       0       0       0       0
  5864 ;;Total ram usage:        2 bytes
  5865 ;; Hardware stack levels used:    1
  5866 ;; Hardware stack levels required when called:    6
  5867 ;; This function calls:
  5868 ;;		Nothing
  5869 ;; This function is called by:
  5870 ;;		_main
  5871 ;; This function uses a non-reentrant model
  5872 ;;
  5873                           
  5874                           	psect	text7
  5875  002034                     __ptext7:
  5876                           	opt stack 0
  5877  002034                     _actionsTimeoutShowSetting:
  5878                           	opt stack 24
  5879                           
  5880                           ; BSR set to: 1
  5881                           ;main.c: 279: if((t0Mem[T0_SHOW_SETTING].flag?!(t0Mem[T0_SHOW_SETTING].flag=0):0))
  5882                           
  5883                           ; BSR set to: 0
  5884  002034  B352               	btfsc	(_t0Mem+17)& (0+255),1,b
  5885  002036  D003               	goto	l6373
  5886                           
  5887                           ; BSR set to: 1
  5888  002038  0100               	movlb	0	; () banked
  5889  00203A  6B60               	clrf	_actionsTimeoutShowSetting$298& (0+255),b
  5890  00203C  D00B               	goto	L55
  5891  00203E                     l6373:
  5892                           
  5893                           ; BSR set to: 1
  5894  00203E  5152               	movf	(_t0Mem+17)& (0+255),w,b
  5895  002040  0BFD               	andlw	-3
  5896  002042  6F52               	movwf	(_t0Mem+17)& (0+255),b
  5897  002044  0101               	movlb	1	; () banked
  5898  002046  3152               	rrcf	(_t0Mem+17)& (0+255),w,b
  5899  002048  0B01               	andlw	1
  5900  00204A  0E00               	movlw	0
  5901  00204C  B4D8               	btfsc	status,2,c
  5902  00204E  0E01               	movlw	1
  5903  002050  0100               	movlb	0	; () banked
  5904  002052  6F60               	movwf	_actionsTimeoutShowSetting$298& (0+255),b
  5905  002054                     L55:
  5906  002054  6B61               	clrf	(_actionsTimeoutShowSetting$298+1)& (0+255),b
  5907                           
  5908                           ; BSR set to: 0
  5909  002056  5161               	movf	(_actionsTimeoutShowSetting$298+1)& (0+255),w,b
  5910  002058  1160               	iorwf	_actionsTimeoutShowSetting$298& (0+255),w,b
  5911  00205A  B4D8               	btfsc	status,2,c
  5912  00205C  0012               	return	
  5913  00205E  D00C               	goto	l6505
  5914  002060                     l6377:
  5915                           
  5916                           ; BSR set to: 0
  5917                           ;main.c: 284: state++;
  5918  002060  2A39               	incf	_state,f,c
  5919                           
  5920                           ; BSR set to: 0
  5921                           ;main.c: 285: { t0Mem[T0_SHOW_SETTING].flag=0; t0Mem[T0_SHOW_SETTING].prescaler=t0DelayC
      +                          onstant[T0_SHOW_SETTING]; t0Mem[T0_SHOW_SETTING].pause=0; };
  5922  002062  0101               	movlb	1	; () banked
  5923  002064  9352               	bcf	(_t0Mem+17)& (0+255),1,b
  5924                           
  5925                           ; BSR set to: 1
  5926  002066  C0B8  F150         	movff	_t0DelayConstant+10,_t0Mem+15
  5927  00206A  C0B9  F151         	movff	_t0DelayConstant+11,_t0Mem+16
  5928                           
  5929                           ; BSR set to: 1
  5930  00206E  9552               	bcf	(_t0Mem+17)& (0+255),2,b
  5931                           
  5932                           ;main.c: 286: break;
  5933  002070  0012               	return	
  5934  002072                     l6401:
  5935                           
  5936                           ; BSR set to: 0
  5937                           ;main.c: 296: state=E_IDLE;
  5938  002072  0E01               	movlw	1
  5939  002074  6E39               	movwf	_state,c
  5940                           
  5941                           ;main.c: 297: break;
  5942  002076  0C01               	retlw	1
  5943  002078                     l6505:
  5944                           
  5945                           ; BSR set to: 0
  5946  002078  5039               	movf	_state,w,c
  5947                           
  5948                           ; Switch size 1, requested type "space"
  5949                           ; Number of cases is 17, Range of values is 9 to 25
  5950                           ; switch strategies available:
  5951                           ; Name         Instructions Cycles
  5952                           ; simple_byte           52    27 (average)
  5953                           ;	Chosen strategy is simple_byte
  5954  00207A  0A09               	xorlw	9	; case 9
  5955  00207C  E0F1               	bz	l6377
  5956  00207E  0A03               	xorlw	3	; case 10
  5957  002080  E0EF               	bz	l6377
  5958  002082  0A01               	xorlw	1	; case 11
  5959  002084  E0ED               	bz	l6377
  5960  002086  0A07               	xorlw	7	; case 12
  5961  002088  E0F4               	bz	l6401
  5962  00208A  0A02               	xorlw	2	; case 14
  5963  00208C  E0E9               	bz	l6377
  5964  00208E  0A01               	xorlw	1	; case 15
  5965  002090  E0E7               	bz	l6377
  5966  002092  0A1F               	xorlw	31	; case 16
  5967  002094  E0E5               	bz	l6377
  5968  002096  0A01               	xorlw	1	; case 17
  5969  002098  E0E3               	bz	l6377
  5970  00209A  0A03               	xorlw	3	; case 18
  5971  00209C  E0E1               	bz	l6377
  5972  00209E  0A01               	xorlw	1	; case 19
  5973  0020A0  E0DF               	bz	l6377
  5974  0020A2  0A07               	xorlw	7	; case 20
  5975  0020A4  E0DD               	bz	l6377
  5976  0020A6  0A01               	xorlw	1	; case 21
  5977  0020A8  E0DB               	bz	l6377
  5978  0020AA  0A03               	xorlw	3	; case 22
  5979  0020AC  E0D9               	bz	l6377
  5980  0020AE  0A00               	xorlw	0	; case 22
  5981  0020B0  E0D7               	bz	l6377
  5982  0020B2  0A01               	xorlw	1	; case 23
  5983  0020B4  E0D5               	bz	l6377
  5984  0020B6  0A0F               	xorlw	15	; case 24
  5985  0020B8  E0D3               	bz	l6377
  5986  0020BA  0A01               	xorlw	1	; case 25
  5987  0020BC  D7DA               	goto	l6401
  5988  0020BE                     __end_of_actionsTimeoutShowSetting:
  5989                           	opt stack 0
  5990                           tblptru	equ	0xFF8
  5991                           tblptrh	equ	0xFF7
  5992                           tblptrl	equ	0xFF6
  5993                           tablat	equ	0xFF5
  5994                           prodl	equ	0xFF3
  5995                           intcon	equ	0xFF2
  5996                           intcon2	equ	0xFF1
  5997                           postinc0	equ	0xFEE
  5998                           wreg	equ	0xFE8
  5999                           indf1	equ	0xFE7
  6000                           postinc1	equ	0xFE6
  6001                           postdec1	equ	0xFE5
  6002                           fsr1h	equ	0xFE2
  6003                           fsr1l	equ	0xFE1
  6004                           indf2	equ	0xFDF
  6005                           postinc2	equ	0xFDE
  6006                           postdec2	equ	0xFDD
  6007                           plusw2	equ	0xFDB
  6008                           fsr2h	equ	0xFDA
  6009                           fsr2l	equ	0xFD9
  6010                           status	equ	0xFD8
  6011                           
  6012 ;; *************** function _endTestDisplayActions *****************
  6013 ;; Defined at:
  6014 ;;		line 262 in file "C:\fgr\16gb\0000 interior\deVolt\sw\main.c"
  6015 ;; Parameters:    Size  Location     Type
  6016 ;;		None
  6017 ;; Auto vars:     Size  Location     Type
  6018 ;;		None
  6019 ;; Return value:  Size  Location     Type
  6020 ;;		None               void
  6021 ;; Registers used:
  6022 ;;		wreg, status,2
  6023 ;; Tracked objects:
  6024 ;;		On entry : F/1
  6025 ;;		On exit  : F/1
  6026 ;;		Unchanged: FFFFFFF0/0
  6027 ;; Data sizes:     COMRAM   BANK0   BANK1   BANK2   BANK3   BANK4   BANK5   BANK6   BANK7
  6028 ;;      Params:         0       0       0       0       0       0       0       0       0
  6029 ;;      Locals:         0       0       0       0       0       0       0       0       0
  6030 ;;      Temps:          0       0       0       0       0       0       0       0       0
  6031 ;;      Totals:         0       0       0       0       0       0       0       0       0
  6032 ;;Total ram usage:        0 bytes
  6033 ;; Hardware stack levels used:    1
  6034 ;; Hardware stack levels required when called:    6
  6035 ;; This function calls:
  6036 ;;		Nothing
  6037 ;; This function is called by:
  6038 ;;		_main
  6039 ;; This function uses a non-reentrant model
  6040 ;;
  6041                           
  6042                           	psect	text8
  6043  0024DE                     __ptext8:
  6044                           	opt stack 0
  6045  0024DE                     _endTestDisplayActions:
  6046                           	opt stack 24
  6047                           
  6048                           ; BSR set to: 1
  6049                           ;main.c: 263: state=E_IDLE;
  6050  0024DE  0E01               	movlw	1
  6051  0024E0  6E39               	movwf	_state,c
  6052                           
  6053                           ; BSR set to: 1
  6054                           ;main.c: 265: PORTCbits.RC6=0;
  6055  0024E2  9C82               	bcf	3970,6,c	;volatile
  6056                           
  6057                           ;main.c: 266: muxBuffer[0]='0';
  6058  0024E4  0E30               	movlw	48
  6059  0024E6  0100               	movlb	0	; () banked
  6060  0024E8  6FC8               	movwf	_muxBuffer& (0+255),b
  6061                           
  6062                           ;main.c: 267: muxBuffer[1]='0';
  6063  0024EA  6FC9               	movwf	(_muxBuffer+1)& (0+255),b
  6064                           
  6065                           ;main.c: 268: muxBuffer[2]='0';
  6066  0024EC  6FCA               	movwf	(_muxBuffer+2)& (0+255),b
  6067                           
  6068                           ;main.c: 269: muxBuffer[ADV]=' ';
  6069  0024EE  0E20               	movlw	32
  6070  0024F0  6FCB               	movwf	(_muxBuffer+3)& (0+255),b
  6071                           
  6072                           ; BSR set to: 0
  6073                           ;main.c: 270: { t0Mem[T0_ADCSAMPLE].flag=0; t0Mem[T0_ADCSAMPLE].prescaler=t0DelayConstan
      +                          t[T0_ADCSAMPLE]; t0Mem[T0_ADCSAMPLE].pause=0; t0Mem[T0_ADCSAMPLE].loop=1; };
  6074  0024F2  0101               	movlb	1	; () banked
  6075  0024F4  9367               	bcf	(_t0Mem+38)& (0+255),1,b
  6076                           
  6077                           ; BSR set to: 1
  6078  0024F6  C0C6  F165         	movff	_t0DelayConstant+24,_t0Mem+36
  6079  0024FA  C0C7  F166         	movff	_t0DelayConstant+25,_t0Mem+37
  6080                           
  6081                           ; BSR set to: 1
  6082  0024FE  9567               	bcf	(_t0Mem+38)& (0+255),2,b
  6083                           
  6084                           ; BSR set to: 1
  6085  002500  8167               	bsf	(_t0Mem+38)& (0+255),0,b
  6086                           
  6087                           ; BSR set to: 1
  6088  002502  0C20               	retlw	32
  6089  002504                     __end_of_endTestDisplayActions:
  6090                           	opt stack 0
  6091                           tblptru	equ	0xFF8
  6092                           tblptrh	equ	0xFF7
  6093                           tblptrl	equ	0xFF6
  6094                           tablat	equ	0xFF5
  6095                           prodl	equ	0xFF3
  6096                           intcon	equ	0xFF2
  6097                           intcon2	equ	0xFF1
  6098                           postinc0	equ	0xFEE
  6099                           wreg	equ	0xFE8
  6100                           indf1	equ	0xFE7
  6101                           postinc1	equ	0xFE6
  6102                           postdec1	equ	0xFE5
  6103                           fsr1h	equ	0xFE2
  6104                           fsr1l	equ	0xFE1
  6105                           indf2	equ	0xFDF
  6106                           postinc2	equ	0xFDE
  6107                           postdec2	equ	0xFDD
  6108                           plusw2	equ	0xFDB
  6109                           fsr2h	equ	0xFDA
  6110                           fsr2l	equ	0xFD9
  6111                           status	equ	0xFD8
  6112                           
  6113 ;; *************** function _t0Driver *****************
  6114 ;; Defined at:
  6115 ;;		line 31 in file "C:\fgr\16gb\libSwPic\timer0\20220922 2300\t0.c"
  6116 ;; Parameters:    Size  Location     Type
  6117 ;;  i               1    wreg     unsigned char 
  6118 ;; Auto vars:     Size  Location     Type
  6119 ;;  i               1    2[BANK0 ] unsigned char 
  6120 ;; Return value:  Size  Location     Type
  6121 ;;		None               void
  6122 ;; Registers used:
  6123 ;;		wreg, fsr1l, fsr1h, fsr2l, fsr2h, status,2, status,0, prodl, prodh
  6124 ;; Tracked objects:
  6125 ;;		On entry : E/1
  6126 ;;		On exit  : E/0
  6127 ;;		Unchanged: FFFFFFF0/0
  6128 ;; Data sizes:     COMRAM   BANK0   BANK1   BANK2   BANK3   BANK4   BANK5   BANK6   BANK7
  6129 ;;      Params:         0       0       0       0       0       0       0       0       0
  6130 ;;      Locals:         0       1       0       0       0       0       0       0       0
  6131 ;;      Temps:          0       2       0       0       0       0       0       0       0
  6132 ;;      Totals:         0       3       0       0       0       0       0       0       0
  6133 ;;Total ram usage:        3 bytes
  6134 ;; Hardware stack levels used:    1
  6135 ;; Hardware stack levels required when called:    6
  6136 ;; This function calls:
  6137 ;;		Nothing
  6138 ;; This function is called by:
  6139 ;;		_main
  6140 ;; This function uses a non-reentrant model
  6141 ;;
  6142                           
  6143                           	psect	text9
  6144  001DEA                     __ptext9:
  6145                           	opt stack 0
  6146  001DEA                     _t0Driver:
  6147                           	opt stack 24
  6148                           
  6149                           ; BSR set to: 1
  6150                           ;t0Driver@i stored from wreg
  6151  001DEA  CFE8 F062          	movff	wreg,t0Driver@i
  6152                           
  6153                           ;t0.c: 33: if(!t0Mem[i].pause && t0Mem[i].prescaler>0)
  6154  001DEE  0100               	movlb	0	; () banked
  6155  001DF0  D83B               	call	PL9	;call to abstracted procedure
  6156  001DF2  50DF               	movf	indf2,w,c
  6157  001DF4  6F61               	movwf	(??_t0Driver+1)& (0+255),b
  6158  001DF6  B561               	btfsc	(??_t0Driver+1)& (0+255),2,b
  6159  001DF8  0012               	return	
  6160                           
  6161                           ; BSR set to: 0
  6162  001DFA  5162               	movf	t0Driver@i& (0+255),w,b
  6163  001DFC  0D03               	mullw	3
  6164  001DFE  0101               	movlb	1	; () banked
  6165  001E00  EC40  F00E         	call	PL11	;call to abstracted procedure
  6166  001E04  50DE               	movf	postinc2,w,c
  6167  001E06  10DD               	iorwf	postdec2,w,c
  6168  001E08  B4D8               	btfsc	status,2,c
  6169  001E0A  0012               	return	
  6170                           
  6171                           ; BSR set to: 1
  6172                           ;t0.c: 34: {
  6173                           ;t0.c: 35: t0Mem[i].prescaler--;
  6174  001E0C  0100               	movlb	0	; () banked
  6175  001E0E  5162               	movf	t0Driver@i& (0+255),w,b
  6176  001E10  0D03               	mullw	3
  6177  001E12  EC40  F00E         	call	PL11	;call to abstracted procedure
  6178  001E16  06DE               	decf	postinc2,f,c
  6179  001E18  0E00               	movlw	0
  6180  001E1A  5ADD               	subwfb	postdec2,f,c
  6181                           
  6182                           ;t0.c: 36: if(t0Mem[i].prescaler==0)
  6183  001E1C  5162               	movf	t0Driver@i& (0+255),w,b
  6184  001E1E  0D03               	mullw	3
  6185  001E20  0101               	movlb	1	; () banked
  6186  001E22  EC40  F00E         	call	PL11	;call to abstracted procedure
  6187  001E26  50DE               	movf	postinc2,w,c
  6188  001E28  10DD               	iorwf	postdec2,w,c
  6189  001E2A  A4D8               	btfss	status,2,c
  6190  001E2C  0012               	return	
  6191                           
  6192                           ; BSR set to: 1
  6193                           ;t0.c: 37: {
  6194                           ;t0.c: 38: t0Mem[i].flag=1;
  6195  001E2E  0100               	movlb	0	; () banked
  6196  001E30  D81B               	call	PL9	;call to abstracted procedure
  6197  001E32  0E02               	movlw	2
  6198  001E34  12DF               	iorwf	223,f,c
  6199                           
  6200                           ;t0.c: 39: if(t0Mem[i].loop) t0Mem[i].prescaler=t0DelayConstant[i];
  6201  001E36  D818               	call	PL9	;call to abstracted procedure
  6202  001E38  50DF               	movf	indf2,w,c
  6203  001E3A  6F61               	movwf	(??_t0Driver+1)& (0+255),b
  6204  001E3C  A161               	btfss	(??_t0Driver+1)& (0+255),0,b
  6205  001E3E  0012               	return	
  6206                           
  6207                           ; BSR set to: 0
  6208  001E40  5162               	movf	t0Driver@i& (0+255),w,b
  6209  001E42  0D02               	mullw	2
  6210  001E44  50F3               	movf	prodl,w,c
  6211  001E46  0FAE               	addlw	low _t0DelayConstant
  6212  001E48  6ED9               	movwf	fsr2l,c
  6213  001E4A  6ADA               	clrf	fsr2h,c
  6214  001E4C  5162               	movf	t0Driver@i& (0+255),w,b
  6215  001E4E  0D03               	mullw	3
  6216  001E50  0101               	movlb	1	; () banked
  6217  001E52  0E41               	movlw	low _t0Mem
  6218  001E54  24F3               	addwf	prodl,w,c
  6219  001E56  6EE1               	movwf	fsr1l,c
  6220  001E58  6AE2               	clrf	fsr1h,c
  6221  001E5A  0E01               	movlw	high _t0Mem
  6222  001E5C  22E2               	addwfc	fsr1h,f,c
  6223  001E5E  CFDE FFE6          	movff	postinc2,postinc1
  6224  001E62  CFDD FFE5          	movff	postdec2,postdec1
  6225  001E66  0012               	return	
  6226  001E68                     __end_of_t0Driver:
  6227                           	opt stack 0
  6228  001E68                     PL9:
  6229  001E68  5162               	movf	t0Driver@i& (0+255),w,b
  6230  001E6A  0D03               	mullw	3
  6231  001E6C  CFF3 F060          	movff	prodl,??_t0Driver
  6232  001E70  0E02               	movlw	2
  6233  001E72  2760               	addwf	??_t0Driver& (0+255),f,b
  6234  001E74  0E41               	movlw	low _t0Mem
  6235  001E76  2560               	addwf	??_t0Driver& (0+255),w,b
  6236  001E78  6ED9               	movwf	fsr2l,c
  6237  001E7A  6ADA               	clrf	fsr2h,c
  6238  001E7C  0E01               	movlw	high _t0Mem
  6239  001E7E  22DA               	addwfc	fsr2h,f,c
  6240  001E80  0012               	return	
  6241                           tblptru	equ	0xFF8
  6242                           tblptrh	equ	0xFF7
  6243                           tblptrl	equ	0xFF6
  6244                           tablat	equ	0xFF5
  6245                           prodl	equ	0xFF3
  6246                           intcon	equ	0xFF2
  6247                           intcon2	equ	0xFF1
  6248                           postinc0	equ	0xFEE
  6249                           wreg	equ	0xFE8
  6250                           indf1	equ	0xFE7
  6251                           postinc1	equ	0xFE6
  6252                           postdec1	equ	0xFE5
  6253                           fsr1h	equ	0xFE2
  6254                           fsr1l	equ	0xFE1
  6255                           indf2	equ	0xFDF
  6256                           postinc2	equ	0xFDE
  6257                           postdec2	equ	0xFDD
  6258                           plusw2	equ	0xFDB
  6259                           fsr2h	equ	0xFDA
  6260                           fsr2l	equ	0xFD9
  6261                           status	equ	0xFD8
  6262                           
  6263 ;; *************** function _adcDriver *****************
  6264 ;; Defined at:
  6265 ;;		line 9 in file "C:\fgr\16gb\0000 interior\deVolt\sw\adc.c"
  6266 ;; Parameters:    Size  Location     Type
  6267 ;;		None
  6268 ;; Auto vars:     Size  Location     Type
  6269 ;;  ch2Cnv          1    8[BANK0 ] unsigned char 
  6270 ;; Return value:  Size  Location     Type
  6271 ;;		None               void
  6272 ;; Registers used:
  6273 ;;		wreg, status,2, status,0
  6274 ;; Tracked objects:
  6275 ;;		On entry : 0/1
  6276 ;;		On exit  : 0/0
  6277 ;;		Unchanged: FFFFFFF0/0
  6278 ;; Data sizes:     COMRAM   BANK0   BANK1   BANK2   BANK3   BANK4   BANK5   BANK6   BANK7
  6279 ;;      Params:         0       0       0       0       0       0       0       0       0
  6280 ;;      Locals:         0       1       0       0       0       0       0       0       0
  6281 ;;      Temps:          0       8       0       0       0       0       0       0       0
  6282 ;;      Totals:         0       9       0       0       0       0       0       0       0
  6283 ;;Total ram usage:        9 bytes
  6284 ;; Hardware stack levels used:    1
  6285 ;; Hardware stack levels required when called:    6
  6286 ;; This function calls:
  6287 ;;		Nothing
  6288 ;; This function is called by:
  6289 ;;		_main
  6290 ;; This function uses a non-reentrant model
  6291 ;;
  6292                           
  6293                           	psect	text10
  6294  001E82                     __ptext10:
  6295                           	opt stack 0
  6296  001E82                     _adcDriver:
  6297                           	opt stack 24
  6298                           
  6299                           ;adc.c: 10: char ch2Cnv;
  6300                           ;adc.c: 12: if(adcStruct.flgs2convert && !adcStruct.inProcessFlg)
  6301  001E82  5027               	movf	_adcStruct+3,w,c
  6302  001E84  1026               	iorwf	_adcStruct+2,w,c
  6303  001E86  A4D8               	btfss	status,2,c
  6304  001E88  B224               	btfsc	_adcStruct,1,c
  6305  001E8A  0012               	return	
  6306  001E8C                     l681:
  6307                           
  6308                           ;adc.c: 15: {
  6309                           ;adc.c: 16: ch2Cnv=adcStruct.nx2convert;
  6310  001E8C  C028  F068         	movff	_adcStruct+4,adcDriver@ch2Cnv
  6311                           
  6312                           ;adc.c: 17: if(adcStruct.nx2convert<=12) adcStruct.nx2convert++;
  6313  001E90  0E0D               	movlw	13
  6314  001E92  6028               	cpfslt	_adcStruct+4,c
  6315  001E94  D002               	goto	l682
  6316  001E96  2A28               	incf	_adcStruct+4,f,c
  6317  001E98  D001               	goto	l7503
  6318  001E9A                     l682:
  6319                           
  6320                           ;adc.c: 18: else adcStruct.nx2convert=0;
  6321  001E9A  6A28               	clrf	_adcStruct+4,c
  6322  001E9C                     l7503:
  6323                           
  6324                           ;adc.c: 19: }
  6325                           ;adc.c: 20: while(!((1UL << (ch2Cnv)) & (adcStruct.flgs2convert)));
  6326  001E9C  0E01               	movlw	1
  6327  001E9E  0100               	movlb	0	; () banked
  6328  001EA0  6F60               	movwf	??_adcDriver& (0+255),b
  6329  001EA2  6B61               	clrf	(??_adcDriver+1)& (0+255),b
  6330  001EA4  6B62               	clrf	(??_adcDriver+2)& (0+255),b
  6331  001EA6  6B63               	clrf	(??_adcDriver+3)& (0+255),b
  6332  001EA8  5168               	movf	adcDriver@ch2Cnv& (0+255),w,b
  6333  001EAA  2AE8               	incf	wreg,f,c
  6334  001EAC  D005               	goto	u10280
  6335  001EAE                     u10285:
  6336  001EAE  90D8               	bcf	status,0,c
  6337  001EB0  3760               	rlcf	??_adcDriver& (0+255),f,b
  6338  001EB2  3761               	rlcf	(??_adcDriver+1)& (0+255),f,b
  6339  001EB4  3762               	rlcf	(??_adcDriver+2)& (0+255),f,b
  6340  001EB6  3763               	rlcf	(??_adcDriver+3)& (0+255),f,b
  6341  001EB8                     u10280:
  6342  001EB8  2EE8               	decfsz	wreg,f,c
  6343  001EBA  D7F9               	goto	u10285
  6344  001EBC  5026               	movf	_adcStruct+2,w,c
  6345  001EBE  1560               	andwf	??_adcDriver& (0+255),w,b
  6346  001EC0  6F64               	movwf	(??_adcDriver+4)& (0+255),b
  6347  001EC2  5027               	movf	_adcStruct+3,w,c
  6348  001EC4  1561               	andwf	(??_adcDriver+1)& (0+255),w,b
  6349  001EC6  6F65               	movwf	(??_adcDriver+5)& (0+255),b
  6350  001EC8  6B66               	clrf	(??_adcDriver+6)& (0+255),b
  6351  001ECA  6B67               	clrf	(??_adcDriver+7)& (0+255),b
  6352  001ECC  5167               	movf	(??_adcDriver+7)& (0+255),w,b
  6353  001ECE  1164               	iorwf	(??_adcDriver+4)& (0+255),w,b
  6354  001ED0  1165               	iorwf	(??_adcDriver+5)& (0+255),w,b
  6355  001ED2  1166               	iorwf	(??_adcDriver+6)& (0+255),w,b
  6356  001ED4  E0DB               	bz	l681
  6357                           
  6358                           ; BSR set to: 0
  6359                           ;adc.c: 22: ADCON0bits.CHS=ch2Cnv;
  6360  001ED6  C068  F060         	movff	adcDriver@ch2Cnv,??_adcDriver
  6361  001EDA  4760               	rlncf	??_adcDriver& (0+255),f,b
  6362  001EDC  4760               	rlncf	??_adcDriver& (0+255),f,b
  6363  001EDE  50C2               	movf	4034,w,c	;volatile
  6364  001EE0  1960               	xorwf	??_adcDriver& (0+255),w,b
  6365  001EE2  0BC3               	andlw	-61
  6366  001EE4  1960               	xorwf	??_adcDriver& (0+255),w,b
  6367  001EE6  6EC2               	movwf	4034,c	;volatile
  6368                           
  6369                           ;adc.c: 25: ((adcStruct.flgs2convert) &= ~(1UL << (ch2Cnv)));
  6370  001EE8  C068  F060         	movff	adcDriver@ch2Cnv,??_adcDriver
  6371  001EEC  0E01               	movlw	1
  6372  001EEE  6F61               	movwf	(??_adcDriver+1)& (0+255),b
  6373  001EF0  6B62               	clrf	(??_adcDriver+2)& (0+255),b
  6374  001EF2  2B60               	incf	??_adcDriver& (0+255),f,b
  6375  001EF4  D003               	goto	u10304
  6376  001EF6                     u10305:
  6377  001EF6  90D8               	bcf	status,0,c
  6378  001EF8  3761               	rlcf	(??_adcDriver+1)& (0+255),f,b
  6379  001EFA  3762               	rlcf	(??_adcDriver+2)& (0+255),f,b
  6380  001EFC                     u10304:
  6381  001EFC  2F60               	decfsz	??_adcDriver& (0+255),f,b
  6382  001EFE  D7FB               	goto	u10305
  6383  001F00  1D61               	comf	(??_adcDriver+1)& (0+255),w,b
  6384  001F02  6F63               	movwf	(??_adcDriver+3)& (0+255),b
  6385  001F04  1D62               	comf	(??_adcDriver+2)& (0+255),w,b
  6386  001F06  6F64               	movwf	(??_adcDriver+4)& (0+255),b
  6387  001F08  5163               	movf	(??_adcDriver+3)& (0+255),w,b
  6388  001F0A  1626               	andwf	_adcStruct+2,f,c
  6389  001F0C  5164               	movf	(??_adcDriver+4)& (0+255),w,b
  6390  001F0E  1627               	andwf	_adcStruct+3,f,c
  6391                           
  6392                           ; BSR set to: 0
  6393                           ;adc.c: 26: adcStruct.inProcessFlg=1;
  6394  001F10  8224               	bsf	_adcStruct,1,c
  6395                           
  6396                           ; BSR set to: 0
  6397                           ;adc.c: 27: adcStruct.completeFlg=0;
  6398  001F12  9024               	bcf	_adcStruct,0,c
  6399                           
  6400                           ; BSR set to: 0
  6401                           ;adc.c: 28: ADCON0bits.GODONE=1;
  6402  001F14  82C2               	bsf	4034,1,c	;volatile
  6403  001F16  0012               	return	
  6404  001F18                     __end_of_adcDriver:
  6405                           	opt stack 0
  6406                           tblptru	equ	0xFF8
  6407                           tblptrh	equ	0xFF7
  6408                           tblptrl	equ	0xFF6
  6409                           tablat	equ	0xFF5
  6410                           prodl	equ	0xFF3
  6411                           intcon	equ	0xFF2
  6412                           intcon2	equ	0xFF1
  6413                           postinc0	equ	0xFEE
  6414                           wreg	equ	0xFE8
  6415                           indf1	equ	0xFE7
  6416                           postinc1	equ	0xFE6
  6417                           postdec1	equ	0xFE5
  6418                           fsr1h	equ	0xFE2
  6419                           fsr1l	equ	0xFE1
  6420                           indf2	equ	0xFDF
  6421                           postinc2	equ	0xFDE
  6422                           postdec2	equ	0xFDD
  6423                           plusw2	equ	0xFDB
  6424                           fsr2h	equ	0xFDA
  6425                           fsr2l	equ	0xFD9
  6426                           status	equ	0xFD8
  6427                           
  6428 ;; *************** function _iir *****************
  6429 ;; Defined at:
  6430 ;;		line 21 in file "C:\fgr\16gb\0000 interior\deVolt\sw\iir.c"
  6431 ;; Parameters:    Size  Location     Type
  6432 ;;  NewSample       3   54[BANK0 ] float 
  6433 ;; Auto vars:     Size  Location     Type
  6434 ;;  BCoef           9   66[BANK0 ] float [3]
  6435 ;;  ACoef           9   57[BANK0 ] float [3]
  6436 ;;  n               1   75[BANK0 ] unsigned char 
  6437 ;; Return value:  Size  Location     Type
  6438 ;;                  3   54[BANK0 ] float 
  6439 ;; Registers used:
  6440 ;;		wreg, fsr1l, fsr1h, fsr2l, fsr2h, status,2, status,0, prodl, prodh, cstack
  6441 ;; Tracked objects:
  6442 ;;		On entry : F/0
  6443 ;;		On exit  : F/0
  6444 ;;		Unchanged: FFFFFFF0/0
  6445 ;; Data sizes:     COMRAM   BANK0   BANK1   BANK2   BANK3   BANK4   BANK5   BANK6   BANK7
  6446 ;;      Params:         0       3       0       0       0       0       0       0       0
  6447 ;;      Locals:         0      19       0       0       0       0       0       0       0
  6448 ;;      Temps:          0       0       0       0       0       0       0       0       0
  6449 ;;      Totals:         0      22       0       0       0       0       0       0       0
  6450 ;;Total ram usage:       22 bytes
  6451 ;; Hardware stack levels used:    1
  6452 ;; Hardware stack levels required when called:    9
  6453 ;; This function calls:
  6454 ;;		___ftmul
  6455 ;;		___ftsub
  6456 ;;		___asftadd
  6457 ;;		___asftdiv
  6458 ;; This function is called by:
  6459 ;;		_main
  6460 ;; This function uses a non-reentrant model
  6461 ;;
  6462                           
  6463                           	psect	text11
  6464  001546                     __ptext11:
  6465                           	opt stack 0
  6466  001546                     _iir:
  6467                           	opt stack 21
  6468                           
  6469                           ; BSR set to: 0
  6470                           ;iir.c: 22: float ACoef[2+1]={ 0.00094547653094439164,0.00189095306188878330,0.000945476
      +                          53094439164};
  6471  001546  EE21  F07A         	lfsr	2,iir@F4235
  6472  00154A  EE10  F099         	lfsr	1,iir@ACoef
  6473  00154E  0E09               	movlw	9
  6474  001550                     u10311:
  6475  001550  CFDE FFE6          	movff	postinc2,postinc1
  6476  001554  2EE8               	decfsz	wreg,f,c
  6477  001556  D7FC               	goto	u10311
  6478                           
  6479                           ;iir.c: 23: float BCoef[2+1]={1.00000000000000000000,-1.91119706742607360000,0.914975834
      +                          80143418000};
  6480  001558  EE21  F083         	lfsr	2,iir@F4237
  6481  00155C  EE10  F0A2         	lfsr	1,iir@BCoef
  6482  001560  0E09               	movlw	9
  6483  001562                     u10321:
  6484  001562  CFDE FFE6          	movff	postinc2,postinc1
  6485  001566  2EE8               	decfsz	wreg,f,c
  6486  001568  D7FC               	goto	u10321
  6487                           
  6488                           ; BSR set to: 0
  6489                           ;iir.c: 26: char n;
  6490                           ;iir.c: 28: for(n=2;n>0;n--)
  6491  00156A  0E02               	movlw	2
  6492  00156C  6FAB               	movwf	iir@n& (0+255),b
  6493  00156E                     l7523:
  6494                           
  6495                           ; BSR set to: 0
  6496                           ;iir.c: 29: {
  6497                           ;iir.c: 30: x[n]=x[n-1];
  6498  00156E  51AB               	movf	iir@n& (0+255),w,b
  6499  001570  0D03               	mullw	3
  6500  001572  0E65               	movlw	low (_x+65533)
  6501  001574  24F3               	addwf	prodl,w,c
  6502  001576  6ED9               	movwf	fsr2l,c
  6503  001578  6ADA               	clrf	fsr2h,c
  6504  00157A  0E01               	movlw	high (_x+65533)
  6505  00157C  22DA               	addwfc	fsr2h,f,c
  6506  00157E  0100               	movlb	0	; () banked
  6507  001580  51AB               	movf	iir@n& (0+255),w,b
  6508  001582  0D03               	mullw	3
  6509  001584  0E68               	movlw	low _x
  6510  001586  24F3               	addwf	prodl,w,c
  6511  001588  6EE1               	movwf	fsr1l,c
  6512  00158A  6AE2               	clrf	fsr1h,c
  6513  00158C  0E01               	movlw	high _x
  6514  00158E  22E2               	addwfc	fsr1h,f,c
  6515  001590  CFDE FFE6          	movff	postinc2,postinc1
  6516  001594  CFDE FFE6          	movff	postinc2,postinc1
  6517  001598  CFDE FFE5          	movff	postinc2,postdec1
  6518                           
  6519                           ;iir.c: 31: y[n]=y[n-1];
  6520  00159C  51AB               	movf	iir@n& (0+255),w,b
  6521  00159E  0D03               	mullw	3
  6522  0015A0  0E6E               	movlw	low (_y+65533)
  6523  0015A2  24F3               	addwf	prodl,w,c
  6524  0015A4  6ED9               	movwf	fsr2l,c
  6525  0015A6  6ADA               	clrf	fsr2h,c
  6526  0015A8  0E01               	movlw	high (_y+65533)
  6527  0015AA  22DA               	addwfc	fsr2h,f,c
  6528  0015AC  51AB               	movf	iir@n& (0+255),w,b
  6529  0015AE  0D03               	mullw	3
  6530  0015B0  0E71               	movlw	low _y
  6531  0015B2  24F3               	addwf	prodl,w,c
  6532  0015B4  6EE1               	movwf	fsr1l,c
  6533  0015B6  6AE2               	clrf	fsr1h,c
  6534  0015B8  0E01               	movlw	high _y
  6535  0015BA  22E2               	addwfc	fsr1h,f,c
  6536  0015BC  CFDE FFE6          	movff	postinc2,postinc1
  6537  0015C0  CFDE FFE6          	movff	postinc2,postinc1
  6538  0015C4  CFDE FFE5          	movff	postinc2,postdec1
  6539  0015C8  52E5               	movf	postdec1,f,c
  6540                           
  6541                           ; BSR set to: 1
  6542  0015CA  07AB               	decf	iir@n& (0+255),f,b
  6543                           
  6544                           ; BSR set to: 0
  6545  0015CC  67AB               	tstfsz	iir@n& (0+255),b
  6546  0015CE  D7CF               	goto	l7523
  6547                           
  6548                           ; BSR set to: 0
  6549                           ;iir.c: 32: }
  6550                           ;iir.c: 35: x[0]=NewSample;
  6551  0015D0  C096  F168         	movff	iir@NewSample,_x
  6552  0015D4  C097  F169         	movff	iir@NewSample+1,_x+1
  6553  0015D8  C098  F16A         	movff	iir@NewSample+2,_x+2
  6554                           
  6555                           ; BSR set to: 0
  6556                           ;iir.c: 36: y[0]=ACoef[0]*x[0];
  6557  0015DC  C099  F068         	movff	iir@ACoef,?___ftmul
  6558  0015E0  C09A  F069         	movff	iir@ACoef+1,?___ftmul+1
  6559  0015E4  C09B  F06A         	movff	iir@ACoef+2,?___ftmul+2
  6560  0015E8  C168  F06B         	movff	_x,?___ftmul+3
  6561  0015EC  C169  F06C         	movff	_x+1,?___ftmul+4
  6562  0015F0  C16A  F06D         	movff	_x+2,?___ftmul+5
  6563  0015F4  ECB6  F00C         	call	___ftmul	;wreg free
  6564  0015F8  C068  F171         	movff	?___ftmul,_y
  6565  0015FC  C069  F172         	movff	?___ftmul+1,_y+1
  6566  001600  C06A  F173         	movff	?___ftmul+2,_y+2
  6567                           
  6568                           ; BSR set to: 0
  6569                           ;iir.c: 37: for(n=1;n<=2;n++) y[0]+=ACoef[n]*x[n]-BCoef[n]*y[n];
  6570  001604  0E01               	movlw	1
  6571  001606  6FAB               	movwf	iir@n& (0+255),b
  6572  001608                     l7537:
  6573                           
  6574                           ; BSR set to: 0
  6575  001608  0E01               	movlw	high _y
  6576  00160A  0100               	movlb	0	; () banked
  6577  00160C  6F92               	movwf	(?___asftadd+1)& (0+255),b
  6578  00160E  0E71               	movlw	low _y
  6579  001610  6F91               	movwf	?___asftadd& (0+255),b
  6580  001612  51AB               	movf	iir@n& (0+255),w,b
  6581  001614  0D03               	mullw	3
  6582  001616  0E71               	movlw	low _y
  6583  001618  24F3               	addwf	prodl,w,c
  6584  00161A  6ED9               	movwf	fsr2l,c
  6585  00161C  6ADA               	clrf	fsr2h,c
  6586  00161E  0E01               	movlw	high _y
  6587  001620  22DA               	addwfc	fsr2h,f,c
  6588  001622  D84E               	call	PL26	;call to abstracted procedure
  6589  001624  0FA2               	addlw	low iir@BCoef
  6590  001626  6ED9               	movwf	fsr2l,c
  6591  001628  6ADA               	clrf	fsr2h,c
  6592  00162A  CFDE F068          	movff	postinc2,?___ftmul
  6593  00162E  CFDE F069          	movff	postinc2,?___ftmul+1
  6594  001632  CFDD F06A          	movff	postdec2,?___ftmul+2
  6595  001636  ECB6  F00C         	call	___ftmul	;wreg free
  6596  00163A  C068  F08E         	movff	?___ftmul,?___ftsub+3
  6597  00163E  C069  F08F         	movff	?___ftmul+1,?___ftsub+4
  6598  001642  C06A  F090         	movff	?___ftmul+2,?___ftsub+5
  6599  001646  51AB               	movf	iir@n& (0+255),w,b
  6600  001648  0D03               	mullw	3
  6601  00164A  0E68               	movlw	low _x
  6602  00164C  24F3               	addwf	prodl,w,c
  6603  00164E  6ED9               	movwf	fsr2l,c
  6604  001650  6ADA               	clrf	fsr2h,c
  6605  001652  0E01               	movlw	high _x
  6606  001654  22DA               	addwfc	fsr2h,f,c
  6607  001656  0100               	movlb	0	; () banked
  6608  001658  D833               	call	PL26	;call to abstracted procedure
  6609  00165A  0F99               	addlw	low iir@ACoef
  6610  00165C  6ED9               	movwf	fsr2l,c
  6611  00165E  6ADA               	clrf	fsr2h,c
  6612  001660  CFDE F068          	movff	postinc2,?___ftmul
  6613  001664  CFDE F069          	movff	postinc2,?___ftmul+1
  6614  001668  CFDD F06A          	movff	postdec2,?___ftmul+2
  6615  00166C  ECB6  F00C         	call	___ftmul	;wreg free
  6616  001670  C068  F08B         	movff	?___ftmul,?___ftsub
  6617  001674  C069  F08C         	movff	?___ftmul+1,?___ftsub+1
  6618  001678  C06A  F08D         	movff	?___ftmul+2,?___ftsub+2
  6619  00167C  EC42  F012         	call	___ftsub	;wreg free
  6620  001680  C08B  F093         	movff	?___ftsub,?___asftadd+2
  6621  001684  C08C  F094         	movff	?___ftsub+1,?___asftadd+3
  6622  001688  C08D  F095         	movff	?___ftsub+2,?___asftadd+4
  6623  00168C  ECCC  F011         	call	___asftadd	;wreg free
  6624                           
  6625                           ; BSR set to: 0
  6626  001690  2BAB               	incf	iir@n& (0+255),f,b
  6627                           
  6628                           ; BSR set to: 0
  6629  001692  0E02               	movlw	2
  6630  001694  65AB               	cpfsgt	iir@n& (0+255),b
  6631  001696  D7B8               	goto	l7537
  6632                           
  6633                           ; BSR set to: 0
  6634                           ;iir.c: 38: y[0]/=BCoef[0];
  6635  001698  0E01               	movlw	high _y
  6636  00169A  0100               	movlb	0	; () banked
  6637  00169C  6F7E               	movwf	(?___asftdiv+1)& (0+255),b
  6638  00169E  0E71               	movlw	low _y
  6639  0016A0  6F7D               	movwf	?___asftdiv& (0+255),b
  6640  0016A2  C0A2  F07F         	movff	iir@BCoef,?___asftdiv+2
  6641  0016A6  C0A3  F080         	movff	iir@BCoef+1,?___asftdiv+3
  6642  0016AA  C0A4  F081         	movff	iir@BCoef+2,?___asftdiv+4
  6643  0016AE  EC08  F012         	call	___asftdiv	;wreg free
  6644                           
  6645                           ; BSR set to: 0
  6646                           ;iir.c: 41: return y[0];
  6647  0016B2  C171  F096         	movff	_y,?_iir
  6648  0016B6  C172  F097         	movff	_y+1,?_iir+1
  6649  0016BA  C173  F098         	movff	_y+2,?_iir+2
  6650                           
  6651                           ; BSR set to: 0
  6652  0016BE  0012               	return	
  6653  0016C0                     __end_of_iir:
  6654                           	opt stack 0
  6655  0016C0                     PL26:
  6656  0016C0  CFDE F06B          	movff	postinc2,?___ftmul+3
  6657  0016C4  CFDE F06C          	movff	postinc2,?___ftmul+4
  6658  0016C8  CFDD F06D          	movff	postdec2,?___ftmul+5
  6659  0016CC  51AB               	movf	iir@n& (0+255),w,b
  6660  0016CE  0D03               	mullw	3
  6661  0016D0  50F3               	movf	prodl,w,c
  6662  0016D2  0012               	return	
  6663                           tblptru	equ	0xFF8
  6664                           tblptrh	equ	0xFF7
  6665                           tblptrl	equ	0xFF6
  6666                           tablat	equ	0xFF5
  6667                           prodl	equ	0xFF3
  6668                           intcon	equ	0xFF2
  6669                           intcon2	equ	0xFF1
  6670                           postinc0	equ	0xFEE
  6671                           wreg	equ	0xFE8
  6672                           indf1	equ	0xFE7
  6673                           postinc1	equ	0xFE6
  6674                           postdec1	equ	0xFE5
  6675                           fsr1h	equ	0xFE2
  6676                           fsr1l	equ	0xFE1
  6677                           indf2	equ	0xFDF
  6678                           postinc2	equ	0xFDE
  6679                           postdec2	equ	0xFDD
  6680                           plusw2	equ	0xFDB
  6681                           fsr2h	equ	0xFDA
  6682                           fsr2l	equ	0xFD9
  6683                           status	equ	0xFD8
  6684                           
  6685 ;; *************** function _uintToStr *****************
  6686 ;; Defined at:
  6687 ;;		line 286 in file "C:\fgr\16gb\0000 interior\deVolt\sw\stdio.c"
  6688 ;; Parameters:    Size  Location     Type
  6689 ;;  num             2    7[BANK0 ] unsigned int 
  6690 ;;  str             1    9[BANK0 ] PTR unsigned char 
  6691 ;;		 -> muxBuffer(5), 
  6692 ;;  strLen          1   10[BANK0 ] unsigned char 
  6693 ;; Auto vars:     Size  Location     Type
  6694 ;;  i               1   11[BANK0 ] unsigned char 
  6695 ;; Return value:  Size  Location     Type
  6696 ;;		None               void
  6697 ;; Registers used:
  6698 ;;		wreg, fsr2l, fsr2h, status,2, status,0, cstack
  6699 ;; Tracked objects:
  6700 ;;		On entry : F/0
  6701 ;;		On exit  : F/0
  6702 ;;		Unchanged: FFFFFFF0/0
  6703 ;; Data sizes:     COMRAM   BANK0   BANK1   BANK2   BANK3   BANK4   BANK5   BANK6   BANK7
  6704 ;;      Params:         0       4       0       0       0       0       0       0       0
  6705 ;;      Locals:         0       1       0       0       0       0       0       0       0
  6706 ;;      Temps:          0       0       0       0       0       0       0       0       0
  6707 ;;      Totals:         0       5       0       0       0       0       0       0       0
  6708 ;;Total ram usage:        5 bytes
  6709 ;; Hardware stack levels used:    1
  6710 ;; Hardware stack levels required when called:    7
  6711 ;; This function calls:
  6712 ;;		___lwmod
  6713 ;;		___lwdiv
  6714 ;; This function is called by:
  6715 ;;		_main
  6716 ;; This function uses a non-reentrant model
  6717 ;;
  6718                           
  6719                           	psect	text12
  6720  00227E                     __ptext12:
  6721                           	opt stack 0
  6722  00227E                     _uintToStr:
  6723                           	opt stack 23
  6724                           
  6725                           ; BSR set to: 0
  6726                           ;stdio.c: 287: char i;
  6727                           ;stdio.c: 289: str+=strLen-1;
  6728                           
  6729                           ; BSR set to: 0
  6730  00227E  056A               	decf	uintToStr@strLen& (0+255),w,b
  6731  002280  2769               	addwf	uintToStr@str& (0+255),f,b
  6732                           
  6733                           ; BSR set to: 0
  6734                           ;stdio.c: 290: for(i=0;i<strLen;i++)
  6735  002282  6B6B               	clrf	uintToStr@i& (0+255),b
  6736  002284  D01E               	goto	l7561
  6737  002286                     l7553:
  6738                           
  6739                           ; BSR set to: 0
  6740                           ;stdio.c: 291: {
  6741                           ;stdio.c: 292: *(str--)='0'+(num%10);
  6742  002286  5169               	movf	uintToStr@str& (0+255),w,b
  6743  002288  6ED9               	movwf	fsr2l,c
  6744  00228A  6ADA               	clrf	fsr2h,c
  6745  00228C  C067  F060         	movff	uintToStr@num,?___lwmod
  6746  002290  C068  F061         	movff	uintToStr@num+1,?___lwmod+1
  6747  002294  6B63               	clrf	(?___lwmod+3)& (0+255),b
  6748  002296  0E0A               	movlw	10
  6749  002298  6F62               	movwf	(?___lwmod+2)& (0+255),b
  6750  00229A  ECAD  F011         	call	___lwmod	;wreg free
  6751  00229E  5160               	movf	?___lwmod& (0+255),w,b
  6752  0022A0  0F30               	addlw	48
  6753  0022A2  6EDF               	movwf	indf2,c
  6754                           
  6755                           ; BSR set to: 0
  6756  0022A4  0769               	decf	uintToStr@str& (0+255),f,b
  6757                           
  6758                           ; BSR set to: 0
  6759                           ;stdio.c: 293: num/=10;
  6760  0022A6  C067  F060         	movff	uintToStr@num,?___lwdiv
  6761  0022AA  C068  F061         	movff	uintToStr@num+1,?___lwdiv+1
  6762  0022AE  6B63               	clrf	(?___lwdiv+3)& (0+255),b
  6763  0022B0  0E0A               	movlw	10
  6764  0022B2  6F62               	movwf	(?___lwdiv+2)& (0+255),b
  6765  0022B4  EC66  F011         	call	___lwdiv	;wreg free
  6766  0022B8  C060  F067         	movff	?___lwdiv,uintToStr@num
  6767  0022BC  C061  F068         	movff	?___lwdiv+1,uintToStr@num+1
  6768                           
  6769                           ; BSR set to: 0
  6770  0022C0  2B6B               	incf	uintToStr@i& (0+255),f,b
  6771  0022C2                     l7561:
  6772                           
  6773                           ; BSR set to: 0
  6774  0022C2  516A               	movf	uintToStr@strLen& (0+255),w,b
  6775  0022C4  5D6B               	subwf	uintToStr@i& (0+255),w,b
  6776  0022C6  B0D8               	btfsc	status,0,c
  6777  0022C8  0012               	return	
  6778  0022CA  D7DD               	goto	l7553
  6779  0022CC                     __end_of_uintToStr:
  6780                           	opt stack 0
  6781                           tblptru	equ	0xFF8
  6782                           tblptrh	equ	0xFF7
  6783                           tblptrl	equ	0xFF6
  6784                           tablat	equ	0xFF5
  6785                           prodl	equ	0xFF3
  6786                           intcon	equ	0xFF2
  6787                           intcon2	equ	0xFF1
  6788                           postinc0	equ	0xFEE
  6789                           wreg	equ	0xFE8
  6790                           indf1	equ	0xFE7
  6791                           postinc1	equ	0xFE6
  6792                           postdec1	equ	0xFE5
  6793                           fsr1h	equ	0xFE2
  6794                           fsr1l	equ	0xFE1
  6795                           indf2	equ	0xFDF
  6796                           postinc2	equ	0xFDE
  6797                           postdec2	equ	0xFDD
  6798                           plusw2	equ	0xFDB
  6799                           fsr2h	equ	0xFDA
  6800                           fsr2l	equ	0xFD9
  6801                           status	equ	0xFD8
  6802                           
  6803 ;; *************** function _getConv *****************
  6804 ;; Defined at:
  6805 ;;		line 33 in file "C:\fgr\16gb\0000 interior\deVolt\sw\adc.c"
  6806 ;; Parameters:    Size  Location     Type
  6807 ;;		None
  6808 ;; Auto vars:     Size  Location     Type
  6809 ;;		None
  6810 ;; Return value:  Size  Location     Type
  6811 ;;                  2    0[BANK0 ] int 
  6812 ;; Registers used:
  6813 ;;		None
  6814 ;; Tracked objects:
  6815 ;;		On entry : F/0
  6816 ;;		On exit  : F/0
  6817 ;;		Unchanged: FFFFFFF0/0
  6818 ;; Data sizes:     COMRAM   BANK0   BANK1   BANK2   BANK3   BANK4   BANK5   BANK6   BANK7
  6819 ;;      Params:         0       2       0       0       0       0       0       0       0
  6820 ;;      Locals:         0       0       0       0       0       0       0       0       0
  6821 ;;      Temps:          0       0       0       0       0       0       0       0       0
  6822 ;;      Totals:         0       2       0       0       0       0       0       0       0
  6823 ;;Total ram usage:        2 bytes
  6824 ;; Hardware stack levels used:    1
  6825 ;; Hardware stack levels required when called:    6
  6826 ;; This function calls:
  6827 ;;		Nothing
  6828 ;; This function is called by:
  6829 ;;		_main
  6830 ;; This function uses a non-reentrant model
  6831 ;;
  6832                           
  6833                           	psect	text13
  6834  002580                     __ptext13:
  6835                           	opt stack 0
  6836  002580                     _getConv:
  6837                           	opt stack 24
  6838                           
  6839                           ; BSR set to: 0
  6840                           ;adc.c: 34: adcStruct.inProcessFlg=0;
  6841                           
  6842                           ; BSR set to: 0
  6843  002580  9224               	bcf	_adcStruct,1,c
  6844                           
  6845                           ;adc.c: 35: adcStruct.completeFlg=0;
  6846  002582  9024               	bcf	_adcStruct,0,c
  6847                           
  6848                           ;adc.c: 36: return ADRES;
  6849  002584  CFC3 F060          	movff	4035,?_getConv	;volatile
  6850  002588  CFC4 F061          	movff	4036,?_getConv+1	;volatile
  6851                           
  6852                           ; BSR set to: 0
  6853  00258C  0012               	return	
  6854  00258E                     __end_of_getConv:
  6855                           	opt stack 0
  6856                           tblptru	equ	0xFF8
  6857                           tblptrh	equ	0xFF7
  6858                           tblptrl	equ	0xFF6
  6859                           tablat	equ	0xFF5
  6860                           prodl	equ	0xFF3
  6861                           intcon	equ	0xFF2
  6862                           intcon2	equ	0xFF1
  6863                           postinc0	equ	0xFEE
  6864                           wreg	equ	0xFE8
  6865                           indf1	equ	0xFE7
  6866                           postinc1	equ	0xFE6
  6867                           postdec1	equ	0xFE5
  6868                           fsr1h	equ	0xFE2
  6869                           fsr1l	equ	0xFE1
  6870                           indf2	equ	0xFDF
  6871                           postinc2	equ	0xFDE
  6872                           postdec2	equ	0xFDD
  6873                           plusw2	equ	0xFDB
  6874                           fsr2h	equ	0xFDA
  6875                           fsr2l	equ	0xFD9
  6876                           status	equ	0xFD8
  6877                           
  6878 ;; *************** function _adcSetup *****************
  6879 ;; Defined at:
  6880 ;;		line 48 in file "C:\fgr\16gb\0000 interior\deVolt\sw\adc.c"
  6881 ;; Parameters:    Size  Location     Type
  6882 ;;		None
  6883 ;; Auto vars:     Size  Location     Type
  6884 ;;		None
  6885 ;; Return value:  Size  Location     Type
  6886 ;;		None               void
  6887 ;; Registers used:
  6888 ;;		wreg, status,2
  6889 ;; Tracked objects:
  6890 ;;		On entry : 0/0
  6891 ;;		On exit  : 0/0
  6892 ;;		Unchanged: FFFFFFFF/0
  6893 ;; Data sizes:     COMRAM   BANK0   BANK1   BANK2   BANK3   BANK4   BANK5   BANK6   BANK7
  6894 ;;      Params:         0       0       0       0       0       0       0       0       0
  6895 ;;      Locals:         0       0       0       0       0       0       0       0       0
  6896 ;;      Temps:          0       0       0       0       0       0       0       0       0
  6897 ;;      Totals:         0       0       0       0       0       0       0       0       0
  6898 ;;Total ram usage:        0 bytes
  6899 ;; Hardware stack levels used:    1
  6900 ;; Hardware stack levels required when called:    6
  6901 ;; This function calls:
  6902 ;;		Nothing
  6903 ;; This function is called by:
  6904 ;;		_systemInit
  6905 ;; This function uses a non-reentrant model
  6906 ;;
  6907                           
  6908                           	psect	text14
  6909  002546                     __ptext14:
  6910                           	opt stack 0
  6911  002546                     _adcSetup:
  6912                           	opt stack 23
  6913                           
  6914                           ;adc.c: 49: ADCON1bits.PCFG=0x0F;
  6915                           
  6916                           ; BSR set to: 0
  6917  002546  0E0F               	movlw	15
  6918  002548  12C1               	iorwf	4033,f,c	;volatile
  6919                           
  6920                           ;adc.c: 50: ADCON2bits.ADCS=0x06;
  6921  00254A  50C0               	movf	4032,w,c	;volatile
  6922  00254C  0BF8               	andlw	-8
  6923  00254E  0906               	iorlw	6
  6924  002550  6EC0               	movwf	4032,c	;volatile
  6925                           
  6926                           ;adc.c: 51: ADCON2bits.ACQT=0x00;
  6927  002552  0EC7               	movlw	-57
  6928  002554  16C0               	andwf	4032,f,c	;volatile
  6929                           
  6930                           ;adc.c: 52: ADFM=1;
  6931  002556  8EC0               	bsf	4032,7,c	;volatile
  6932                           
  6933                           ;adc.c: 53: ADCON0bits.ADON=1;
  6934  002558  80C2               	bsf	4034,0,c	;volatile
  6935                           
  6936                           ;adc.c: 54: PIR1bits.ADIF=0;
  6937  00255A  9C9E               	bcf	3998,6,c	;volatile
  6938                           
  6939                           ;adc.c: 55: PIE1bits.ADIE=1;
  6940  00255C  8C9D               	bsf	3997,6,c	;volatile
  6941  00255E  0CC7               	retlw	199
  6942  002560                     __end_of_adcSetup:
  6943                           	opt stack 0
  6944                           tblptru	equ	0xFF8
  6945                           tblptrh	equ	0xFF7
  6946                           tblptrl	equ	0xFF6
  6947                           tablat	equ	0xFF5
  6948                           prodl	equ	0xFF3
  6949                           intcon	equ	0xFF2
  6950                           intcon2	equ	0xFF1
  6951                           postinc0	equ	0xFEE
  6952                           wreg	equ	0xFE8
  6953                           indf1	equ	0xFE7
  6954                           postinc1	equ	0xFE6
  6955                           postdec1	equ	0xFE5
  6956                           fsr1h	equ	0xFE2
  6957                           fsr1l	equ	0xFE1
  6958                           indf2	equ	0xFDF
  6959                           postinc2	equ	0xFDE
  6960                           postdec2	equ	0xFDD
  6961                           plusw2	equ	0xFDB
  6962                           fsr2h	equ	0xFDA
  6963                           fsr2l	equ	0xFD9
  6964                           status	equ	0xFD8
  6965                           
  6966 ;; *************** function ___awtoft *****************
  6967 ;; Defined at:
  6968 ;;		line 33 in file "C:\Program Files (x86)\HI-TECH Software\PICC-18\9.80\sources\awtoft.c"
  6969 ;; Parameters:    Size  Location     Type
  6970 ;;  c               2    8[BANK0 ] int 
  6971 ;; Auto vars:     Size  Location     Type
  6972 ;;  sign            1   11[BANK0 ] unsigned char 
  6973 ;; Return value:  Size  Location     Type
  6974 ;;                  3    8[BANK0 ] float 
  6975 ;; Registers used:
  6976 ;;		wreg, status,2, status,0, cstack
  6977 ;; Tracked objects:
  6978 ;;		On entry : 0/0
  6979 ;;		On exit  : F/0
  6980 ;;		Unchanged: FFFFFFF0/0
  6981 ;; Data sizes:     COMRAM   BANK0   BANK1   BANK2   BANK3   BANK4   BANK5   BANK6   BANK7
  6982 ;;      Params:         0       3       0       0       0       0       0       0       0
  6983 ;;      Locals:         0       1       0       0       0       0       0       0       0
  6984 ;;      Temps:          0       0       0       0       0       0       0       0       0
  6985 ;;      Totals:         0       4       0       0       0       0       0       0       0
  6986 ;;Total ram usage:        4 bytes
  6987 ;; Hardware stack levels used:    1
  6988 ;; Hardware stack levels required when called:    7
  6989 ;; This function calls:
  6990 ;;		___ftpack
  6991 ;; This function is called by:
  6992 ;;		_incVar
  6993 ;;		_decVar
  6994 ;;		_main
  6995 ;; This function uses a non-reentrant model
  6996 ;;
  6997                           
  6998                           	psect	text15
  6999  00244C                     __ptext15:
  7000                           	opt stack 0
  7001  00244C                     ___awtoft:
  7002                           	opt stack 22
  7003  00244C  0100               	movlb	0	; () banked
  7004  00244E  6B6B               	clrf	___awtoft@sign& (0+255),b
  7005  002450  AF69               	btfss	(___awtoft@c+1)& (0+255),7,b
  7006  002452  D006               	goto	l7611
  7007                           
  7008                           ; BSR set to: 0
  7009  002454  6D68               	negf	___awtoft@c& (0+255),b
  7010  002456  1F69               	comf	(___awtoft@c+1)& (0+255),f,b
  7011  002458  B0D8               	btfsc	status,0,c
  7012  00245A  2B69               	incf	(___awtoft@c+1)& (0+255),f,b
  7013                           
  7014                           ; BSR set to: 0
  7015  00245C  0E01               	movlw	1
  7016  00245E  6F6B               	movwf	___awtoft@sign& (0+255),b
  7017  002460                     l7611:
  7018                           
  7019                           ; BSR set to: 0
  7020  002460  C068  F060         	movff	___awtoft@c,?___ftpack
  7021  002464  C069  F061         	movff	___awtoft@c+1,?___ftpack+1
  7022  002468  6B62               	clrf	(?___ftpack+2)& (0+255),b
  7023  00246A  0E8E               	movlw	142
  7024  00246C  6F63               	movwf	(?___ftpack+3)& (0+255),b
  7025  00246E  C06B  F064         	movff	___awtoft@sign,?___ftpack+4
  7026  002472  EC8C  F00F         	call	___ftpack	;wreg free
  7027  002476  C060  F068         	movff	?___ftpack,?___awtoft
  7028  00247A  C061  F069         	movff	?___ftpack+1,?___awtoft+1
  7029  00247E  C062  F06A         	movff	?___ftpack+2,?___awtoft+2
  7030                           
  7031                           ; BSR set to: 0
  7032  002482  0012               	return	
  7033  002484                     __end_of___awtoft:
  7034                           	opt stack 0
  7035                           tblptru	equ	0xFF8
  7036                           tblptrh	equ	0xFF7
  7037                           tblptrl	equ	0xFF6
  7038                           tablat	equ	0xFF5
  7039                           prodl	equ	0xFF3
  7040                           intcon	equ	0xFF2
  7041                           intcon2	equ	0xFF1
  7042                           postinc0	equ	0xFEE
  7043                           wreg	equ	0xFE8
  7044                           indf1	equ	0xFE7
  7045                           postinc1	equ	0xFE6
  7046                           postdec1	equ	0xFE5
  7047                           fsr1h	equ	0xFE2
  7048                           fsr1l	equ	0xFE1
  7049                           indf2	equ	0xFDF
  7050                           postinc2	equ	0xFDE
  7051                           postdec2	equ	0xFDD
  7052                           plusw2	equ	0xFDB
  7053                           fsr2h	equ	0xFDA
  7054                           fsr2l	equ	0xFD9
  7055                           status	equ	0xFD8
  7056                           
  7057 ;; *************** function ___ftsub *****************
  7058 ;; Defined at:
  7059 ;;		line 22 in file "C:\Program Files (x86)\HI-TECH Software\PICC-18\9.80\sources\ftsub.c"
  7060 ;; Parameters:    Size  Location     Type
  7061 ;;  f1              3   43[BANK0 ] float 
  7062 ;;  f2              3   46[BANK0 ] float 
  7063 ;; Auto vars:     Size  Location     Type
  7064 ;;		None
  7065 ;; Return value:  Size  Location     Type
  7066 ;;                  3   43[BANK0 ] float 
  7067 ;; Registers used:
  7068 ;;		wreg, status,2, status,0, cstack
  7069 ;; Tracked objects:
  7070 ;;		On entry : F/0
  7071 ;;		On exit  : F/0
  7072 ;;		Unchanged: FFFFFFF0/0
  7073 ;; Data sizes:     COMRAM   BANK0   BANK1   BANK2   BANK3   BANK4   BANK5   BANK6   BANK7
  7074 ;;      Params:         0       6       0       0       0       0       0       0       0
  7075 ;;      Locals:         0       0       0       0       0       0       0       0       0
  7076 ;;      Temps:          0       0       0       0       0       0       0       0       0
  7077 ;;      Totals:         0       6       0       0       0       0       0       0       0
  7078 ;;Total ram usage:        6 bytes
  7079 ;; Hardware stack levels used:    1
  7080 ;; Hardware stack levels required when called:    8
  7081 ;; This function calls:
  7082 ;;		___ftadd
  7083 ;; This function is called by:
  7084 ;;		_iir
  7085 ;; This function uses a non-reentrant model
  7086 ;;
  7087                           
  7088                           	psect	text16
  7089  002484                     __ptext16:
  7090                           	opt stack 0
  7091  002484                     ___ftsub:
  7092                           	opt stack 21
  7093                           
  7094                           ; BSR set to: 0
  7095                           
  7096                           ; BSR set to: 0
  7097  002484  0E80               	movlw	128
  7098  002486  1B90               	xorwf	(___ftsub@f2+2)& (0+255),f,b
  7099                           
  7100                           ; BSR set to: 0
  7101  002488  C08B  F07D         	movff	___ftsub@f1,?___ftadd
  7102  00248C  C08C  F07E         	movff	___ftsub@f1+1,?___ftadd+1
  7103  002490  C08D  F07F         	movff	___ftsub@f1+2,?___ftadd+2
  7104  002494  C08E  F080         	movff	___ftsub@f2,?___ftadd+3
  7105  002498  C08F  F081         	movff	___ftsub@f2+1,?___ftadd+4
  7106  00249C  C090  F082         	movff	___ftsub@f2+2,?___ftadd+5
  7107  0024A0  EC6A  F00B         	call	___ftadd	;wreg free
  7108  0024A4  C07D  F08B         	movff	?___ftadd,?___ftsub
  7109  0024A8  C07E  F08C         	movff	?___ftadd+1,?___ftsub+1
  7110  0024AC  C07F  F08D         	movff	?___ftadd+2,?___ftsub+2
  7111                           
  7112                           ; BSR set to: 0
  7113  0024B0  0012               	return	
  7114  0024B2                     __end_of___ftsub:
  7115                           	opt stack 0
  7116                           tblptru	equ	0xFF8
  7117                           tblptrh	equ	0xFF7
  7118                           tblptrl	equ	0xFF6
  7119                           tablat	equ	0xFF5
  7120                           prodl	equ	0xFF3
  7121                           intcon	equ	0xFF2
  7122                           intcon2	equ	0xFF1
  7123                           postinc0	equ	0xFEE
  7124                           wreg	equ	0xFE8
  7125                           indf1	equ	0xFE7
  7126                           postinc1	equ	0xFE6
  7127                           postdec1	equ	0xFE5
  7128                           fsr1h	equ	0xFE2
  7129                           fsr1l	equ	0xFE1
  7130                           indf2	equ	0xFDF
  7131                           postinc2	equ	0xFDE
  7132                           postdec2	equ	0xFDD
  7133                           plusw2	equ	0xFDB
  7134                           fsr2h	equ	0xFDA
  7135                           fsr2l	equ	0xFD9
  7136                           status	equ	0xFD8
  7137                           
  7138 ;; *************** function ___fttol *****************
  7139 ;; Defined at:
  7140 ;;		line 45 in file "C:\Program Files (x86)\HI-TECH Software\PICC-18\9.80\sources\fttol.c"
  7141 ;; Parameters:    Size  Location     Type
  7142 ;;  f1              3    0[BANK0 ] float 
  7143 ;; Auto vars:     Size  Location     Type
  7144 ;;  lval            4   10[BANK0 ] unsigned long 
  7145 ;;  exp1            1   14[BANK0 ] unsigned char 
  7146 ;;  sign1           1    9[BANK0 ] unsigned char 
  7147 ;; Return value:  Size  Location     Type
  7148 ;;                  4    0[BANK0 ] long 
  7149 ;; Registers used:
  7150 ;;		wreg, status,2, status,0
  7151 ;; Tracked objects:
  7152 ;;		On entry : F/0
  7153 ;;		On exit  : F/0
  7154 ;;		Unchanged: FFFFFFF0/0
  7155 ;; Data sizes:     COMRAM   BANK0   BANK1   BANK2   BANK3   BANK4   BANK5   BANK6   BANK7
  7156 ;;      Params:         0       4       0       0       0       0       0       0       0
  7157 ;;      Locals:         0       6       0       0       0       0       0       0       0
  7158 ;;      Temps:          0       5       0       0       0       0       0       0       0
  7159 ;;      Totals:         0      15       0       0       0       0       0       0       0
  7160 ;;Total ram usage:       15 bytes
  7161 ;; Hardware stack levels used:    1
  7162 ;; Hardware stack levels required when called:    6
  7163 ;; This function calls:
  7164 ;;		Nothing
  7165 ;; This function is called by:
  7166 ;;		_main
  7167 ;; This function uses a non-reentrant model
  7168 ;;
  7169                           
  7170                           	psect	text17
  7171  001B48                     __ptext17:
  7172                           	opt stack 0
  7173  001B48                     ___fttol:
  7174                           	opt stack 24
  7175                           
  7176                           ; BSR set to: 0
  7177                           
  7178                           ; BSR set to: 0
  7179  001B48  0E0F               	movlw	15
  7180  001B4A  D844               	call	PL15	;call to abstracted procedure
  7181  001B4C  6F6E               	movwf	___fttol@exp1& (0+255),b
  7182  001B4E  0100               	movlb	0	; () banked
  7183  001B50  676E               	tstfsz	___fttol@exp1& (0+255),b
  7184  001B52  D005               	goto	l7769
  7185  001B54                     l7767:
  7186                           
  7187                           ; BSR set to: 0
  7188  001B54  6B60               	clrf	?___fttol& (0+255),b
  7189  001B56  6B61               	clrf	(?___fttol+1)& (0+255),b
  7190  001B58  6B62               	clrf	(?___fttol+2)& (0+255),b
  7191  001B5A  6B63               	clrf	(?___fttol+3)& (0+255),b
  7192  001B5C  0012               	return	
  7193  001B5E                     l7769:
  7194                           
  7195                           ; BSR set to: 0
  7196  001B5E  0E17               	movlw	23
  7197  001B60  D839               	call	PL15	;call to abstracted procedure
  7198  001B62  6F69               	movwf	___fttol@sign1& (0+255),b
  7199                           
  7200                           ; BSR set to: 0
  7201  001B64  8F61               	bsf	(___fttol@f1+1)& (0+255),7,b
  7202                           
  7203                           ; BSR set to: 0
  7204  001B66  6B62               	clrf	(___fttol@f1+2)& (0+255),b
  7205                           
  7206                           ; BSR set to: 0
  7207  001B68  5160               	movf	___fttol@f1& (0+255),w,b
  7208  001B6A  6F6A               	movwf	___fttol@lval& (0+255),b
  7209  001B6C  5161               	movf	(___fttol@f1+1)& (0+255),w,b
  7210  001B6E  6F6B               	movwf	(___fttol@lval+1)& (0+255),b
  7211  001B70  5162               	movf	(___fttol@f1+2)& (0+255),w,b
  7212  001B72  6F6C               	movwf	(___fttol@lval+2)& (0+255),b
  7213  001B74  6B6D               	clrf	(___fttol@lval+3)& (0+255),b
  7214                           
  7215                           ; BSR set to: 0
  7216  001B76  0E8E               	movlw	142
  7217  001B78  5F6E               	subwf	___fttol@exp1& (0+255),f,b
  7218                           
  7219                           ; BSR set to: 0
  7220  001B7A  AF6E               	btfss	___fttol@exp1& (0+255),7,b
  7221  001B7C  D00C               	goto	l7789
  7222                           
  7223                           ; BSR set to: 0
  7224  001B7E  516E               	movf	___fttol@exp1& (0+255),w,b
  7225  001B80  0A80               	xorlw	128
  7226  001B82  0F8F               	addlw	143
  7227  001B84  E3E7               	bnc	l7767
  7228  001B86                     l7785:
  7229                           
  7230                           ; BSR set to: 0
  7231  001B86  90D8               	bcf	status,0,c
  7232  001B88  336D               	rrcf	(___fttol@lval+3)& (0+255),f,b
  7233  001B8A  336C               	rrcf	(___fttol@lval+2)& (0+255),f,b
  7234  001B8C  336B               	rrcf	(___fttol@lval+1)& (0+255),f,b
  7235  001B8E  336A               	rrcf	___fttol@lval& (0+255),f,b
  7236                           
  7237                           ; BSR set to: 0
  7238  001B90  3F6E               	incfsz	___fttol@exp1& (0+255),f,b
  7239  001B92  D7F9               	goto	l7785
  7240  001B94  D00C               	goto	l7797
  7241  001B96                     l7789:
  7242                           
  7243                           ; BSR set to: 0
  7244  001B96  0E17               	movlw	23
  7245  001B98  656E               	cpfsgt	___fttol@exp1& (0+255),b
  7246  001B9A  D007               	goto	l7795
  7247  001B9C  D7DB               	goto	l7767
  7248  001B9E                     l7793:
  7249                           
  7250                           ; BSR set to: 0
  7251  001B9E  90D8               	bcf	status,0,c
  7252  001BA0  376A               	rlcf	___fttol@lval& (0+255),f,b
  7253  001BA2  376B               	rlcf	(___fttol@lval+1)& (0+255),f,b
  7254  001BA4  376C               	rlcf	(___fttol@lval+2)& (0+255),f,b
  7255  001BA6  376D               	rlcf	(___fttol@lval+3)& (0+255),f,b
  7256  001BA8  076E               	decf	___fttol@exp1& (0+255),f,b
  7257  001BAA                     l7795:
  7258                           
  7259                           ; BSR set to: 0
  7260  001BAA  676E               	tstfsz	___fttol@exp1& (0+255),b
  7261  001BAC  D7F8               	goto	l7793
  7262  001BAE                     l7797:
  7263                           
  7264                           ; BSR set to: 0
  7265  001BAE  5169               	movf	___fttol@sign1& (0+255),w,b
  7266  001BB0  E008               	bz	l7801
  7267                           
  7268                           ; BSR set to: 0
  7269  001BB2  1F6D               	comf	(___fttol@lval+3)& (0+255),f,b
  7270  001BB4  1F6C               	comf	(___fttol@lval+2)& (0+255),f,b
  7271  001BB6  1F6B               	comf	(___fttol@lval+1)& (0+255),f,b
  7272  001BB8  6D6A               	negf	___fttol@lval& (0+255),b
  7273  001BBA  0E00               	movlw	0
  7274  001BBC  236B               	addwfc	(___fttol@lval+1)& (0+255),f,b
  7275  001BBE  236C               	addwfc	(___fttol@lval+2)& (0+255),f,b
  7276  001BC0  236D               	addwfc	(___fttol@lval+3)& (0+255),f,b
  7277  001BC2                     l7801:
  7278                           
  7279                           ; BSR set to: 0
  7280  001BC2  C06A  F060         	movff	___fttol@lval,?___fttol
  7281  001BC6  C06B  F061         	movff	___fttol@lval+1,?___fttol+1
  7282  001BCA  C06C  F062         	movff	___fttol@lval+2,?___fttol+2
  7283  001BCE  C06D  F063         	movff	___fttol@lval+3,?___fttol+3
  7284                           
  7285                           ; BSR set to: 0
  7286  001BD2  0012               	return	
  7287  001BD4                     __end_of___fttol:
  7288                           	opt stack 0
  7289  001BD4                     PL15:
  7290  001BD4  6F64               	movwf	??___fttol& (0+255),b
  7291  001BD6  C060  F065         	movff	___fttol@f1,??___fttol+1
  7292  001BDA  C061  F066         	movff	___fttol@f1+1,??___fttol+2
  7293  001BDE  C062  F067         	movff	___fttol@f1+2,??___fttol+3
  7294  001BE2  2964               	incf	??___fttol& (0+255),w,b
  7295  001BE4  6F68               	movwf	(??___fttol+4)& (0+255),b
  7296  001BE6  D004               	goto	u10760
  7297  001BE8                     u10765:
  7298  001BE8  90D8               	bcf	status,0,c
  7299  001BEA  3367               	rrcf	(??___fttol+3)& (0+255),f,b
  7300  001BEC  3366               	rrcf	(??___fttol+2)& (0+255),f,b
  7301  001BEE  3365               	rrcf	(??___fttol+1)& (0+255),f,b
  7302  001BF0                     u10760:
  7303  001BF0  2F68               	decfsz	(??___fttol+4)& (0+255),f,b
  7304  001BF2  D7FA               	goto	u10765
  7305  001BF4  5165               	movf	(??___fttol+1)& (0+255),w,b
  7306  001BF6  0012               	return	
  7307                           tblptru	equ	0xFF8
  7308                           tblptrh	equ	0xFF7
  7309                           tblptrl	equ	0xFF6
  7310                           tablat	equ	0xFF5
  7311                           prodl	equ	0xFF3
  7312                           intcon	equ	0xFF2
  7313                           intcon2	equ	0xFF1
  7314                           postinc0	equ	0xFEE
  7315                           wreg	equ	0xFE8
  7316                           indf1	equ	0xFE7
  7317                           postinc1	equ	0xFE6
  7318                           postdec1	equ	0xFE5
  7319                           fsr1h	equ	0xFE2
  7320                           fsr1l	equ	0xFE1
  7321                           indf2	equ	0xFDF
  7322                           postinc2	equ	0xFDE
  7323                           postdec2	equ	0xFDD
  7324                           plusw2	equ	0xFDB
  7325                           fsr2h	equ	0xFDA
  7326                           fsr2l	equ	0xFD9
  7327                           status	equ	0xFD8
  7328                           
  7329 ;; *************** function ___lwdiv *****************
  7330 ;; Defined at:
  7331 ;;		line 10 in file "C:\Program Files (x86)\HI-TECH Software\PICC-18\9.80\sources\lwdiv.c"
  7332 ;; Parameters:    Size  Location     Type
  7333 ;;  dividend        2    0[BANK0 ] unsigned int 
  7334 ;;  divisor         2    2[BANK0 ] unsigned int 
  7335 ;; Auto vars:     Size  Location     Type
  7336 ;;  quotient        2    5[BANK0 ] unsigned int 
  7337 ;;  counter         1    4[BANK0 ] unsigned char 
  7338 ;; Return value:  Size  Location     Type
  7339 ;;                  2    0[BANK0 ] unsigned int 
  7340 ;; Registers used:
  7341 ;;		wreg, status,2, status,0
  7342 ;; Tracked objects:
  7343 ;;		On entry : F/0
  7344 ;;		On exit  : F/0
  7345 ;;		Unchanged: FFFFFFF0/0
  7346 ;; Data sizes:     COMRAM   BANK0   BANK1   BANK2   BANK3   BANK4   BANK5   BANK6   BANK7
  7347 ;;      Params:         0       4       0       0       0       0       0       0       0
  7348 ;;      Locals:         0       3       0       0       0       0       0       0       0
  7349 ;;      Temps:          0       0       0       0       0       0       0       0       0
  7350 ;;      Totals:         0       7       0       0       0       0       0       0       0
  7351 ;;Total ram usage:        7 bytes
  7352 ;; Hardware stack levels used:    1
  7353 ;; Hardware stack levels required when called:    6
  7354 ;; This function calls:
  7355 ;;		Nothing
  7356 ;; This function is called by:
  7357 ;;		_uintToStr
  7358 ;; This function uses a non-reentrant model
  7359 ;;
  7360                           
  7361                           	psect	text18
  7362  0022CC                     __ptext18:
  7363                           	opt stack 0
  7364  0022CC                     ___lwdiv:
  7365                           	opt stack 23
  7366                           
  7367                           ; BSR set to: 0
  7368                           
  7369                           ; BSR set to: 0
  7370  0022CC  6B65               	clrf	___lwdiv@quotient& (0+255),b
  7371  0022CE  6B66               	clrf	(___lwdiv@quotient+1)& (0+255),b
  7372                           
  7373                           ; BSR set to: 0
  7374  0022D0  5163               	movf	(___lwdiv@divisor+1)& (0+255),w,b
  7375  0022D2  1162               	iorwf	___lwdiv@divisor& (0+255),w,b
  7376  0022D4  E01B               	bz	l1355
  7377                           
  7378                           ; BSR set to: 0
  7379  0022D6  0E01               	movlw	1
  7380  0022D8  6F64               	movwf	___lwdiv@counter& (0+255),b
  7381  0022DA  D004               	goto	l7813
  7382  0022DC                     l7811:
  7383                           
  7384                           ; BSR set to: 0
  7385  0022DC  90D8               	bcf	status,0,c
  7386  0022DE  3762               	rlcf	___lwdiv@divisor& (0+255),f,b
  7387  0022E0  3763               	rlcf	(___lwdiv@divisor+1)& (0+255),f,b
  7388  0022E2  2B64               	incf	___lwdiv@counter& (0+255),f,b
  7389  0022E4                     l7813:
  7390                           
  7391                           ; BSR set to: 0
  7392  0022E4  AF63               	btfss	(___lwdiv@divisor+1)& (0+255),7,b
  7393  0022E6  D7FA               	goto	l7811
  7394  0022E8                     l7815:
  7395                           
  7396                           ; BSR set to: 0
  7397  0022E8  90D8               	bcf	status,0,c
  7398  0022EA  3765               	rlcf	___lwdiv@quotient& (0+255),f,b
  7399  0022EC  3766               	rlcf	(___lwdiv@quotient+1)& (0+255),f,b
  7400                           
  7401                           ; BSR set to: 0
  7402  0022EE  5162               	movf	___lwdiv@divisor& (0+255),w,b
  7403  0022F0  5D60               	subwf	___lwdiv@dividend& (0+255),w,b
  7404  0022F2  5163               	movf	(___lwdiv@divisor+1)& (0+255),w,b
  7405  0022F4  5961               	subwfb	(___lwdiv@dividend+1)& (0+255),w,b
  7406  0022F6  E305               	bnc	l7823
  7407                           
  7408                           ; BSR set to: 0
  7409  0022F8  5162               	movf	___lwdiv@divisor& (0+255),w,b
  7410  0022FA  5F60               	subwf	___lwdiv@dividend& (0+255),f,b
  7411  0022FC  5163               	movf	(___lwdiv@divisor+1)& (0+255),w,b
  7412  0022FE  5B61               	subwfb	(___lwdiv@dividend+1)& (0+255),f,b
  7413                           
  7414                           ; BSR set to: 0
  7415  002300  8165               	bsf	___lwdiv@quotient& (0+255),0,b
  7416  002302                     l7823:
  7417                           
  7418                           ; BSR set to: 0
  7419  002302  90D8               	bcf	status,0,c
  7420  002304  3363               	rrcf	(___lwdiv@divisor+1)& (0+255),f,b
  7421  002306  3362               	rrcf	___lwdiv@divisor& (0+255),f,b
  7422                           
  7423                           ; BSR set to: 0
  7424  002308  2F64               	decfsz	___lwdiv@counter& (0+255),f,b
  7425  00230A  D7EE               	goto	l7815
  7426  00230C                     l1355:
  7427                           
  7428                           ; BSR set to: 0
  7429  00230C  C065  F060         	movff	___lwdiv@quotient,?___lwdiv
  7430  002310  C066  F061         	movff	___lwdiv@quotient+1,?___lwdiv+1
  7431                           
  7432                           ; BSR set to: 0
  7433  002314  0012               	return	
  7434  002316                     __end_of___lwdiv:
  7435                           	opt stack 0
  7436                           tblptru	equ	0xFF8
  7437                           tblptrh	equ	0xFF7
  7438                           tblptrl	equ	0xFF6
  7439                           tablat	equ	0xFF5
  7440                           prodl	equ	0xFF3
  7441                           intcon	equ	0xFF2
  7442                           intcon2	equ	0xFF1
  7443                           postinc0	equ	0xFEE
  7444                           wreg	equ	0xFE8
  7445                           indf1	equ	0xFE7
  7446                           postinc1	equ	0xFE6
  7447                           postdec1	equ	0xFE5
  7448                           fsr1h	equ	0xFE2
  7449                           fsr1l	equ	0xFE1
  7450                           indf2	equ	0xFDF
  7451                           postinc2	equ	0xFDE
  7452                           postdec2	equ	0xFDD
  7453                           plusw2	equ	0xFDB
  7454                           fsr2h	equ	0xFDA
  7455                           fsr2l	equ	0xFD9
  7456                           status	equ	0xFD8
  7457                           
  7458 ;; *************** function ___lwmod *****************
  7459 ;; Defined at:
  7460 ;;		line 10 in file "C:\Program Files (x86)\HI-TECH Software\PICC-18\9.80\sources\lwmod.c"
  7461 ;; Parameters:    Size  Location     Type
  7462 ;;  dividend        2    0[BANK0 ] unsigned int 
  7463 ;;  divisor         2    2[BANK0 ] unsigned int 
  7464 ;; Auto vars:     Size  Location     Type
  7465 ;;  counter         1    4[BANK0 ] unsigned char 
  7466 ;; Return value:  Size  Location     Type
  7467 ;;                  2    0[BANK0 ] unsigned int 
  7468 ;; Registers used:
  7469 ;;		wreg, status,2, status,0
  7470 ;; Tracked objects:
  7471 ;;		On entry : F/0
  7472 ;;		On exit  : F/0
  7473 ;;		Unchanged: FFFFFFF0/0
  7474 ;; Data sizes:     COMRAM   BANK0   BANK1   BANK2   BANK3   BANK4   BANK5   BANK6   BANK7
  7475 ;;      Params:         0       4       0       0       0       0       0       0       0
  7476 ;;      Locals:         0       1       0       0       0       0       0       0       0
  7477 ;;      Temps:          0       0       0       0       0       0       0       0       0
  7478 ;;      Totals:         0       5       0       0       0       0       0       0       0
  7479 ;;Total ram usage:        5 bytes
  7480 ;; Hardware stack levels used:    1
  7481 ;; Hardware stack levels required when called:    6
  7482 ;; This function calls:
  7483 ;;		Nothing
  7484 ;; This function is called by:
  7485 ;;		_uintToStr
  7486 ;; This function uses a non-reentrant model
  7487 ;;
  7488                           
  7489                           	psect	text19
  7490  00235A                     __ptext19:
  7491                           	opt stack 0
  7492  00235A                     ___lwmod:
  7493                           	opt stack 23
  7494                           
  7495                           ; BSR set to: 0
  7496                           
  7497                           ; BSR set to: 0
  7498  00235A  5163               	movf	(___lwmod@divisor+1)& (0+255),w,b
  7499  00235C  1162               	iorwf	___lwmod@divisor& (0+255),w,b
  7500  00235E  E017               	bz	l1365
  7501                           
  7502                           ; BSR set to: 0
  7503  002360  0E01               	movlw	1
  7504  002362  6F64               	movwf	___lwmod@counter& (0+255),b
  7505  002364  D004               	goto	l7833
  7506  002366                     l7831:
  7507                           
  7508                           ; BSR set to: 0
  7509  002366  90D8               	bcf	status,0,c
  7510  002368  3762               	rlcf	___lwmod@divisor& (0+255),f,b
  7511  00236A  3763               	rlcf	(___lwmod@divisor+1)& (0+255),f,b
  7512  00236C  2B64               	incf	___lwmod@counter& (0+255),f,b
  7513  00236E                     l7833:
  7514                           
  7515                           ; BSR set to: 0
  7516  00236E  AF63               	btfss	(___lwmod@divisor+1)& (0+255),7,b
  7517  002370  D7FA               	goto	l7831
  7518  002372                     l7835:
  7519                           
  7520                           ; BSR set to: 0
  7521  002372  5162               	movf	___lwmod@divisor& (0+255),w,b
  7522  002374  5D60               	subwf	___lwmod@dividend& (0+255),w,b
  7523  002376  5163               	movf	(___lwmod@divisor+1)& (0+255),w,b
  7524  002378  5961               	subwfb	(___lwmod@dividend+1)& (0+255),w,b
  7525  00237A  E304               	bnc	l7839
  7526                           
  7527                           ; BSR set to: 0
  7528  00237C  5162               	movf	___lwmod@divisor& (0+255),w,b
  7529  00237E  5F60               	subwf	___lwmod@dividend& (0+255),f,b
  7530  002380  5163               	movf	(___lwmod@divisor+1)& (0+255),w,b
  7531  002382  5B61               	subwfb	(___lwmod@dividend+1)& (0+255),f,b
  7532  002384                     l7839:
  7533                           
  7534                           ; BSR set to: 0
  7535  002384  90D8               	bcf	status,0,c
  7536  002386  3363               	rrcf	(___lwmod@divisor+1)& (0+255),f,b
  7537  002388  3362               	rrcf	___lwmod@divisor& (0+255),f,b
  7538                           
  7539                           ; BSR set to: 0
  7540  00238A  2F64               	decfsz	___lwmod@counter& (0+255),f,b
  7541  00238C  D7F2               	goto	l7835
  7542  00238E                     l1365:
  7543                           
  7544                           ; BSR set to: 0
  7545  00238E  C060  F060         	movff	___lwmod@dividend,?___lwmod
  7546  002392  C061  F061         	movff	___lwmod@dividend+1,?___lwmod+1
  7547                           
  7548                           ; BSR set to: 0
  7549  002396  0012               	return	
  7550  002398                     __end_of___lwmod:
  7551                           	opt stack 0
  7552                           tblptru	equ	0xFF8
  7553                           tblptrh	equ	0xFF7
  7554                           tblptrl	equ	0xFF6
  7555                           tablat	equ	0xFF5
  7556                           prodl	equ	0xFF3
  7557                           intcon	equ	0xFF2
  7558                           intcon2	equ	0xFF1
  7559                           postinc0	equ	0xFEE
  7560                           wreg	equ	0xFE8
  7561                           indf1	equ	0xFE7
  7562                           postinc1	equ	0xFE6
  7563                           postdec1	equ	0xFE5
  7564                           fsr1h	equ	0xFE2
  7565                           fsr1l	equ	0xFE1
  7566                           indf2	equ	0xFDF
  7567                           postinc2	equ	0xFDE
  7568                           postdec2	equ	0xFDD
  7569                           plusw2	equ	0xFDB
  7570                           fsr2h	equ	0xFDA
  7571                           fsr2l	equ	0xFD9
  7572                           status	equ	0xFD8
  7573                           
  7574 ;; *************** function ___asftadd *****************
  7575 ;; Defined at:
  7576 ;;		line 5 in file "C:\Program Files (x86)\HI-TECH Software\PICC-18\9.80\sources\asftadd.c"
  7577 ;; Parameters:    Size  Location     Type
  7578 ;;  f1p             2   49[BANK0 ] PTR float 
  7579 ;;		 -> y(9), 
  7580 ;;  f2              3   51[BANK0 ] float 
  7581 ;; Auto vars:     Size  Location     Type
  7582 ;;		None
  7583 ;; Return value:  Size  Location     Type
  7584 ;;                  3   49[BANK0 ] float 
  7585 ;; Registers used:
  7586 ;;		wreg, fsr2l, fsr2h, status,2, status,0, cstack
  7587 ;; Tracked objects:
  7588 ;;		On entry : F/0
  7589 ;;		On exit  : F/0
  7590 ;;		Unchanged: FFFFFFF0/0
  7591 ;; Data sizes:     COMRAM   BANK0   BANK1   BANK2   BANK3   BANK4   BANK5   BANK6   BANK7
  7592 ;;      Params:         0       5       0       0       0       0       0       0       0
  7593 ;;      Locals:         0       0       0       0       0       0       0       0       0
  7594 ;;      Temps:          0       0       0       0       0       0       0       0       0
  7595 ;;      Totals:         0       5       0       0       0       0       0       0       0
  7596 ;;Total ram usage:        5 bytes
  7597 ;; Hardware stack levels used:    1
  7598 ;; Hardware stack levels required when called:    8
  7599 ;; This function calls:
  7600 ;;		___ftadd
  7601 ;; This function is called by:
  7602 ;;		_iir
  7603 ;; This function uses a non-reentrant model
  7604 ;;
  7605                           
  7606                           	psect	text20
  7607  002398                     __ptext20:
  7608                           	opt stack 0
  7609  002398                     ___asftadd:
  7610                           	opt stack 21
  7611                           
  7612                           ; BSR set to: 0
  7613                           ;	Return value of ___asftadd is never used
  7614                           
  7615                           ; BSR set to: 0
  7616  002398  C091  FFD9         	movff	___asftadd@f1p,fsr2l
  7617  00239C  C092  FFDA         	movff	___asftadd@f1p+1,fsr2h
  7618  0023A0  CFDE F07D          	movff	postinc2,?___ftadd
  7619  0023A4  CFDE F07E          	movff	postinc2,?___ftadd+1
  7620  0023A8  CFDD F07F          	movff	postdec2,?___ftadd+2
  7621  0023AC  C093  F080         	movff	___asftadd@f2,?___ftadd+3
  7622  0023B0  C094  F081         	movff	___asftadd@f2+1,?___ftadd+4
  7623  0023B4  C095  F082         	movff	___asftadd@f2+2,?___ftadd+5
  7624  0023B8  EC6A  F00B         	call	___ftadd	;wreg free
  7625  0023BC  C091  FFD9         	movff	___asftadd@f1p,fsr2l
  7626  0023C0  C092  FFDA         	movff	___asftadd@f1p+1,fsr2h
  7627  0023C4  C07D  FFDE         	movff	?___ftadd,postinc2
  7628  0023C8  C07E  FFDE         	movff	?___ftadd+1,postinc2
  7629  0023CC  C07F  FFDD         	movff	?___ftadd+2,postdec2
  7630  0023D0  52DD               	movf	postdec2,f,c
  7631                           
  7632                           ; BSR set to: 0
  7633  0023D2  0012               	return	
  7634  0023D4                     __end_of___asftadd:
  7635                           	opt stack 0
  7636                           tblptru	equ	0xFF8
  7637                           tblptrh	equ	0xFF7
  7638                           tblptrl	equ	0xFF6
  7639                           tablat	equ	0xFF5
  7640                           prodl	equ	0xFF3
  7641                           intcon	equ	0xFF2
  7642                           intcon2	equ	0xFF1
  7643                           postinc0	equ	0xFEE
  7644                           wreg	equ	0xFE8
  7645                           indf1	equ	0xFE7
  7646                           postinc1	equ	0xFE6
  7647                           postdec1	equ	0xFE5
  7648                           fsr1h	equ	0xFE2
  7649                           fsr1l	equ	0xFE1
  7650                           indf2	equ	0xFDF
  7651                           postinc2	equ	0xFDE
  7652                           postdec2	equ	0xFDD
  7653                           plusw2	equ	0xFDB
  7654                           fsr2h	equ	0xFDA
  7655                           fsr2l	equ	0xFD9
  7656                           status	equ	0xFD8
  7657                           
  7658 ;; *************** function ___ftadd *****************
  7659 ;; Defined at:
  7660 ;;		line 87 in file "C:\Program Files (x86)\HI-TECH Software\PICC-18\9.80\sources\ftadd.c"
  7661 ;; Parameters:    Size  Location     Type
  7662 ;;  f1              3   29[BANK0 ] float 
  7663 ;;  f2              3   32[BANK0 ] float 
  7664 ;; Auto vars:     Size  Location     Type
  7665 ;;  exp1            1   42[BANK0 ] unsigned char 
  7666 ;;  exp2            1   41[BANK0 ] unsigned char 
  7667 ;;  sign            1   40[BANK0 ] unsigned char 
  7668 ;; Return value:  Size  Location     Type
  7669 ;;                  3   29[BANK0 ] float 
  7670 ;; Registers used:
  7671 ;;		wreg, status,2, status,0, cstack
  7672 ;; Tracked objects:
  7673 ;;		On entry : F/0
  7674 ;;		On exit  : F/0
  7675 ;;		Unchanged: FFFFFFF0/0
  7676 ;; Data sizes:     COMRAM   BANK0   BANK1   BANK2   BANK3   BANK4   BANK5   BANK6   BANK7
  7677 ;;      Params:         0       6       0       0       0       0       0       0       0
  7678 ;;      Locals:         0       3       0       0       0       0       0       0       0
  7679 ;;      Temps:          0       5       0       0       0       0       0       0       0
  7680 ;;      Totals:         0      14       0       0       0       0       0       0       0
  7681 ;;Total ram usage:       14 bytes
  7682 ;; Hardware stack levels used:    1
  7683 ;; Hardware stack levels required when called:    7
  7684 ;; This function calls:
  7685 ;;		___ftpack
  7686 ;; This function is called by:
  7687 ;;		_incVar
  7688 ;;		_decVar
  7689 ;;		_main
  7690 ;;		___ftsub
  7691 ;;		___asftadd
  7692 ;; This function uses a non-reentrant model
  7693 ;;
  7694                           
  7695                           	psect	text21
  7696  0016D4                     __ptext21:
  7697                           	opt stack 0
  7698  0016D4                     ___ftadd:
  7699                           	opt stack 22
  7700                           
  7701                           ; BSR set to: 0
  7702                           
  7703                           ; BSR set to: 0
  7704  0016D4  0E0F               	movlw	15
  7705  0016D6  6F83               	movwf	??___ftadd& (0+255),b
  7706  0016D8  C07D  F084         	movff	___ftadd@f1,??___ftadd+1
  7707  0016DC  C07E  F085         	movff	___ftadd@f1+1,??___ftadd+2
  7708  0016E0  C07F  F086         	movff	___ftadd@f1+2,??___ftadd+3
  7709  0016E4  2983               	incf	??___ftadd& (0+255),w,b
  7710  0016E6  6F87               	movwf	(??___ftadd+4)& (0+255),b
  7711  0016E8  D001               	goto	u10440
  7712  0016EA                     u10445:
  7713  0016EA  D8A9               	call	PL39	;call to abstracted procedure
  7714  0016EC                     u10440:
  7715  0016EC  2F87               	decfsz	(??___ftadd+4)& (0+255),f,b
  7716  0016EE  D7FD               	goto	u10445
  7717  0016F0  5184               	movf	(??___ftadd+1)& (0+255),w,b
  7718  0016F2  6F8A               	movwf	___ftadd@exp1& (0+255),b
  7719  0016F4  0E0F               	movlw	15
  7720  0016F6  6F83               	movwf	??___ftadd& (0+255),b
  7721  0016F8  C080  F084         	movff	___ftadd@f2,??___ftadd+1
  7722  0016FC  C081  F085         	movff	___ftadd@f2+1,??___ftadd+2
  7723  001700  C082  F086         	movff	___ftadd@f2+2,??___ftadd+3
  7724  001704  2983               	incf	??___ftadd& (0+255),w,b
  7725  001706  6F87               	movwf	(??___ftadd+4)& (0+255),b
  7726  001708  D001               	goto	u10450
  7727  00170A                     u10455:
  7728  00170A  D899               	call	PL39	;call to abstracted procedure
  7729  00170C                     u10450:
  7730  00170C  2F87               	decfsz	(??___ftadd+4)& (0+255),f,b
  7731  00170E  D7FD               	goto	u10455
  7732  001710  5184               	movf	(??___ftadd+1)& (0+255),w,b
  7733  001712  6F89               	movwf	___ftadd@exp2& (0+255),b
  7734                           
  7735                           ; BSR set to: 0
  7736  001714  518A               	movf	___ftadd@exp1& (0+255),w,b
  7737  001716  E009               	bz	l1180
  7738                           
  7739                           ; BSR set to: 0
  7740  001718  5189               	movf	___ftadd@exp2& (0+255),w,b
  7741  00171A  618A               	cpfslt	___ftadd@exp1& (0+255),b
  7742  00171C  D00D               	goto	l7623
  7743                           
  7744                           ; BSR set to: 0
  7745  00171E  518A               	movf	___ftadd@exp1& (0+255),w,b
  7746  001720  5D89               	subwf	___ftadd@exp2& (0+255),w,b
  7747  001722  6F83               	movwf	??___ftadd& (0+255),b
  7748  001724  0E19               	movlw	25
  7749  001726  5D83               	subwf	??___ftadd& (0+255),w,b
  7750  001728  E307               	bnc	l7623
  7751  00172A                     l1180:
  7752                           
  7753                           ; BSR set to: 0
  7754  00172A  C080  F07D         	movff	___ftadd@f2,?___ftadd
  7755  00172E  C081  F07E         	movff	___ftadd@f2+1,?___ftadd+1
  7756  001732  C082  F07F         	movff	___ftadd@f2+2,?___ftadd+2
  7757  001736  0012               	return	
  7758  001738                     l7623:
  7759                           
  7760                           ; BSR set to: 0
  7761  001738  5189               	movf	___ftadd@exp2& (0+255),w,b
  7762  00173A  E009               	bz	l1184
  7763                           
  7764                           ; BSR set to: 0
  7765  00173C  518A               	movf	___ftadd@exp1& (0+255),w,b
  7766  00173E  6189               	cpfslt	___ftadd@exp2& (0+255),b
  7767  001740  D00D               	goto	l7629
  7768                           
  7769                           ; BSR set to: 0
  7770  001742  5189               	movf	___ftadd@exp2& (0+255),w,b
  7771  001744  5D8A               	subwf	___ftadd@exp1& (0+255),w,b
  7772  001746  6F83               	movwf	??___ftadd& (0+255),b
  7773  001748  0E19               	movlw	25
  7774  00174A  5D83               	subwf	??___ftadd& (0+255),w,b
  7775  00174C  E307               	bnc	l7629
  7776  00174E                     l1184:
  7777                           
  7778                           ; BSR set to: 0
  7779  00174E  C07D  F07D         	movff	___ftadd@f1,?___ftadd
  7780  001752  C07E  F07E         	movff	___ftadd@f1+1,?___ftadd+1
  7781  001756  C07F  F07F         	movff	___ftadd@f1+2,?___ftadd+2
  7782  00175A  0012               	return	
  7783  00175C                     l7629:
  7784                           
  7785                           ; BSR set to: 0
  7786  00175C  0E06               	movlw	6
  7787  00175E  6F88               	movwf	___ftadd@sign& (0+255),b
  7788                           
  7789                           ; BSR set to: 0
  7790  001760  BF7F               	btfsc	(___ftadd@f1+2)& (0+255),7,b
  7791                           
  7792                           ; BSR set to: 0
  7793  001762  8F88               	bsf	___ftadd@sign& (0+255),7,b
  7794                           
  7795                           ; BSR set to: 0
  7796  001764  BF82               	btfsc	(___ftadd@f2+2)& (0+255),7,b
  7797                           
  7798                           ; BSR set to: 0
  7799  001766  8D88               	bsf	___ftadd@sign& (0+255),6,b
  7800                           
  7801                           ; BSR set to: 0
  7802  001768  8F7E               	bsf	(___ftadd@f1+1)& (0+255),7,b
  7803                           
  7804                           ; BSR set to: 0
  7805  00176A  6B7F               	clrf	(___ftadd@f1+2)& (0+255),b
  7806  00176C  8F81               	bsf	(___ftadd@f2+1)& (0+255),7,b
  7807                           
  7808                           ; BSR set to: 0
  7809  00176E  6B82               	clrf	(___ftadd@f2+2)& (0+255),b
  7810                           
  7811                           ; BSR set to: 0
  7812  001770  5189               	movf	___ftadd@exp2& (0+255),w,b
  7813  001772  618A               	cpfslt	___ftadd@exp1& (0+255),b
  7814  001774  D017               	goto	l7655
  7815  001776                     l7645:
  7816                           
  7817                           ; BSR set to: 0
  7818  001776  90D8               	bcf	status,0,c
  7819  001778  3780               	rlcf	___ftadd@f2& (0+255),f,b
  7820  00177A  3781               	rlcf	(___ftadd@f2+1)& (0+255),f,b
  7821  00177C  3782               	rlcf	(___ftadd@f2+2)& (0+255),f,b
  7822  00177E  0789               	decf	___ftadd@exp2& (0+255),f,b
  7823                           
  7824                           ; BSR set to: 0
  7825  001780  5189               	movf	___ftadd@exp2& (0+255),w,b
  7826  001782  198A               	xorwf	___ftadd@exp1& (0+255),w,b
  7827  001784  E00B               	bz	l7653
  7828                           
  7829                           ; BSR set to: 0
  7830  001786  0788               	decf	___ftadd@sign& (0+255),f,b
  7831  001788  0100               	movlb	0	; () banked
  7832  00178A  5188               	movf	___ftadd@sign& (0+255),w,b
  7833  00178C  0B07               	andlw	7
  7834  00178E  E006               	bz	l7653
  7835  001790  D7F2               	goto	l7645
  7836  001792                     l7651:
  7837                           
  7838                           ; BSR set to: 0
  7839  001792  90D8               	bcf	status,0,c
  7840  001794  337F               	rrcf	(___ftadd@f1+2)& (0+255),f,b
  7841  001796  337E               	rrcf	(___ftadd@f1+1)& (0+255),f,b
  7842  001798  337D               	rrcf	___ftadd@f1& (0+255),f,b
  7843  00179A  2B8A               	incf	___ftadd@exp1& (0+255),f,b
  7844  00179C                     l7653:
  7845                           
  7846                           ; BSR set to: 0
  7847  00179C  5189               	movf	___ftadd@exp2& (0+255),w,b
  7848  00179E  638A               	cpfseq	___ftadd@exp1& (0+255),b
  7849  0017A0  D7F8               	goto	l7651
  7850  0017A2  D019               	goto	l1195
  7851  0017A4                     l7655:
  7852                           
  7853                           ; BSR set to: 0
  7854  0017A4  518A               	movf	___ftadd@exp1& (0+255),w,b
  7855  0017A6  6189               	cpfslt	___ftadd@exp2& (0+255),b
  7856  0017A8  D016               	goto	l1195
  7857  0017AA                     l7657:
  7858                           
  7859                           ; BSR set to: 0
  7860  0017AA  90D8               	bcf	status,0,c
  7861  0017AC  377D               	rlcf	___ftadd@f1& (0+255),f,b
  7862  0017AE  377E               	rlcf	(___ftadd@f1+1)& (0+255),f,b
  7863  0017B0  377F               	rlcf	(___ftadd@f1+2)& (0+255),f,b
  7864  0017B2  078A               	decf	___ftadd@exp1& (0+255),f,b
  7865                           
  7866                           ; BSR set to: 0
  7867  0017B4  5189               	movf	___ftadd@exp2& (0+255),w,b
  7868  0017B6  198A               	xorwf	___ftadd@exp1& (0+255),w,b
  7869  0017B8  E00B               	bz	l7665
  7870                           
  7871                           ; BSR set to: 0
  7872  0017BA  0788               	decf	___ftadd@sign& (0+255),f,b
  7873  0017BC  0100               	movlb	0	; () banked
  7874  0017BE  5188               	movf	___ftadd@sign& (0+255),w,b
  7875  0017C0  0B07               	andlw	7
  7876  0017C2  E006               	bz	l7665
  7877  0017C4  D7F2               	goto	l7657
  7878  0017C6                     l7663:
  7879                           
  7880                           ; BSR set to: 0
  7881  0017C6  90D8               	bcf	status,0,c
  7882  0017C8  3382               	rrcf	(___ftadd@f2+2)& (0+255),f,b
  7883  0017CA  3381               	rrcf	(___ftadd@f2+1)& (0+255),f,b
  7884  0017CC  3380               	rrcf	___ftadd@f2& (0+255),f,b
  7885  0017CE  2B89               	incf	___ftadd@exp2& (0+255),f,b
  7886  0017D0                     l7665:
  7887                           
  7888                           ; BSR set to: 0
  7889  0017D0  5189               	movf	___ftadd@exp2& (0+255),w,b
  7890  0017D2  638A               	cpfseq	___ftadd@exp1& (0+255),b
  7891  0017D4  D7F8               	goto	l7663
  7892  0017D6                     l1195:
  7893                           
  7894                           ; BSR set to: 0
  7895  0017D6  AF88               	btfss	___ftadd@sign& (0+255),7,b
  7896  0017D8  D007               	goto	l1204
  7897                           
  7898                           ; BSR set to: 0
  7899  0017DA  1F7D               	comf	___ftadd@f1& (0+255),f,b
  7900  0017DC  1F7E               	comf	(___ftadd@f1+1)& (0+255),f,b
  7901  0017DE  1F7F               	comf	(___ftadd@f1+2)& (0+255),f,b
  7902  0017E0  2B7D               	incf	___ftadd@f1& (0+255),f,b
  7903  0017E2  0E00               	movlw	0
  7904  0017E4  237E               	addwfc	(___ftadd@f1+1)& (0+255),f,b
  7905  0017E6  237F               	addwfc	(___ftadd@f1+2)& (0+255),f,b
  7906  0017E8                     l1204:
  7907                           
  7908                           ; BSR set to: 0
  7909  0017E8  AD88               	btfss	___ftadd@sign& (0+255),6,b
  7910  0017EA  D002               	goto	l1205
  7911                           
  7912                           ; BSR set to: 0
  7913  0017EC  1F80               	comf	___ftadd@f2& (0+255),f,b
  7914  0017EE  D820               	call	PL32	;call to abstracted procedure
  7915  0017F0                     l1205:
  7916                           
  7917                           ; BSR set to: 0
  7918  0017F0  6B88               	clrf	___ftadd@sign& (0+255),b
  7919  0017F2  517D               	movf	___ftadd@f1& (0+255),w,b
  7920  0017F4  2780               	addwf	___ftadd@f2& (0+255),f,b
  7921  0017F6  517E               	movf	(___ftadd@f1+1)& (0+255),w,b
  7922  0017F8  2381               	addwfc	(___ftadd@f2+1)& (0+255),f,b
  7923  0017FA  517F               	movf	(___ftadd@f1+2)& (0+255),w,b
  7924  0017FC  2382               	addwfc	(___ftadd@f2+2)& (0+255),f,b
  7925  0017FE  AF82               	btfss	(___ftadd@f2+2)& (0+255),7,b
  7926  001800  D004               	goto	l7675
  7927                           
  7928                           ; BSR set to: 0
  7929  001802  1F80               	comf	___ftadd@f2& (0+255),f,b
  7930  001804  D815               	call	PL32	;call to abstracted procedure
  7931                           
  7932                           ; BSR set to: 0
  7933  001806  0E01               	movlw	1
  7934  001808  6F88               	movwf	___ftadd@sign& (0+255),b
  7935  00180A                     l7675:
  7936                           
  7937                           ; BSR set to: 0
  7938  00180A  C080  F060         	movff	___ftadd@f2,?___ftpack
  7939  00180E  C081  F061         	movff	___ftadd@f2+1,?___ftpack+1
  7940  001812  C082  F062         	movff	___ftadd@f2+2,?___ftpack+2
  7941  001816  C08A  F063         	movff	___ftadd@exp1,?___ftpack+3
  7942  00181A  C088  F064         	movff	___ftadd@sign,?___ftpack+4
  7943  00181E  EC8C  F00F         	call	___ftpack	;wreg free
  7944  001822  C060  F07D         	movff	?___ftpack,?___ftadd
  7945  001826  C061  F07E         	movff	?___ftpack+1,?___ftadd+1
  7946  00182A  C062  F07F         	movff	?___ftpack+2,?___ftadd+2
  7947                           
  7948                           ; BSR set to: 0
  7949  00182E  0012               	return	
  7950  001830                     __end_of___ftadd:
  7951                           	opt stack 0
  7952  001830                     PL32:
  7953  001830  1F81               	comf	(___ftadd@f2+1)& (0+255),f,b
  7954  001832  1F82               	comf	(___ftadd@f2+2)& (0+255),f,b
  7955  001834  2B80               	incf	___ftadd@f2& (0+255),f,b
  7956  001836  0E00               	movlw	0
  7957  001838  2381               	addwfc	(___ftadd@f2+1)& (0+255),f,b
  7958  00183A  2382               	addwfc	(___ftadd@f2+2)& (0+255),f,b
  7959  00183C  0C00               	retlw	0
  7960  00183E                     PL39:
  7961  00183E  90D8               	bcf	status,0,c
  7962  001840  3386               	rrcf	(??___ftadd+3)& (0+255),f,b
  7963  001842  3385               	rrcf	(??___ftadd+2)& (0+255),f,b
  7964  001844  3384               	rrcf	(??___ftadd+1)& (0+255),f,b
  7965  001846  0012               	return	
  7966                           tblptru	equ	0xFF8
  7967                           tblptrh	equ	0xFF7
  7968                           tblptrl	equ	0xFF6
  7969                           tablat	equ	0xFF5
  7970                           prodl	equ	0xFF3
  7971                           intcon	equ	0xFF2
  7972                           intcon2	equ	0xFF1
  7973                           postinc0	equ	0xFEE
  7974                           wreg	equ	0xFE8
  7975                           indf1	equ	0xFE7
  7976                           postinc1	equ	0xFE6
  7977                           postdec1	equ	0xFE5
  7978                           fsr1h	equ	0xFE2
  7979                           fsr1l	equ	0xFE1
  7980                           indf2	equ	0xFDF
  7981                           postinc2	equ	0xFDE
  7982                           postdec2	equ	0xFDD
  7983                           plusw2	equ	0xFDB
  7984                           fsr2h	equ	0xFDA
  7985                           fsr2l	equ	0xFD9
  7986                           status	equ	0xFD8
  7987                           
  7988 ;; *************** function ___asftmul *****************
  7989 ;; Defined at:
  7990 ;;		line 5 in file "C:\Program Files (x86)\HI-TECH Software\PICC-18\9.80\sources\asftmul.c"
  7991 ;; Parameters:    Size  Location     Type
  7992 ;;  f1p             1    wreg     PTR float 
  7993 ;;		 -> medicionFloat(3), 
  7994 ;;  f2              3   25[BANK0 ] float 
  7995 ;; Auto vars:     Size  Location     Type
  7996 ;;  f1p             1   28[BANK0 ] PTR float 
  7997 ;;		 -> medicionFloat(3), 
  7998 ;; Return value:  Size  Location     Type
  7999 ;;                  3   25[BANK0 ] float 
  8000 ;; Registers used:
  8001 ;;		wreg, fsr2l, fsr2h, status,2, status,0, cstack
  8002 ;; Tracked objects:
  8003 ;;		On entry : F/0
  8004 ;;		On exit  : F/0
  8005 ;;		Unchanged: FFFFFFF0/0
  8006 ;; Data sizes:     COMRAM   BANK0   BANK1   BANK2   BANK3   BANK4   BANK5   BANK6   BANK7
  8007 ;;      Params:         0       3       0       0       0       0       0       0       0
  8008 ;;      Locals:         0       1       0       0       0       0       0       0       0
  8009 ;;      Temps:          0       0       0       0       0       0       0       0       0
  8010 ;;      Totals:         0       4       0       0       0       0       0       0       0
  8011 ;;Total ram usage:        4 bytes
  8012 ;; Hardware stack levels used:    1
  8013 ;; Hardware stack levels required when called:    8
  8014 ;; This function calls:
  8015 ;;		___ftmul
  8016 ;; This function is called by:
  8017 ;;		_main
  8018 ;; This function uses a non-reentrant model
  8019 ;;
  8020                           
  8021                           	psect	text22
  8022  0023D4                     __ptext22:
  8023                           	opt stack 0
  8024  0023D4                     ___asftmul:
  8025                           	opt stack 22
  8026                           
  8027                           ; BSR set to: 0
  8028                           ;___asftmul@f1p stored from wreg
  8029  0023D4  CFE8 F07C          	movff	wreg,___asftmul@f1p
  8030                           
  8031                           ; BSR set to: 0
  8032                           ;	Return value of ___asftmul is never used
  8033  0023D8  517C               	movf	___asftmul@f1p& (0+255),w,b
  8034  0023DA  6ED9               	movwf	fsr2l,c
  8035  0023DC  6ADA               	clrf	fsr2h,c
  8036  0023DE  CFDE F068          	movff	postinc2,?___ftmul
  8037  0023E2  CFDE F069          	movff	postinc2,?___ftmul+1
  8038  0023E6  CFDD F06A          	movff	postdec2,?___ftmul+2
  8039  0023EA  C079  F06B         	movff	___asftmul@f2,?___ftmul+3
  8040  0023EE  C07A  F06C         	movff	___asftmul@f2+1,?___ftmul+4
  8041  0023F2  C07B  F06D         	movff	___asftmul@f2+2,?___ftmul+5
  8042  0023F6  ECB6  F00C         	call	___ftmul	;wreg free
  8043  0023FA  517C               	movf	___asftmul@f1p& (0+255),w,b
  8044  0023FC  6ED9               	movwf	fsr2l,c
  8045  0023FE  6ADA               	clrf	fsr2h,c
  8046  002400  C068  FFDE         	movff	?___ftmul,postinc2
  8047  002404  C069  FFDE         	movff	?___ftmul+1,postinc2
  8048  002408  C06A  FFDD         	movff	?___ftmul+2,postdec2
  8049  00240C  52DD               	movf	postdec2,f,c
  8050                           
  8051                           ; BSR set to: 0
  8052  00240E  0012               	return	
  8053  002410                     __end_of___asftmul:
  8054                           	opt stack 0
  8055                           tblptru	equ	0xFF8
  8056                           tblptrh	equ	0xFF7
  8057                           tblptrl	equ	0xFF6
  8058                           tablat	equ	0xFF5
  8059                           prodl	equ	0xFF3
  8060                           intcon	equ	0xFF2
  8061                           intcon2	equ	0xFF1
  8062                           postinc0	equ	0xFEE
  8063                           wreg	equ	0xFE8
  8064                           indf1	equ	0xFE7
  8065                           postinc1	equ	0xFE6
  8066                           postdec1	equ	0xFE5
  8067                           fsr1h	equ	0xFE2
  8068                           fsr1l	equ	0xFE1
  8069                           indf2	equ	0xFDF
  8070                           postinc2	equ	0xFDE
  8071                           postdec2	equ	0xFDD
  8072                           plusw2	equ	0xFDB
  8073                           fsr2h	equ	0xFDA
  8074                           fsr2l	equ	0xFD9
  8075                           status	equ	0xFD8
  8076                           
  8077 ;; *************** function ___asftdiv *****************
  8078 ;; Defined at:
  8079 ;;		line 5 in file "C:\Program Files (x86)\HI-TECH Software\PICC-18\9.80\sources\asftdiv.c"
  8080 ;; Parameters:    Size  Location     Type
  8081 ;;  f1p             2   29[BANK0 ] PTR float 
  8082 ;;		 -> y(9), 
  8083 ;;  f2              3   31[BANK0 ] float 
  8084 ;; Auto vars:     Size  Location     Type
  8085 ;;		None
  8086 ;; Return value:  Size  Location     Type
  8087 ;;                  3   29[BANK0 ] float 
  8088 ;; Registers used:
  8089 ;;		wreg, fsr2l, fsr2h, status,2, status,0, cstack
  8090 ;; Tracked objects:
  8091 ;;		On entry : F/0
  8092 ;;		On exit  : F/0
  8093 ;;		Unchanged: FFFFFFF0/0
  8094 ;; Data sizes:     COMRAM   BANK0   BANK1   BANK2   BANK3   BANK4   BANK5   BANK6   BANK7
  8095 ;;      Params:         0       5       0       0       0       0       0       0       0
  8096 ;;      Locals:         0       0       0       0       0       0       0       0       0
  8097 ;;      Temps:          0       0       0       0       0       0       0       0       0
  8098 ;;      Totals:         0       5       0       0       0       0       0       0       0
  8099 ;;Total ram usage:        5 bytes
  8100 ;; Hardware stack levels used:    1
  8101 ;; Hardware stack levels required when called:    8
  8102 ;; This function calls:
  8103 ;;		___ftdiv
  8104 ;; This function is called by:
  8105 ;;		_iir
  8106 ;; This function uses a non-reentrant model
  8107 ;;
  8108                           
  8109                           	psect	text23
  8110  002410                     __ptext23:
  8111                           	opt stack 0
  8112  002410                     ___asftdiv:
  8113                           	opt stack 21
  8114                           
  8115                           ; BSR set to: 0
  8116                           ;	Return value of ___asftdiv is never used
  8117                           
  8118                           ; BSR set to: 0
  8119  002410  C07D  FFD9         	movff	___asftdiv@f1p,fsr2l
  8120  002414  C07E  FFDA         	movff	___asftdiv@f1p+1,fsr2h
  8121  002418  CFDE F06C          	movff	postinc2,?___ftdiv
  8122  00241C  CFDE F06D          	movff	postinc2,?___ftdiv+1
  8123  002420  CFDD F06E          	movff	postdec2,?___ftdiv+2
  8124  002424  C07F  F06F         	movff	___asftdiv@f2,?___ftdiv+3
  8125  002428  C080  F070         	movff	___asftdiv@f2+1,?___ftdiv+4
  8126  00242C  C081  F071         	movff	___asftdiv@f2+2,?___ftdiv+5
  8127  002430  EC33  F00D         	call	___ftdiv	;wreg free
  8128  002434  C07D  FFD9         	movff	___asftdiv@f1p,fsr2l
  8129  002438  C07E  FFDA         	movff	___asftdiv@f1p+1,fsr2h
  8130  00243C  C06C  FFDE         	movff	?___ftdiv,postinc2
  8131  002440  C06D  FFDE         	movff	?___ftdiv+1,postinc2
  8132  002444  C06E  FFDD         	movff	?___ftdiv+2,postdec2
  8133  002448  52DD               	movf	postdec2,f,c
  8134                           
  8135                           ; BSR set to: 0
  8136  00244A  0012               	return	
  8137  00244C                     __end_of___asftdiv:
  8138                           	opt stack 0
  8139                           tblptru	equ	0xFF8
  8140                           tblptrh	equ	0xFF7
  8141                           tblptrl	equ	0xFF6
  8142                           tablat	equ	0xFF5
  8143                           prodl	equ	0xFF3
  8144                           intcon	equ	0xFF2
  8145                           intcon2	equ	0xFF1
  8146                           postinc0	equ	0xFEE
  8147                           wreg	equ	0xFE8
  8148                           indf1	equ	0xFE7
  8149                           postinc1	equ	0xFE6
  8150                           postdec1	equ	0xFE5
  8151                           fsr1h	equ	0xFE2
  8152                           fsr1l	equ	0xFE1
  8153                           indf2	equ	0xFDF
  8154                           postinc2	equ	0xFDE
  8155                           postdec2	equ	0xFDD
  8156                           plusw2	equ	0xFDB
  8157                           fsr2h	equ	0xFDA
  8158                           fsr2l	equ	0xFD9
  8159                           status	equ	0xFD8
  8160                           
  8161 ;; *************** function ___ftpack *****************
  8162 ;; Defined at:
  8163 ;;		line 63 in file "C:\Program Files (x86)\HI-TECH Software\PICC-18\9.80\sources\float.c"
  8164 ;; Parameters:    Size  Location     Type
  8165 ;;  arg             3    0[BANK0 ] unsigned um
  8166 ;;  exp             1    3[BANK0 ] unsigned char 
  8167 ;;  sign            1    4[BANK0 ] unsigned char 
  8168 ;; Auto vars:     Size  Location     Type
  8169 ;;		None
  8170 ;; Return value:  Size  Location     Type
  8171 ;;                  3    0[BANK0 ] float 
  8172 ;; Registers used:
  8173 ;;		wreg, status,2, status,0
  8174 ;; Tracked objects:
  8175 ;;		On entry : F/0
  8176 ;;		On exit  : F/0
  8177 ;;		Unchanged: FFFFFFF0/0
  8178 ;; Data sizes:     COMRAM   BANK0   BANK1   BANK2   BANK3   BANK4   BANK5   BANK6   BANK7
  8179 ;;      Params:         0       5       0       0       0       0       0       0       0
  8180 ;;      Locals:         0       0       0       0       0       0       0       0       0
  8181 ;;      Temps:          0       3       0       0       0       0       0       0       0
  8182 ;;      Totals:         0       8       0       0       0       0       0       0       0
  8183 ;;Total ram usage:        8 bytes
  8184 ;; Hardware stack levels used:    1
  8185 ;; Hardware stack levels required when called:    6
  8186 ;; This function calls:
  8187 ;;		Nothing
  8188 ;; This function is called by:
  8189 ;;		___awtoft
  8190 ;;		___ftadd
  8191 ;;		___ftdiv
  8192 ;;		___ftmul
  8193 ;; This function uses a non-reentrant model
  8194 ;;
  8195                           
  8196                           	psect	text24
  8197  001F18                     __ptext24:
  8198                           	opt stack 0
  8199  001F18                     ___ftpack:
  8200                           	opt stack 22
  8201                           
  8202                           ; BSR set to: 0
  8203                           
  8204                           ; BSR set to: 0
  8205  001F18  5163               	movf	___ftpack@exp& (0+255),w,b
  8206  001F1A  E004               	bz	l1142
  8207                           
  8208                           ; BSR set to: 0
  8209  001F1C  5160               	movf	___ftpack@arg& (0+255),w,b
  8210  001F1E  1161               	iorwf	(___ftpack@arg+1)& (0+255),w,b
  8211  001F20  1162               	iorwf	(___ftpack@arg+2)& (0+255),w,b
  8212  001F22  E106               	bnz	l7579
  8213  001F24                     l1142:
  8214                           
  8215                           ; BSR set to: 0
  8216  001F24  6B60               	clrf	?___ftpack& (0+255),b
  8217  001F26  6B61               	clrf	(?___ftpack+1)& (0+255),b
  8218  001F28  6B62               	clrf	(?___ftpack+2)& (0+255),b
  8219  001F2A  0012               	return	
  8220  001F2C                     l7577:
  8221                           
  8222                           ; BSR set to: 0
  8223  001F2C  2B63               	incf	___ftpack@exp& (0+255),f,b
  8224  001F2E  D838               	call	PL37	;call to abstracted procedure
  8225  001F30                     l7579:
  8226                           
  8227                           ; BSR set to: 0
  8228  001F30  6B65               	clrf	??___ftpack& (0+255),b
  8229  001F32  6B66               	clrf	(??___ftpack+1)& (0+255),b
  8230  001F34  0EFE               	movlw	254
  8231  001F36  1562               	andwf	(___ftpack@arg+2)& (0+255),w,b
  8232  001F38  6F67               	movwf	(??___ftpack+2)& (0+255),b
  8233  001F3A  5165               	movf	??___ftpack& (0+255),w,b
  8234  001F3C  1166               	iorwf	(??___ftpack+1)& (0+255),w,b
  8235  001F3E  1167               	iorwf	(??___ftpack+2)& (0+255),w,b
  8236  001F40  E007               	bz	l7585
  8237  001F42  D7F4               	goto	l7577
  8238  001F44                     l7581:
  8239                           
  8240                           ; BSR set to: 0
  8241  001F44  2B63               	incf	___ftpack@exp& (0+255),f,b
  8242                           
  8243                           ; BSR set to: 0
  8244  001F46  2B60               	incf	___ftpack@arg& (0+255),f,b
  8245  001F48  0E00               	movlw	0
  8246  001F4A  2361               	addwfc	(___ftpack@arg+1)& (0+255),f,b
  8247  001F4C  2362               	addwfc	(___ftpack@arg+2)& (0+255),f,b
  8248  001F4E  D828               	call	PL37	;call to abstracted procedure
  8249  001F50                     l7585:
  8250                           
  8251                           ; BSR set to: 0
  8252  001F50  6B65               	clrf	??___ftpack& (0+255),b
  8253  001F52  6B66               	clrf	(??___ftpack+1)& (0+255),b
  8254  001F54  5162               	movf	(___ftpack@arg+2)& (0+255),w,b
  8255  001F56  6F67               	movwf	(??___ftpack+2)& (0+255),b
  8256  001F58  5165               	movf	??___ftpack& (0+255),w,b
  8257  001F5A  1166               	iorwf	(??___ftpack+1)& (0+255),w,b
  8258  001F5C  1167               	iorwf	(??___ftpack+2)& (0+255),w,b
  8259  001F5E  E006               	bz	l7589
  8260  001F60  D7F1               	goto	l7581
  8261  001F62                     l7587:
  8262                           
  8263                           ; BSR set to: 0
  8264  001F62  0763               	decf	___ftpack@exp& (0+255),f,b
  8265  001F64  90D8               	bcf	status,0,c
  8266  001F66  3760               	rlcf	___ftpack@arg& (0+255),f,b
  8267  001F68  3761               	rlcf	(___ftpack@arg+1)& (0+255),f,b
  8268  001F6A  3762               	rlcf	(___ftpack@arg+2)& (0+255),f,b
  8269  001F6C                     l7589:
  8270                           
  8271                           ; BSR set to: 0
  8272  001F6C  AF61               	btfss	(___ftpack@arg+1)& (0+255),7,b
  8273  001F6E  D7F9               	goto	l7587
  8274                           
  8275                           ; BSR set to: 0
  8276  001F70  A163               	btfss	___ftpack@exp& (0+255),0,b
  8277                           
  8278                           ; BSR set to: 0
  8279  001F72  9F61               	bcf	(___ftpack@arg+1)& (0+255),7,b
  8280                           
  8281                           ; BSR set to: 0
  8282  001F74  90D8               	bcf	status,0,c
  8283  001F76  3363               	rrcf	___ftpack@exp& (0+255),f,b
  8284                           
  8285                           ; BSR set to: 0
  8286  001F78  5163               	movf	___ftpack@exp& (0+255),w,b
  8287  001F7A  6F67               	movwf	(??___ftpack+2)& (0+255),b
  8288  001F7C  6B66               	clrf	(??___ftpack+1)& (0+255),b
  8289  001F7E  6B65               	clrf	??___ftpack& (0+255),b
  8290  001F80  5165               	movf	??___ftpack& (0+255),w,b
  8291  001F82  1360               	iorwf	___ftpack@arg& (0+255),f,b
  8292  001F84  5166               	movf	(??___ftpack+1)& (0+255),w,b
  8293  001F86  1361               	iorwf	(___ftpack@arg+1)& (0+255),f,b
  8294  001F88  5167               	movf	(??___ftpack+2)& (0+255),w,b
  8295  001F8A  1362               	iorwf	(___ftpack@arg+2)& (0+255),f,b
  8296                           
  8297                           ; BSR set to: 0
  8298  001F8C  5164               	movf	___ftpack@sign& (0+255),w,b
  8299  001F8E  A4D8               	btfss	status,2,c
  8300                           
  8301                           ; BSR set to: 0
  8302  001F90  8F62               	bsf	(___ftpack@arg+2)& (0+255),7,b
  8303                           
  8304                           ; BSR set to: 0
  8305  001F92  C060  F060         	movff	___ftpack@arg,?___ftpack
  8306  001F96  C061  F061         	movff	___ftpack@arg+1,?___ftpack+1
  8307  001F9A  C062  F062         	movff	___ftpack@arg+2,?___ftpack+2
  8308                           
  8309                           ; BSR set to: 0
  8310  001F9E  0012               	return	
  8311  001FA0                     __end_of___ftpack:
  8312                           	opt stack 0
  8313  001FA0                     PL37:
  8314  001FA0  90D8               	bcf	status,0,c
  8315  001FA2  3362               	rrcf	(___ftpack@arg+2)& (0+255),f,b
  8316  001FA4  3361               	rrcf	(___ftpack@arg+1)& (0+255),f,b
  8317  001FA6  3360               	rrcf	___ftpack@arg& (0+255),f,b
  8318  001FA8  0012               	return	
  8319                           tblptru	equ	0xFF8
  8320                           tblptrh	equ	0xFF7
  8321                           tblptrl	equ	0xFF6
  8322                           tablat	equ	0xFF5
  8323                           prodl	equ	0xFF3
  8324                           intcon	equ	0xFF2
  8325                           intcon2	equ	0xFF1
  8326                           postinc0	equ	0xFEE
  8327                           wreg	equ	0xFE8
  8328                           indf1	equ	0xFE7
  8329                           postinc1	equ	0xFE6
  8330                           postdec1	equ	0xFE5
  8331                           fsr1h	equ	0xFE2
  8332                           fsr1l	equ	0xFE1
  8333                           indf2	equ	0xFDF
  8334                           postinc2	equ	0xFDE
  8335                           postdec2	equ	0xFDD
  8336                           plusw2	equ	0xFDB
  8337                           fsr2h	equ	0xFDA
  8338                           fsr2l	equ	0xFD9
  8339                           status	equ	0xFD8
  8340                           
  8341 ;; *************** function ___ftdiv *****************
  8342 ;; Defined at:
  8343 ;;		line 50 in file "C:\Program Files (x86)\HI-TECH Software\PICC-18\9.80\sources\ftdiv.c"
  8344 ;; Parameters:    Size  Location     Type
  8345 ;;  f1              3   12[BANK0 ] float 
  8346 ;;  f2              3   15[BANK0 ] float 
  8347 ;; Auto vars:     Size  Location     Type
  8348 ;;  f3              3   24[BANK0 ] float 
  8349 ;;  sign            1   28[BANK0 ] unsigned char 
  8350 ;;  exp             1   27[BANK0 ] unsigned char 
  8351 ;;  cntr            1   23[BANK0 ] unsigned char 
  8352 ;; Return value:  Size  Location     Type
  8353 ;;                  3   12[BANK0 ] float 
  8354 ;; Registers used:
  8355 ;;		wreg, status,2, status,0, cstack
  8356 ;; Tracked objects:
  8357 ;;		On entry : F/0
  8358 ;;		On exit  : F/0
  8359 ;;		Unchanged: FFFFFFF0/0
  8360 ;; Data sizes:     COMRAM   BANK0   BANK1   BANK2   BANK3   BANK4   BANK5   BANK6   BANK7
  8361 ;;      Params:         0       6       0       0       0       0       0       0       0
  8362 ;;      Locals:         0       6       0       0       0       0       0       0       0
  8363 ;;      Temps:          0       5       0       0       0       0       0       0       0
  8364 ;;      Totals:         0      17       0       0       0       0       0       0       0
  8365 ;;Total ram usage:       17 bytes
  8366 ;; Hardware stack levels used:    1
  8367 ;; Hardware stack levels required when called:    7
  8368 ;; This function calls:
  8369 ;;		___ftpack
  8370 ;; This function is called by:
  8371 ;;		_incVar
  8372 ;;		_decVar
  8373 ;;		_main
  8374 ;;		___asftdiv
  8375 ;; This function uses a non-reentrant model
  8376 ;;
  8377                           
  8378                           	psect	text25
  8379  001A66                     __ptext25:
  8380                           	opt stack 0
  8381  001A66                     ___ftdiv:
  8382                           	opt stack 22
  8383                           
  8384                           ; BSR set to: 0
  8385                           
  8386                           ; BSR set to: 0
  8387  001A66  0E0F               	movlw	15
  8388  001A68  6F72               	movwf	??___ftdiv& (0+255),b
  8389  001A6A  C06C  F073         	movff	___ftdiv@f1,??___ftdiv+1
  8390  001A6E  C06D  F074         	movff	___ftdiv@f1+1,??___ftdiv+2
  8391  001A72  C06E  F075         	movff	___ftdiv@f1+2,??___ftdiv+3
  8392  001A76  2972               	incf	??___ftdiv& (0+255),w,b
  8393  001A78  6F76               	movwf	(??___ftdiv+4)& (0+255),b
  8394  001A7A  D001               	goto	u10650
  8395  001A7C                     u10655:
  8396  001A7C  D860               	call	PL40	;call to abstracted procedure
  8397  001A7E                     u10650:
  8398  001A7E  2F76               	decfsz	(??___ftdiv+4)& (0+255),f,b
  8399  001A80  D7FD               	goto	u10655
  8400  001A82  5173               	movf	(??___ftdiv+1)& (0+255),w,b
  8401  001A84  6F7B               	movwf	___ftdiv@exp& (0+255),b
  8402  001A86  0100               	movlb	0	; () banked
  8403  001A88  677B               	tstfsz	___ftdiv@exp& (0+255),b
  8404  001A8A  D004               	goto	l7683
  8405                           
  8406                           ; BSR set to: 0
  8407  001A8C  6B6C               	clrf	?___ftdiv& (0+255),b
  8408  001A8E  6B6D               	clrf	(?___ftdiv+1)& (0+255),b
  8409  001A90  6B6E               	clrf	(?___ftdiv+2)& (0+255),b
  8410  001A92  0012               	return	
  8411  001A94                     l7683:
  8412                           
  8413                           ; BSR set to: 0
  8414  001A94  0E0F               	movlw	15
  8415  001A96  6F72               	movwf	??___ftdiv& (0+255),b
  8416  001A98  C06F  F073         	movff	___ftdiv@f2,??___ftdiv+1
  8417  001A9C  C070  F074         	movff	___ftdiv@f2+1,??___ftdiv+2
  8418  001AA0  C071  F075         	movff	___ftdiv@f2+2,??___ftdiv+3
  8419  001AA4  2972               	incf	??___ftdiv& (0+255),w,b
  8420  001AA6  6F76               	movwf	(??___ftdiv+4)& (0+255),b
  8421  001AA8  D001               	goto	u10670
  8422  001AAA                     u10675:
  8423  001AAA  D849               	call	PL40	;call to abstracted procedure
  8424  001AAC                     u10670:
  8425  001AAC  2F76               	decfsz	(??___ftdiv+4)& (0+255),f,b
  8426  001AAE  D7FD               	goto	u10675
  8427  001AB0  5173               	movf	(??___ftdiv+1)& (0+255),w,b
  8428  001AB2  6F7C               	movwf	___ftdiv@sign& (0+255),b
  8429  001AB4  0100               	movlb	0	; () banked
  8430  001AB6  677C               	tstfsz	___ftdiv@sign& (0+255),b
  8431  001AB8  D004               	goto	l1213
  8432                           
  8433                           ; BSR set to: 0
  8434  001ABA  6B6C               	clrf	?___ftdiv& (0+255),b
  8435  001ABC  6B6D               	clrf	(?___ftdiv+1)& (0+255),b
  8436  001ABE  6B6E               	clrf	(?___ftdiv+2)& (0+255),b
  8437  001AC0  0012               	return	
  8438  001AC2                     l1213:
  8439                           
  8440                           ; BSR set to: 0
  8441  001AC2  6B78               	clrf	___ftdiv@f3& (0+255),b
  8442  001AC4  6B79               	clrf	(___ftdiv@f3+1)& (0+255),b
  8443  001AC6  6B7A               	clrf	(___ftdiv@f3+2)& (0+255),b
  8444                           
  8445                           ; BSR set to: 0
  8446  001AC8  517C               	movf	___ftdiv@sign& (0+255),w,b
  8447  001ACA  0F89               	addlw	137
  8448  001ACC  5F7B               	subwf	___ftdiv@exp& (0+255),f,b
  8449                           
  8450                           ; BSR set to: 0
  8451  001ACE  C06E  F07C         	movff	___ftdiv@f1+2,___ftdiv@sign
  8452  001AD2  0100               	movlb	0	; () banked
  8453  001AD4  5171               	movf	(___ftdiv@f2+2)& (0+255),w,b
  8454  001AD6  1B7C               	xorwf	___ftdiv@sign& (0+255),f,b
  8455  001AD8  0E80               	movlw	128
  8456  001ADA  177C               	andwf	___ftdiv@sign& (0+255),f,b
  8457                           
  8458                           ; BSR set to: 0
  8459  001ADC  8F6D               	bsf	(___ftdiv@f1+1)& (0+255),7,b
  8460                           
  8461                           ; BSR set to: 0
  8462  001ADE  6B6E               	clrf	(___ftdiv@f1+2)& (0+255),b
  8463                           
  8464                           ; BSR set to: 0
  8465  001AE0  8F70               	bsf	(___ftdiv@f2+1)& (0+255),7,b
  8466                           
  8467                           ; BSR set to: 0
  8468  001AE2  6B71               	clrf	(___ftdiv@f2+2)& (0+255),b
  8469                           
  8470                           ; BSR set to: 0
  8471  001AE4  0E18               	movlw	24
  8472  001AE6  6F77               	movwf	___ftdiv@cntr& (0+255),b
  8473  001AE8                     l7701:
  8474                           
  8475                           ; BSR set to: 0
  8476  001AE8  90D8               	bcf	status,0,c
  8477  001AEA  3778               	rlcf	___ftdiv@f3& (0+255),f,b
  8478  001AEC  3779               	rlcf	(___ftdiv@f3+1)& (0+255),f,b
  8479  001AEE  377A               	rlcf	(___ftdiv@f3+2)& (0+255),f,b
  8480                           
  8481                           ; BSR set to: 0
  8482  001AF0  516F               	movf	___ftdiv@f2& (0+255),w,b
  8483  001AF2  5D6C               	subwf	___ftdiv@f1& (0+255),w,b
  8484  001AF4  5170               	movf	(___ftdiv@f2+1)& (0+255),w,b
  8485  001AF6  596D               	subwfb	(___ftdiv@f1+1)& (0+255),w,b
  8486  001AF8  5171               	movf	(___ftdiv@f2+2)& (0+255),w,b
  8487  001AFA  596E               	subwfb	(___ftdiv@f1+2)& (0+255),w,b
  8488  001AFC  E307               	bnc	l1215
  8489                           
  8490                           ; BSR set to: 0
  8491  001AFE  516F               	movf	___ftdiv@f2& (0+255),w,b
  8492  001B00  5F6C               	subwf	___ftdiv@f1& (0+255),f,b
  8493  001B02  5170               	movf	(___ftdiv@f2+1)& (0+255),w,b
  8494  001B04  5B6D               	subwfb	(___ftdiv@f1+1)& (0+255),f,b
  8495  001B06  5171               	movf	(___ftdiv@f2+2)& (0+255),w,b
  8496  001B08  5B6E               	subwfb	(___ftdiv@f1+2)& (0+255),f,b
  8497                           
  8498                           ; BSR set to: 0
  8499  001B0A  8178               	bsf	___ftdiv@f3& (0+255),0,b
  8500  001B0C                     l1215:
  8501                           
  8502                           ; BSR set to: 0
  8503  001B0C  90D8               	bcf	status,0,c
  8504  001B0E  376C               	rlcf	___ftdiv@f1& (0+255),f,b
  8505  001B10  376D               	rlcf	(___ftdiv@f1+1)& (0+255),f,b
  8506  001B12  376E               	rlcf	(___ftdiv@f1+2)& (0+255),f,b
  8507                           
  8508                           ; BSR set to: 0
  8509  001B14  2F77               	decfsz	___ftdiv@cntr& (0+255),f,b
  8510  001B16  D7E8               	goto	l7701
  8511                           
  8512                           ; BSR set to: 0
  8513  001B18  C078  F060         	movff	___ftdiv@f3,?___ftpack
  8514  001B1C  C079  F061         	movff	___ftdiv@f3+1,?___ftpack+1
  8515  001B20  C07A  F062         	movff	___ftdiv@f3+2,?___ftpack+2
  8516  001B24  C07B  F063         	movff	___ftdiv@exp,?___ftpack+3
  8517  001B28  C07C  F064         	movff	___ftdiv@sign,?___ftpack+4
  8518  001B2C  EC8C  F00F         	call	___ftpack	;wreg free
  8519  001B30  C060  F06C         	movff	?___ftpack,?___ftdiv
  8520  001B34  C061  F06D         	movff	?___ftpack+1,?___ftdiv+1
  8521  001B38  C062  F06E         	movff	?___ftpack+2,?___ftdiv+2
  8522                           
  8523                           ; BSR set to: 0
  8524  001B3C  0012               	return	
  8525  001B3E                     __end_of___ftdiv:
  8526                           	opt stack 0
  8527  001B3E                     PL40:
  8528  001B3E  90D8               	bcf	status,0,c
  8529  001B40  3375               	rrcf	(??___ftdiv+3)& (0+255),f,b
  8530  001B42  3374               	rrcf	(??___ftdiv+2)& (0+255),f,b
  8531  001B44  3373               	rrcf	(??___ftdiv+1)& (0+255),f,b
  8532  001B46  0012               	return	
  8533                           tblptru	equ	0xFF8
  8534                           tblptrh	equ	0xFF7
  8535                           tblptrl	equ	0xFF6
  8536                           tablat	equ	0xFF5
  8537                           prodl	equ	0xFF3
  8538                           intcon	equ	0xFF2
  8539                           intcon2	equ	0xFF1
  8540                           postinc0	equ	0xFEE
  8541                           wreg	equ	0xFE8
  8542                           indf1	equ	0xFE7
  8543                           postinc1	equ	0xFE6
  8544                           postdec1	equ	0xFE5
  8545                           fsr1h	equ	0xFE2
  8546                           fsr1l	equ	0xFE1
  8547                           indf2	equ	0xFDF
  8548                           postinc2	equ	0xFDE
  8549                           postdec2	equ	0xFDD
  8550                           plusw2	equ	0xFDB
  8551                           fsr2h	equ	0xFDA
  8552                           fsr2l	equ	0xFD9
  8553                           status	equ	0xFD8
  8554                           
  8555 ;; *************** function ___ftmul *****************
  8556 ;; Defined at:
  8557 ;;		line 52 in file "C:\Program Files (x86)\HI-TECH Software\PICC-18\9.80\sources\ftmul.c"
  8558 ;; Parameters:    Size  Location     Type
  8559 ;;  f1              3    8[BANK0 ] float 
  8560 ;;  f2              3   11[BANK0 ] float 
  8561 ;; Auto vars:     Size  Location     Type
  8562 ;;  f3_as_produc    3   20[BANK0 ] unsigned um
  8563 ;;  sign            1   24[BANK0 ] unsigned char 
  8564 ;;  cntr            1   23[BANK0 ] unsigned char 
  8565 ;;  exp             1   19[BANK0 ] unsigned char 
  8566 ;; Return value:  Size  Location     Type
  8567 ;;                  3    8[BANK0 ] float 
  8568 ;; Registers used:
  8569 ;;		wreg, status,2, status,0, cstack
  8570 ;; Tracked objects:
  8571 ;;		On entry : F/0
  8572 ;;		On exit  : F/0
  8573 ;;		Unchanged: FFFFFFF0/0
  8574 ;; Data sizes:     COMRAM   BANK0   BANK1   BANK2   BANK3   BANK4   BANK5   BANK6   BANK7
  8575 ;;      Params:         0       6       0       0       0       0       0       0       0
  8576 ;;      Locals:         0       6       0       0       0       0       0       0       0
  8577 ;;      Temps:          0       5       0       0       0       0       0       0       0
  8578 ;;      Totals:         0      17       0       0       0       0       0       0       0
  8579 ;;Total ram usage:       17 bytes
  8580 ;; Hardware stack levels used:    1
  8581 ;; Hardware stack levels required when called:    7
  8582 ;; This function calls:
  8583 ;;		___ftpack
  8584 ;; This function is called by:
  8585 ;;		_iir
  8586 ;;		___asftmul
  8587 ;; This function uses a non-reentrant model
  8588 ;;
  8589                           
  8590                           	psect	text26
  8591  00196C                     __ptext26:
  8592                           	opt stack 0
  8593  00196C                     ___ftmul:
  8594                           	opt stack 22
  8595                           
  8596                           ; BSR set to: 0
  8597                           
  8598                           ; BSR set to: 0
  8599  00196C  0E0F               	movlw	15
  8600  00196E  6F6E               	movwf	??___ftmul& (0+255),b
  8601  001970  C068  F06F         	movff	___ftmul@f1,??___ftmul+1
  8602  001974  C069  F070         	movff	___ftmul@f1+1,??___ftmul+2
  8603  001978  C06A  F071         	movff	___ftmul@f1+2,??___ftmul+3
  8604  00197C  296E               	incf	??___ftmul& (0+255),w,b
  8605  00197E  6F72               	movwf	(??___ftmul+4)& (0+255),b
  8606  001980  D001               	goto	u10700
  8607  001982                     u10705:
  8608  001982  D86C               	call	PL38	;call to abstracted procedure
  8609  001984                     u10700:
  8610  001984  2F72               	decfsz	(??___ftmul+4)& (0+255),f,b
  8611  001986  D7FD               	goto	u10705
  8612  001988  516F               	movf	(??___ftmul+1)& (0+255),w,b
  8613  00198A  6F73               	movwf	___ftmul@exp& (0+255),b
  8614  00198C  0100               	movlb	0	; () banked
  8615  00198E  6773               	tstfsz	___ftmul@exp& (0+255),b
  8616  001990  D004               	goto	l7719
  8617                           
  8618                           ; BSR set to: 0
  8619  001992  6B68               	clrf	?___ftmul& (0+255),b
  8620  001994  6B69               	clrf	(?___ftmul+1)& (0+255),b
  8621  001996  6B6A               	clrf	(?___ftmul+2)& (0+255),b
  8622  001998  0012               	return	
  8623  00199A                     l7719:
  8624                           
  8625                           ; BSR set to: 0
  8626  00199A  0E0F               	movlw	15
  8627  00199C  6F6E               	movwf	??___ftmul& (0+255),b
  8628  00199E  C06B  F06F         	movff	___ftmul@f2,??___ftmul+1
  8629  0019A2  C06C  F070         	movff	___ftmul@f2+1,??___ftmul+2
  8630  0019A6  C06D  F071         	movff	___ftmul@f2+2,??___ftmul+3
  8631  0019AA  296E               	incf	??___ftmul& (0+255),w,b
  8632  0019AC  6F72               	movwf	(??___ftmul+4)& (0+255),b
  8633  0019AE  D001               	goto	u10720
  8634  0019B0                     u10725:
  8635  0019B0  D855               	call	PL38	;call to abstracted procedure
  8636  0019B2                     u10720:
  8637  0019B2  2F72               	decfsz	(??___ftmul+4)& (0+255),f,b
  8638  0019B4  D7FD               	goto	u10725
  8639  0019B6  516F               	movf	(??___ftmul+1)& (0+255),w,b
  8640  0019B8  6F78               	movwf	___ftmul@sign& (0+255),b
  8641  0019BA  0100               	movlb	0	; () banked
  8642  0019BC  6778               	tstfsz	___ftmul@sign& (0+255),b
  8643  0019BE  D004               	goto	l7723
  8644                           
  8645                           ; BSR set to: 0
  8646  0019C0  6B68               	clrf	?___ftmul& (0+255),b
  8647  0019C2  6B69               	clrf	(?___ftmul+1)& (0+255),b
  8648  0019C4  6B6A               	clrf	(?___ftmul+2)& (0+255),b
  8649  0019C6  0012               	return	
  8650  0019C8                     l7723:
  8651                           
  8652                           ; BSR set to: 0
  8653  0019C8  5178               	movf	___ftmul@sign& (0+255),w,b
  8654  0019CA  0F7B               	addlw	123
  8655  0019CC  2773               	addwf	___ftmul@exp& (0+255),f,b
  8656                           
  8657                           ; BSR set to: 0
  8658  0019CE  C06A  F078         	movff	___ftmul@f1+2,___ftmul@sign
  8659  0019D2  0100               	movlb	0	; () banked
  8660  0019D4  516D               	movf	(___ftmul@f2+2)& (0+255),w,b
  8661  0019D6  1B78               	xorwf	___ftmul@sign& (0+255),f,b
  8662  0019D8  0E80               	movlw	128
  8663  0019DA  1778               	andwf	___ftmul@sign& (0+255),f,b
  8664                           
  8665                           ; BSR set to: 0
  8666  0019DC  8F69               	bsf	(___ftmul@f1+1)& (0+255),7,b
  8667                           
  8668                           ; BSR set to: 0
  8669  0019DE  8F6C               	bsf	(___ftmul@f2+1)& (0+255),7,b
  8670                           
  8671                           ; BSR set to: 0
  8672  0019E0  0E00               	movlw	0
  8673  0019E2  176D               	andwf	(___ftmul@f2+2)& (0+255),f,b
  8674                           
  8675                           ; BSR set to: 0
  8676  0019E4  6B74               	clrf	___ftmul@f3_as_product& (0+255),b
  8677  0019E6  6B75               	clrf	(___ftmul@f3_as_product+1)& (0+255),b
  8678  0019E8  6B76               	clrf	(___ftmul@f3_as_product+2)& (0+255),b
  8679                           
  8680                           ; BSR set to: 0
  8681  0019EA  0E07               	movlw	7
  8682  0019EC  6F77               	movwf	___ftmul@cntr& (0+255),b
  8683  0019EE                     l7737:
  8684                           
  8685                           ; BSR set to: 0
  8686  0019EE  A168               	btfss	___ftmul@f1& (0+255),0,b
  8687  0019F0  D002               	goto	l7741
  8688                           
  8689                           ; BSR set to: 0
  8690  0019F2  516B               	movf	___ftmul@f2& (0+255),w,b
  8691  0019F4  D82D               	call	PL36	;call to abstracted procedure
  8692  0019F6                     l7741:
  8693                           
  8694                           ; BSR set to: 0
  8695  0019F6  90D8               	bcf	status,0,c
  8696  0019F8  336A               	rrcf	(___ftmul@f1+2)& (0+255),f,b
  8697  0019FA  3369               	rrcf	(___ftmul@f1+1)& (0+255),f,b
  8698  0019FC  3368               	rrcf	___ftmul@f1& (0+255),f,b
  8699  0019FE  90D8               	bcf	status,0,c
  8700  001A00  376B               	rlcf	___ftmul@f2& (0+255),f,b
  8701  001A02  376C               	rlcf	(___ftmul@f2+1)& (0+255),f,b
  8702  001A04  376D               	rlcf	(___ftmul@f2+2)& (0+255),f,b
  8703                           
  8704                           ; BSR set to: 0
  8705  001A06  2F77               	decfsz	___ftmul@cntr& (0+255),f,b
  8706  001A08  D7F2               	goto	l7737
  8707                           
  8708                           ; BSR set to: 0
  8709  001A0A  0E09               	movlw	9
  8710  001A0C  6F77               	movwf	___ftmul@cntr& (0+255),b
  8711  001A0E                     l7747:
  8712                           
  8713                           ; BSR set to: 0
  8714  001A0E  A168               	btfss	___ftmul@f1& (0+255),0,b
  8715  001A10  D002               	goto	l7751
  8716                           
  8717                           ; BSR set to: 0
  8718  001A12  516B               	movf	___ftmul@f2& (0+255),w,b
  8719  001A14  D81D               	call	PL36	;call to abstracted procedure
  8720  001A16                     l7751:
  8721                           
  8722                           ; BSR set to: 0
  8723  001A16  90D8               	bcf	status,0,c
  8724  001A18  336A               	rrcf	(___ftmul@f1+2)& (0+255),f,b
  8725  001A1A  3369               	rrcf	(___ftmul@f1+1)& (0+255),f,b
  8726  001A1C  3368               	rrcf	___ftmul@f1& (0+255),f,b
  8727  001A1E  90D8               	bcf	status,0,c
  8728  001A20  3376               	rrcf	(___ftmul@f3_as_product+2)& (0+255),f,b
  8729  001A22  3375               	rrcf	(___ftmul@f3_as_product+1)& (0+255),f,b
  8730  001A24  3374               	rrcf	___ftmul@f3_as_product& (0+255),f,b
  8731                           
  8732                           ; BSR set to: 0
  8733  001A26  2F77               	decfsz	___ftmul@cntr& (0+255),f,b
  8734  001A28  D7F2               	goto	l7747
  8735                           
  8736                           ; BSR set to: 0
  8737  001A2A  C074  F060         	movff	___ftmul@f3_as_product,?___ftpack
  8738  001A2E  C075  F061         	movff	___ftmul@f3_as_product+1,?___ftpack+1
  8739  001A32  C076  F062         	movff	___ftmul@f3_as_product+2,?___ftpack+2
  8740  001A36  C073  F063         	movff	___ftmul@exp,?___ftpack+3
  8741  001A3A  C078  F064         	movff	___ftmul@sign,?___ftpack+4
  8742  001A3E  EC8C  F00F         	call	___ftpack	;wreg free
  8743  001A42  C060  F068         	movff	?___ftpack,?___ftmul
  8744  001A46  C061  F069         	movff	?___ftpack+1,?___ftmul+1
  8745  001A4A  C062  F06A         	movff	?___ftpack+2,?___ftmul+2
  8746                           
  8747                           ; BSR set to: 0
  8748  001A4E  0012               	return	
  8749  001A50                     __end_of___ftmul:
  8750                           	opt stack 0
  8751  001A50                     PL36:
  8752  001A50  2774               	addwf	___ftmul@f3_as_product& (0+255),f,b
  8753  001A52  516C               	movf	(___ftmul@f2+1)& (0+255),w,b
  8754  001A54  2375               	addwfc	(___ftmul@f3_as_product+1)& (0+255),f,b
  8755  001A56  516D               	movf	(___ftmul@f2+2)& (0+255),w,b
  8756  001A58  2376               	addwfc	(___ftmul@f3_as_product+2)& (0+255),f,b
  8757  001A5A  0012               	return	
  8758  001A5C                     PL38:
  8759  001A5C  90D8               	bcf	status,0,c
  8760  001A5E  3371               	rrcf	(??___ftmul+3)& (0+255),f,b
  8761  001A60  3370               	rrcf	(??___ftmul+2)& (0+255),f,b
  8762  001A62  336F               	rrcf	(??___ftmul+1)& (0+255),f,b
  8763  001A64  0012               	return	
  8764                           tblptru	equ	0xFF8
  8765                           tblptrh	equ	0xFF7
  8766                           tblptrl	equ	0xFF6
  8767                           tablat	equ	0xFF5
  8768                           prodl	equ	0xFF3
  8769                           intcon	equ	0xFF2
  8770                           intcon2	equ	0xFF1
  8771                           postinc0	equ	0xFEE
  8772                           wreg	equ	0xFE8
  8773                           indf1	equ	0xFE7
  8774                           postinc1	equ	0xFE6
  8775                           postdec1	equ	0xFE5
  8776                           fsr1h	equ	0xFE2
  8777                           fsr1l	equ	0xFE1
  8778                           indf2	equ	0xFDF
  8779                           postinc2	equ	0xFDE
  8780                           postdec2	equ	0xFDD
  8781                           plusw2	equ	0xFDB
  8782                           fsr2h	equ	0xFDA
  8783                           fsr2l	equ	0xFD9
  8784                           status	equ	0xFD8
  8785                           
  8786 ;; *************** function _isr2 *****************
  8787 ;; Defined at:
  8788 ;;		line 26 in file "C:\fgr\16gb\0000 interior\deVolt\sw\interrupts.c"
  8789 ;; Parameters:    Size  Location     Type
  8790 ;;		None
  8791 ;; Auto vars:     Size  Location     Type
  8792 ;;		None
  8793 ;; Return value:  Size  Location     Type
  8794 ;;		None               void
  8795 ;; Registers used:
  8796 ;;		wreg, fsr1l, fsr1h, fsr2l, fsr2h, status,2, status,0, prodl, prodh, cstack
  8797 ;; Tracked objects:
  8798 ;;		On entry : 0/0
  8799 ;;		On exit  : 0/0
  8800 ;;		Unchanged: FFFFFFF0/0
  8801 ;; Data sizes:     COMRAM   BANK0   BANK1   BANK2   BANK3   BANK4   BANK5   BANK6   BANK7
  8802 ;;      Params:         0       0       0       0       0       0       0       0       0
  8803 ;;      Locals:         0       0       0       0       0       0       0       0       0
  8804 ;;      Temps:          9       0       0       0       0       0       0       0       0
  8805 ;;      Totals:         9       0       0       0       0       0       0       0       0
  8806 ;;Total ram usage:        9 bytes
  8807 ;; Hardware stack levels used:    1
  8808 ;; Hardware stack levels required when called:    5
  8809 ;; This function calls:
  8810 ;;		_isr_timer3
  8811 ;;		_isr_adc
  8812 ;; This function is called by:
  8813 ;;		Interrupt level 1
  8814 ;; This function uses a non-reentrant model
  8815 ;;
  8816                           
  8817                           	psect	intcodelo
  8818  000018                     __pintcodelo:
  8819                           	opt stack 0
  8820  000018                     _isr2:
  8821                           	opt stack 21
  8822                           
  8823                           ; BSR set to: 0
  8824  000018  CFD8 F006          	movff	status,??_isr2
  8825  00001C  CFE8 F007          	movff	wreg,??_isr2+1
  8826  000020  CFE0 F008          	movff	bsr,??_isr2+2
  8827  000024  CFE1 F009          	movff	fsr1l,??_isr2+3
  8828  000028  CFE2 F00A          	movff	fsr1h,??_isr2+4
  8829  00002C  CFD9 F00B          	movff	fsr2l,??_isr2+5
  8830  000030  CFDA F00C          	movff	fsr2h,??_isr2+6
  8831  000034  CFF3 F00D          	movff	prodl,??_isr2+7
  8832  000038  CFF4 F00E          	movff	prodh,??_isr2+8
  8833  00003C                     
  8834                           ;interrupts.c: 27: if(PIE2bits.TMR3IE && PIR2bits.TMR3IF) isr_timer3();
  8835  00003C  A2A0               	btfss	4000,1,c	;volatile
  8836  00003E  D001               	goto	i1u743_21
  8837  000040  D001               	goto	i1u743_20
  8838  000042                     i1u743_21:
  8839  000042  D007               	goto	i1l637
  8840  000044                     i1u743_20:
  8841  000044  A2A1               	btfss	4001,1,c	;volatile
  8842  000046  D001               	goto	i1u744_21
  8843  000048  D001               	goto	i1u744_20
  8844  00004A                     i1u744_21:
  8845  00004A  D003               	goto	i1l637
  8846  00004C                     i1u744_20:
  8847  00004C  EC9D  F010         	call	_isr_timer3	;wreg free
  8848  000050  D00A               	goto	i1l640
  8849  000052                     i1l637:
  8850                           
  8851                           ;interrupts.c: 28: else if(PIE1bits.ADIE && PIR1bits.ADIF) isr_adc();
  8852  000052  AC9D               	btfss	3997,6,c	;volatile
  8853  000054  D001               	goto	i1u745_21
  8854  000056  D001               	goto	i1u745_20
  8855  000058                     i1u745_21:
  8856  000058  D006               	goto	i1l640
  8857  00005A                     i1u745_20:
  8858  00005A  AC9E               	btfss	3998,6,c	;volatile
  8859  00005C  D001               	goto	i1u746_21
  8860  00005E  D001               	goto	i1u746_20
  8861  000060                     i1u746_21:
  8862  000060  D002               	goto	i1l640
  8863  000062                     i1u746_20:
  8864  000062  ECB9  F012         	call	_isr_adc	;wreg free
  8865  000066                     i1l640:
  8866  000066  C00E  FFF4         	movff	??_isr2+8,prodh
  8867  00006A  C00D  FFF3         	movff	??_isr2+7,prodl
  8868  00006E  C00C  FFDA         	movff	??_isr2+6,fsr2h
  8869  000072  C00B  FFD9         	movff	??_isr2+5,fsr2l
  8870  000076  C00A  FFE2         	movff	??_isr2+4,fsr1h
  8871  00007A  C009  FFE1         	movff	??_isr2+3,fsr1l
  8872  00007E  C008  FFE0         	movff	??_isr2+2,bsr
  8873  000082  C007  FFE8         	movff	??_isr2+1,wreg
  8874  000086  C006  FFD8         	movff	??_isr2,status
  8875  00008A  0010               	retfie	
  8876  00008C                     __end_of_isr2:
  8877                           	opt stack 0
  8878                           tblptru	equ	0xFF8
  8879                           tblptrh	equ	0xFF7
  8880                           tblptrl	equ	0xFF6
  8881                           tablat	equ	0xFF5
  8882                           prodh	equ	0xFF4
  8883                           prodl	equ	0xFF3
  8884                           intcon	equ	0xFF2
  8885                           intcon2	equ	0xFF1
  8886                           postinc0	equ	0xFEE
  8887                           wreg	equ	0xFE8
  8888                           indf1	equ	0xFE7
  8889                           postinc1	equ	0xFE6
  8890                           postdec1	equ	0xFE5
  8891                           fsr1h	equ	0xFE2
  8892                           fsr1l	equ	0xFE1
  8893                           bsr	equ	0xFE0
  8894                           indf2	equ	0xFDF
  8895                           postinc2	equ	0xFDE
  8896                           postdec2	equ	0xFDD
  8897                           plusw2	equ	0xFDB
  8898                           fsr2h	equ	0xFDA
  8899                           fsr2l	equ	0xFD9
  8900                           status	equ	0xFD8
  8901                           
  8902 ;; *************** function _isr_timer3 *****************
  8903 ;; Defined at:
  8904 ;;		line 72 in file "C:\fgr\16gb\0000 interior\deVolt\sw\interrupts.c"
  8905 ;; Parameters:    Size  Location     Type
  8906 ;;		None
  8907 ;; Auto vars:     Size  Location     Type
  8908 ;;		None
  8909 ;; Return value:  Size  Location     Type
  8910 ;;		None               void
  8911 ;; Registers used:
  8912 ;;		wreg, fsr1l, fsr1h, fsr2l, fsr2h, status,2, status,0, prodl, prodh, cstack
  8913 ;; Tracked objects:
  8914 ;;		On entry : 0/0
  8915 ;;		On exit  : 0/0
  8916 ;;		Unchanged: FFFFFFF0/0
  8917 ;; Data sizes:     COMRAM   BANK0   BANK1   BANK2   BANK3   BANK4   BANK5   BANK6   BANK7
  8918 ;;      Params:         0       0       0       0       0       0       0       0       0
  8919 ;;      Locals:         2       0       0       0       0       0       0       0       0
  8920 ;;      Temps:          0       0       0       0       0       0       0       0       0
  8921 ;;      Totals:         2       0       0       0       0       0       0       0       0
  8922 ;;Total ram usage:        2 bytes
  8923 ;; Hardware stack levels used:    1
  8924 ;; Hardware stack levels required when called:    4
  8925 ;; This function calls:
  8926 ;;		i1_t0Driver
  8927 ;;		_kPin_driverDc
  8928 ;; This function is called by:
  8929 ;;		_isr2
  8930 ;; This function uses a non-reentrant model
  8931 ;;
  8932                           
  8933                           	psect	text28
  8934  00213A                     __ptext28:
  8935                           	opt stack 0
  8936  00213A                     _isr_timer3:
  8937                           	opt stack 21
  8938                           
  8939                           ;interrupts.c: 73: TMR3=64036UL;
  8940  00213A  0EFA               	movlw	250
  8941  00213C  6EB3               	movwf	4019,c	;volatile
  8942  00213E  0E24               	movlw	36
  8943  002140  6EB2               	movwf	4018,c	;volatile
  8944                           
  8945                           ;interrupts.c: 75: t0Driver(T0_ADCSAMPLE);
  8946  002142  0E0C               	movlw	12
  8947  002144  ECFC  F00D         	call	i1_t0Driver
  8948                           
  8949                           ; BSR set to: 1
  8950                           ;interrupts.c: 76: t0Driver(T0_250MS);
  8951  002148  0E04               	movlw	4
  8952  00214A  ECFC  F00D         	call	i1_t0Driver
  8953                           
  8954                           ; BSR set to: 1
  8955                           ;interrupts.c: 78: t0Driver(T0_BEEP);
  8956  00214E  0E02               	movlw	2
  8957  002150  ECFC  F00D         	call	i1_t0Driver
  8958                           
  8959                           ; BSR set to: 1
  8960                           ;interrupts.c: 79: if((t0Mem[T0_BEEP].flag?!(t0Mem[T0_BEEP].flag=0):0)) PORTCbits.RC6=0;
  8961  002154  B349               	btfsc	(_t0Mem+8)& (0+255),1,b
  8962  002156  D002               	goto	i1l6027
  8963                           
  8964                           ; BSR set to: 1
  8965  002158  6A04               	clrf	_isr_timer3$1533,c
  8966  00215A  D00A               	goto	L56
  8967  00215C                     i1l6027:
  8968                           
  8969                           ; BSR set to: 1
  8970  00215C  5149               	movf	(_t0Mem+8)& (0+255),w,b
  8971  00215E  0BFD               	andlw	-3
  8972  002160  6F49               	movwf	(_t0Mem+8)& (0+255),b
  8973  002162  0101               	movlb	1	; () banked
  8974  002164  3149               	rrcf	(_t0Mem+8)& (0+255),w,b
  8975  002166  0B01               	andlw	1
  8976  002168  0E00               	movlw	0
  8977  00216A  B4D8               	btfsc	status,2,c
  8978  00216C  0E01               	movlw	1
  8979  00216E  6E04               	movwf	_isr_timer3$1533,c
  8980  002170                     L56:
  8981  002170  6A05               	clrf	_isr_timer3$1533+1,c
  8982                           
  8983                           ; BSR set to: 1
  8984  002172  5005               	movf	_isr_timer3$1533+1,w,c
  8985  002174  1004               	iorwf	_isr_timer3$1533,w,c
  8986  002176  A4D8               	btfss	status,2,c
  8987                           
  8988                           ; BSR set to: 1
  8989  002178  9C82               	bcf	3970,6,c	;volatile
  8990                           
  8991                           ; BSR set to: 1
  8992                           ;interrupts.c: 82: kPin_driverDc(UP_FN, PORTCbits.RC0);
  8993  00217A  0E00               	movlw	0
  8994  00217C  B082               	btfsc	3970,0,c	;volatile
  8995  00217E  0E01               	movlw	1
  8996  002180  6E01               	movwf	?_kPin_driverDc,c
  8997  002182  0E00               	movlw	0
  8998  002184  ECA4  F00E         	call	_kPin_driverDc
  8999                           
  9000                           ;interrupts.c: 83: kPin_driverDc(UP_FP, PORTCbits.RC0);
  9001  002188  0E00               	movlw	0
  9002  00218A  B082               	btfsc	3970,0,c	;volatile
  9003  00218C  0E01               	movlw	1
  9004  00218E  6E01               	movwf	?_kPin_driverDc,c
  9005  002190  0E02               	movlw	2
  9006  002192  ECA4  F00E         	call	_kPin_driverDc
  9007                           
  9008                           ;interrupts.c: 84: kPin_driverDc(DWN_FN, PORTCbits.RC1);
  9009  002196  0E00               	movlw	0
  9010  002198  B282               	btfsc	3970,1,c	;volatile
  9011  00219A  0E01               	movlw	1
  9012  00219C  6E01               	movwf	?_kPin_driverDc,c
  9013  00219E  0E01               	movlw	1
  9014  0021A0  ECA4  F00E         	call	_kPin_driverDc
  9015                           
  9016                           ;interrupts.c: 85: kPin_driverDc(DWN_FP, PORTCbits.RC1);
  9017  0021A4  0E00               	movlw	0
  9018  0021A6  B282               	btfsc	3970,1,c	;volatile
  9019  0021A8  0E01               	movlw	1
  9020  0021AA  6E01               	movwf	?_kPin_driverDc,c
  9021  0021AC  0E03               	movlw	3
  9022  0021AE  ECA4  F00E         	call	_kPin_driverDc
  9023                           
  9024                           ;interrupts.c: 87: PIR2bits.TMR3IF=0;
  9025  0021B2  92A1               	bcf	4001,1,c	;volatile
  9026  0021B4  0012               	return	
  9027  0021B6                     __end_of_isr_timer3:
  9028                           	opt stack 0
  9029                           tblptru	equ	0xFF8
  9030                           tblptrh	equ	0xFF7
  9031                           tblptrl	equ	0xFF6
  9032                           tablat	equ	0xFF5
  9033                           prodh	equ	0xFF4
  9034                           prodl	equ	0xFF3
  9035                           intcon	equ	0xFF2
  9036                           intcon2	equ	0xFF1
  9037                           postinc0	equ	0xFEE
  9038                           wreg	equ	0xFE8
  9039                           indf1	equ	0xFE7
  9040                           postinc1	equ	0xFE6
  9041                           postdec1	equ	0xFE5
  9042                           fsr1h	equ	0xFE2
  9043                           fsr1l	equ	0xFE1
  9044                           bsr	equ	0xFE0
  9045                           indf2	equ	0xFDF
  9046                           postinc2	equ	0xFDE
  9047                           postdec2	equ	0xFDD
  9048                           plusw2	equ	0xFDB
  9049                           fsr2h	equ	0xFDA
  9050                           fsr2l	equ	0xFD9
  9051                           status	equ	0xFD8
  9052                           
  9053 ;; *************** function _isr_adc *****************
  9054 ;; Defined at:
  9055 ;;		line 40 in file "C:\fgr\16gb\0000 interior\deVolt\sw\adc.c"
  9056 ;; Parameters:    Size  Location     Type
  9057 ;;		None
  9058 ;; Auto vars:     Size  Location     Type
  9059 ;;		None
  9060 ;; Return value:  Size  Location     Type
  9061 ;;		None               void
  9062 ;; Registers used:
  9063 ;;		wreg, status,2, status,0
  9064 ;; Tracked objects:
  9065 ;;		On entry : 0/0
  9066 ;;		On exit  : 0/0
  9067 ;;		Unchanged: FFFFFFFF/0
  9068 ;; Data sizes:     COMRAM   BANK0   BANK1   BANK2   BANK3   BANK4   BANK5   BANK6   BANK7
  9069 ;;      Params:         0       0       0       0       0       0       0       0       0
  9070 ;;      Locals:         0       0       0       0       0       0       0       0       0
  9071 ;;      Temps:          0       0       0       0       0       0       0       0       0
  9072 ;;      Totals:         0       0       0       0       0       0       0       0       0
  9073 ;;Total ram usage:        0 bytes
  9074 ;; Hardware stack levels used:    1
  9075 ;; Hardware stack levels required when called:    3
  9076 ;; This function calls:
  9077 ;;		Nothing
  9078 ;; This function is called by:
  9079 ;;		_isr2
  9080 ;; This function uses a non-reentrant model
  9081 ;;
  9082                           
  9083                           	psect	text29
  9084  002572                     __ptext29:
  9085                           	opt stack 0
  9086  002572                     _isr_adc:
  9087                           	opt stack 22
  9088                           
  9089                           ;adc.c: 41: adcStruct.chComp=ADCON0bits.CHS;
  9090  002572  30C2               	rrcf	4034,w,c	;volatile
  9091  002574  32E8               	rrcf	wreg,f,c
  9092  002576  0B0F               	andlw	15
  9093  002578  6E25               	movwf	_adcStruct+1,c
  9094                           
  9095                           ;adc.c: 42: adcStruct.completeFlg=1;
  9096  00257A  8024               	bsf	_adcStruct,0,c
  9097                           
  9098                           ;adc.c: 44: PIR1bits.ADIF=0;
  9099  00257C  9C9E               	bcf	3998,6,c	;volatile
  9100  00257E  0012               	return	
  9101  002580                     __end_of_isr_adc:
  9102                           	opt stack 0
  9103                           tblptru	equ	0xFF8
  9104                           tblptrh	equ	0xFF7
  9105                           tblptrl	equ	0xFF6
  9106                           tablat	equ	0xFF5
  9107                           prodh	equ	0xFF4
  9108                           prodl	equ	0xFF3
  9109                           intcon	equ	0xFF2
  9110                           intcon2	equ	0xFF1
  9111                           postinc0	equ	0xFEE
  9112                           wreg	equ	0xFE8
  9113                           indf1	equ	0xFE7
  9114                           postinc1	equ	0xFE6
  9115                           postdec1	equ	0xFE5
  9116                           fsr1h	equ	0xFE2
  9117                           fsr1l	equ	0xFE1
  9118                           bsr	equ	0xFE0
  9119                           indf2	equ	0xFDF
  9120                           postinc2	equ	0xFDE
  9121                           postdec2	equ	0xFDD
  9122                           plusw2	equ	0xFDB
  9123                           fsr2h	equ	0xFDA
  9124                           fsr2l	equ	0xFD9
  9125                           status	equ	0xFD8
  9126                           
  9127 ;; *************** function _kPin_driverDc *****************
  9128 ;; Defined at:
  9129 ;;		line 40 in file "C:\fgr\16gb\libSwPic\keyPin\20250428 0057\kPin.c"
  9130 ;; Parameters:    Size  Location     Type
  9131 ;;  pi              1    wreg     unsigned char 
  9132 ;;  kCurrLogStat    1    0[COMRAM] unsigned char 
  9133 ;; Auto vars:     Size  Location     Type
  9134 ;;  pi              1    2[COMRAM] unsigned char 
  9135 ;; Return value:  Size  Location     Type
  9136 ;;		None               void
  9137 ;; Registers used:
  9138 ;;		wreg, fsr2l, fsr2h, status,2, status,0, prodl, prodh
  9139 ;; Tracked objects:
  9140 ;;		On entry : 0/1
  9141 ;;		On exit  : 0/0
  9142 ;;		Unchanged: FFFFFFF0/0
  9143 ;; Data sizes:     COMRAM   BANK0   BANK1   BANK2   BANK3   BANK4   BANK5   BANK6   BANK7
  9144 ;;      Params:         1       0       0       0       0       0       0       0       0
  9145 ;;      Locals:         1       0       0       0       0       0       0       0       0
  9146 ;;      Temps:          1       0       0       0       0       0       0       0       0
  9147 ;;      Totals:         3       0       0       0       0       0       0       0       0
  9148 ;;Total ram usage:        3 bytes
  9149 ;; Hardware stack levels used:    1
  9150 ;; Hardware stack levels required when called:    3
  9151 ;; This function calls:
  9152 ;;		Nothing
  9153 ;; This function is called by:
  9154 ;;		_isr_timer3
  9155 ;; This function uses a non-reentrant model
  9156 ;;
  9157                           
  9158                           	psect	text30
  9159  001D48                     __ptext30:
  9160                           	opt stack 0
  9161  001D48                     _kPin_driverDc:
  9162                           	opt stack 21
  9163                           
  9164                           ;kPin_driverDc@pi stored from wreg
  9165  001D48  CFE8 F003          	movff	wreg,kPin_driverDc@pi
  9166                           
  9167                           ;kPin.c: 41: if(kPin[pi].timer) kPin[pi].timer--;
  9168  001D4C  D847               	call	PL23	;call to abstracted procedure
  9169  001D4E  50DF               	movf	indf2,w,c
  9170  001D50  E003               	bz	i1l5701
  9171  001D52  D844               	call	PL23	;call to abstracted procedure
  9172  001D54  06DF               	decf	indf2,f,c
  9173  001D56  0012               	return	
  9174  001D58                     i1l5701:
  9175                           
  9176                           ;kPin.c: 42: else
  9177                           ;kPin.c: 43: {
  9178                           ;kPin.c: 44: kPin[pi].state = kCurrLogState;
  9179  001D58  5003               	movf	kPin_driverDc@pi,w,c
  9180  001D5A  D839               	call	PL14	;call to abstracted procedure
  9181  001D5C  1801               	xorwf	kPin_driverDc@kCurrLogState,w,c
  9182  001D5E  0BFE               	andlw	-2
  9183  001D60  1801               	xorwf	kPin_driverDc@kCurrLogState,w,c
  9184  001D62  6EDF               	movwf	indf2,c
  9185                           
  9186                           ;kPin.c: 46: if(kPin[pi].state==FLANCO_P && kPin[pi].prevState==!FLANCO_P)
  9187  001D64  5003               	movf	kPin_driverDc@pi,w,c
  9188  001D66  D833               	call	PL14	;call to abstracted procedure
  9189  001D68  6E02               	movwf	??_kPin_driverDc& (0+255),c
  9190  001D6A  A002               	btfss	??_kPin_driverDc,0,c
  9191  001D6C  D011               	goto	i1l5711
  9192  001D6E  5003               	movf	kPin_driverDc@pi,w,c
  9193  001D70  D82E               	call	PL14	;call to abstracted procedure
  9194  001D72  6E02               	movwf	??_kPin_driverDc& (0+255),c
  9195  001D74  B202               	btfsc	??_kPin_driverDc,1,c
  9196  001D76  D00C               	goto	i1l5711
  9197                           
  9198                           ;kPin.c: 47: {
  9199                           ;kPin.c: 48: kPinBuffer.flag = 1;
  9200  001D78  0100               	movlb	0	; () banked
  9201  001D7A  8BD4               	bsf	_kPinBuffer& (0+255),5,b
  9202                           
  9203                           ;kPin.c: 49: kPinBuffer.flanco = FLANCO_P;
  9204  001D7C  8DD4               	bsf	_kPinBuffer& (0+255),6,b
  9205  001D7E                     i1l5707:
  9206                           
  9207                           ; BSR set to: 0
  9208                           ;kPin.c: 50: kPin[pi].timer = 10;
  9209  001D7E  D82E               	call	PL23	;call to abstracted procedure
  9210  001D80  0E0A               	movlw	10
  9211  001D82  6EDF               	movwf	indf2,c
  9212                           
  9213                           ; BSR set to: 0
  9214                           ;kPin.c: 56: kPinBuffer.kId = pi;
  9215  001D84  51D4               	movf	_kPinBuffer& (0+255),w,b
  9216  001D86  1803               	xorwf	kPin_driverDc@pi,w,c
  9217  001D88  0BE0               	andlw	-32
  9218  001D8A  1803               	xorwf	kPin_driverDc@pi,w,c
  9219  001D8C  6FD4               	movwf	_kPinBuffer& (0+255),b
  9220                           
  9221                           ;kPin.c: 57: }
  9222  001D8E  D00E               	goto	i1l5721
  9223  001D90                     i1l5711:
  9224                           
  9225                           ;kPin.c: 58: else if(kPin[pi].state==FLANCO_N && kPin[pi].prevState==!FLANCO_N)
  9226  001D90  5003               	movf	kPin_driverDc@pi,w,c
  9227  001D92  D81D               	call	PL14	;call to abstracted procedure
  9228  001D94  6E02               	movwf	??_kPin_driverDc& (0+255),c
  9229  001D96  B002               	btfsc	??_kPin_driverDc,0,c
  9230  001D98  D009               	goto	i1l5721
  9231  001D9A  5003               	movf	kPin_driverDc@pi,w,c
  9232  001D9C  D818               	call	PL14	;call to abstracted procedure
  9233  001D9E  6E02               	movwf	??_kPin_driverDc& (0+255),c
  9234  001DA0  A202               	btfss	??_kPin_driverDc,1,c
  9235  001DA2  D004               	goto	i1l5721
  9236                           
  9237                           ;kPin.c: 59: {
  9238                           ;kPin.c: 60: kPinBuffer.flag = 1;
  9239  001DA4  0100               	movlb	0	; () banked
  9240  001DA6  8BD4               	bsf	_kPinBuffer& (0+255),5,b
  9241                           
  9242                           ;kPin.c: 61: kPinBuffer.flanco = FLANCO_N;
  9243  001DA8  9DD4               	bcf	_kPinBuffer& (0+255),6,b
  9244  001DAA  D7E9               	goto	i1l5707
  9245  001DAC                     i1l5721:
  9246                           
  9247                           ;kPin.c: 64: }
  9248                           ;kPin.c: 66: kPin[pi].prevState = kPin[pi].state;
  9249  001DAC  5003               	movf	kPin_driverDc@pi,w,c
  9250  001DAE  D80F               	call	PL14	;call to abstracted procedure
  9251  001DB0  0B01               	andlw	1
  9252  001DB2  6E02               	movwf	??_kPin_driverDc& (0+255),c
  9253  001DB4  5003               	movf	kPin_driverDc@pi,w,c
  9254  001DB6  0D02               	mullw	2
  9255  001DB8  50F3               	movf	prodl,w,c
  9256  001DBA  0F3B               	addlw	low _kPin
  9257  001DBC  6ED9               	movwf	fsr2l,c
  9258  001DBE  6ADA               	clrf	fsr2h,c
  9259  001DC0  4602               	rlncf	??_kPin_driverDc,f,c
  9260  001DC2  50DF               	movf	indf2,w,c
  9261  001DC4  1802               	xorwf	??_kPin_driverDc,w,c
  9262  001DC6  0BFD               	andlw	-3
  9263  001DC8  1802               	xorwf	??_kPin_driverDc,w,c
  9264  001DCA  6EDF               	movwf	indf2,c
  9265  001DCC  0012               	return	
  9266  001DCE                     __end_of_kPin_driverDc:
  9267                           	opt stack 0
  9268  001DCE                     PL14:
  9269  001DCE  0D02               	mullw	2
  9270  001DD0  50F3               	movf	prodl,w,c
  9271  001DD2  0F3B               	addlw	low _kPin
  9272  001DD4  6ED9               	movwf	fsr2l,c
  9273  001DD6  6ADA               	clrf	fsr2h,c
  9274  001DD8  50DF               	movf	indf2,w,c
  9275  001DDA  0012               	return	
  9276  001DDC                     PL23:
  9277  001DDC  5003               	movf	kPin_driverDc@pi,w,c
  9278  001DDE  0D02               	mullw	2
  9279  001DE0  50F3               	movf	prodl,w,c
  9280  001DE2  0F3C               	addlw	low (_kPin+1)
  9281  001DE4  6ED9               	movwf	fsr2l,c
  9282  001DE6  6ADA               	clrf	fsr2h,c
  9283  001DE8  0012               	return	
  9284                           tblptru	equ	0xFF8
  9285                           tblptrh	equ	0xFF7
  9286                           tblptrl	equ	0xFF6
  9287                           tablat	equ	0xFF5
  9288                           prodh	equ	0xFF4
  9289                           prodl	equ	0xFF3
  9290                           intcon	equ	0xFF2
  9291                           intcon2	equ	0xFF1
  9292                           postinc0	equ	0xFEE
  9293                           wreg	equ	0xFE8
  9294                           indf1	equ	0xFE7
  9295                           postinc1	equ	0xFE6
  9296                           postdec1	equ	0xFE5
  9297                           fsr1h	equ	0xFE2
  9298                           fsr1l	equ	0xFE1
  9299                           bsr	equ	0xFE0
  9300                           indf2	equ	0xFDF
  9301                           postinc2	equ	0xFDE
  9302                           postdec2	equ	0xFDD
  9303                           plusw2	equ	0xFDB
  9304                           fsr2h	equ	0xFDA
  9305                           fsr2l	equ	0xFD9
  9306                           status	equ	0xFD8
  9307                           
  9308 ;; *************** function i1_t0Driver *****************
  9309 ;; Defined at:
  9310 ;;		line 31 in file "C:\fgr\16gb\libSwPic\timer0\20220922 2300\t0.c"
  9311 ;; Parameters:    Size  Location     Type
  9312 ;;  t0Driver        1    wreg     unsigned char 
  9313 ;; Auto vars:     Size  Location     Type
  9314 ;;  t0Driver        1    2[COMRAM] unsigned char 
  9315 ;; Return value:  Size  Location     Type
  9316 ;;		None               void
  9317 ;; Registers used:
  9318 ;;		wreg, fsr1l, fsr1h, fsr2l, fsr2h, status,2, status,0, prodl, prodh
  9319 ;; Tracked objects:
  9320 ;;		On entry : 0/0
  9321 ;;		On exit  : F/1
  9322 ;;		Unchanged: FFFFFFF0/0
  9323 ;; Data sizes:     COMRAM   BANK0   BANK1   BANK2   BANK3   BANK4   BANK5   BANK6   BANK7
  9324 ;;      Params:         0       0       0       0       0       0       0       0       0
  9325 ;;      Locals:         1       0       0       0       0       0       0       0       0
  9326 ;;      Temps:          2       0       0       0       0       0       0       0       0
  9327 ;;      Totals:         3       0       0       0       0       0       0       0       0
  9328 ;;Total ram usage:        3 bytes
  9329 ;; Hardware stack levels used:    1
  9330 ;; Hardware stack levels required when called:    3
  9331 ;; This function calls:
  9332 ;;		Nothing
  9333 ;; This function is called by:
  9334 ;;		_isr_timer3
  9335 ;; This function uses a non-reentrant model
  9336 ;;
  9337                           
  9338                           	psect	text31
  9339  001BF8                     __ptext31:
  9340                           	opt stack 0
  9341  001BF8                     i1_t0Driver:
  9342                           	opt stack 21
  9343                           
  9344                           ;i1t0Driver@i stored from wreg
  9345  001BF8  CFE8 F003          	movff	wreg,i1t0Driver@i
  9346                           
  9347                           ;t0.c: 33: if(!t0Mem[i].pause && t0Mem[i].prescaler>0)
  9348  001BFC  5003               	movf	i1t0Driver@i,w,c
  9349  001BFE  0D03               	mullw	3
  9350  001C00  CFF3 F001          	movff	prodl,??i1_t0Driver
  9351  001C04  0E02               	movlw	2
  9352  001C06  2601               	addwf	??i1_t0Driver,f,c
  9353  001C08  0101               	movlb	1	; () banked
  9354  001C0A  0E41               	movlw	low _t0Mem
  9355  001C0C  2401               	addwf	??i1_t0Driver,w,c
  9356  001C0E  6ED9               	movwf	fsr2l,c
  9357  001C10  6ADA               	clrf	fsr2h,c
  9358  001C12  0E01               	movlw	high _t0Mem
  9359  001C14  22DA               	addwfc	fsr2h,f,c
  9360  001C16  50DF               	movf	indf2,w,c
  9361  001C18  6E02               	movwf	(??i1_t0Driver+1)& (0+255),c
  9362  001C1A  B402               	btfsc	??i1_t0Driver+1,2,c
  9363  001C1C  0012               	return	
  9364                           
  9365                           ; BSR set to: 1
  9366  001C1E  5003               	movf	i1t0Driver@i,w,c
  9367  001C20  0D03               	mullw	3
  9368  001C22  D82E               	call	PL11	;call to abstracted procedure
  9369  001C24  50DE               	movf	postinc2,w,c
  9370  001C26  10DD               	iorwf	postdec2,w,c
  9371  001C28  B4D8               	btfsc	status,2,c
  9372  001C2A  0012               	return	
  9373                           
  9374                           ; BSR set to: 1
  9375                           ;t0.c: 34: {
  9376                           ;t0.c: 35: t0Mem[i].prescaler--;
  9377  001C2C  5003               	movf	i1t0Driver@i,w,c
  9378  001C2E  0D03               	mullw	3
  9379  001C30  D827               	call	PL11	;call to abstracted procedure
  9380  001C32  06DE               	decf	postinc2,f,c
  9381  001C34  0E00               	movlw	0
  9382  001C36  5ADD               	subwfb	postdec2,f,c
  9383                           
  9384                           ;t0.c: 36: if(t0Mem[i].prescaler==0)
  9385  001C38  5003               	movf	i1t0Driver@i,w,c
  9386  001C3A  0D03               	mullw	3
  9387  001C3C  D821               	call	PL11	;call to abstracted procedure
  9388  001C3E  50DE               	movf	postinc2,w,c
  9389  001C40  10DD               	iorwf	postdec2,w,c
  9390  001C42  A4D8               	btfss	status,2,c
  9391  001C44  0012               	return	
  9392                           
  9393                           ; BSR set to: 1
  9394                           ;t0.c: 37: {
  9395                           ;t0.c: 38: t0Mem[i].flag=1;
  9396  001C46  5003               	movf	i1t0Driver@i,w,c
  9397  001C48  D822               	call	PL20	;call to abstracted procedure
  9398  001C4A  0E02               	movlw	2
  9399  001C4C  12DF               	iorwf	223,f,c
  9400                           
  9401                           ;t0.c: 39: if(t0Mem[i].loop) t0Mem[i].prescaler=t0DelayConstant[i];
  9402  001C4E  5003               	movf	i1t0Driver@i,w,c
  9403  001C50  D81E               	call	PL20	;call to abstracted procedure
  9404  001C52  50DF               	movf	indf2,w,c
  9405  001C54  6E02               	movwf	(??i1_t0Driver+1)& (0+255),c
  9406  001C56  A002               	btfss	??i1_t0Driver+1,0,c
  9407  001C58  0012               	return	
  9408                           
  9409                           ; BSR set to: 1
  9410  001C5A  5003               	movf	i1t0Driver@i,w,c
  9411  001C5C  0D02               	mullw	2
  9412  001C5E  50F3               	movf	prodl,w,c
  9413  001C60  0FAE               	addlw	low _t0DelayConstant
  9414  001C62  6ED9               	movwf	fsr2l,c
  9415  001C64  6ADA               	clrf	fsr2h,c
  9416  001C66  5003               	movf	i1t0Driver@i,w,c
  9417  001C68  0D03               	mullw	3
  9418  001C6A  0E41               	movlw	low _t0Mem
  9419  001C6C  24F3               	addwf	prodl,w,c
  9420  001C6E  6EE1               	movwf	fsr1l,c
  9421  001C70  6AE2               	clrf	fsr1h,c
  9422  001C72  0E01               	movlw	high _t0Mem
  9423  001C74  22E2               	addwfc	fsr1h,f,c
  9424  001C76  CFDE FFE6          	movff	postinc2,postinc1
  9425  001C7A  CFDD FFE5          	movff	postdec2,postdec1
  9426                           
  9427                           ; BSR set to: 1
  9428  001C7E  0012               	return	
  9429  001C80                     __end_ofi1_t0Driver:
  9430                           	opt stack 0
  9431  001C80                     PL11:
  9432  001C80  0E41               	movlw	low _t0Mem
  9433  001C82  24F3               	addwf	prodl,w,c
  9434  001C84  6ED9               	movwf	fsr2l,c
  9435  001C86  6ADA               	clrf	fsr2h,c
  9436  001C88  0E01               	movlw	high _t0Mem
  9437  001C8A  22DA               	addwfc	fsr2h,f,c
  9438  001C8C  0012               	return	
  9439  001C8E                     PL20:
  9440  001C8E  0D03               	mullw	3
  9441  001C90  CFF3 F001          	movff	prodl,??i1_t0Driver
  9442  001C94  0E02               	movlw	2
  9443  001C96  2601               	addwf	??i1_t0Driver,f,c
  9444  001C98  0E41               	movlw	low _t0Mem
  9445  001C9A  2401               	addwf	??i1_t0Driver,w,c
  9446  001C9C  6ED9               	movwf	fsr2l,c
  9447  001C9E  6ADA               	clrf	fsr2h,c
  9448  001CA0  0E01               	movlw	high _t0Mem
  9449  001CA2  22DA               	addwfc	fsr2h,f,c
  9450  001CA4  0012               	return	
  9451                           tblptru	equ	0xFF8
  9452                           tblptrh	equ	0xFF7
  9453                           tblptrl	equ	0xFF6
  9454                           tablat	equ	0xFF5
  9455                           prodh	equ	0xFF4
  9456                           prodl	equ	0xFF3
  9457                           intcon	equ	0xFF2
  9458                           intcon2	equ	0xFF1
  9459                           postinc0	equ	0xFEE
  9460                           wreg	equ	0xFE8
  9461                           indf1	equ	0xFE7
  9462                           postinc1	equ	0xFE6
  9463                           postdec1	equ	0xFE5
  9464                           fsr1h	equ	0xFE2
  9465                           fsr1l	equ	0xFE1
  9466                           bsr	equ	0xFE0
  9467                           indf2	equ	0xFDF
  9468                           postinc2	equ	0xFDE
  9469                           postdec2	equ	0xFDD
  9470                           plusw2	equ	0xFDB
  9471                           fsr2h	equ	0xFDA
  9472                           fsr2l	equ	0xFD9
  9473                           status	equ	0xFD8
  9474                           
  9475 ;; *************** function _isr *****************
  9476 ;; Defined at:
  9477 ;;		line 21 in file "C:\fgr\16gb\0000 interior\deVolt\sw\interrupts.c"
  9478 ;; Parameters:    Size  Location     Type
  9479 ;;		None
  9480 ;; Auto vars:     Size  Location     Type
  9481 ;;		None
  9482 ;; Return value:  Size  Location     Type
  9483 ;;		None               void
  9484 ;; Registers used:
  9485 ;;		wreg, fsr0l, fsr0h, fsr1l, fsr1h, fsr2l, fsr2h, status,2, status,0, pclat, tosl, structret, tblptrl, tblptrh, tblptr
      +u, prodl, prodh, bsr, cstack
  9486 ;; Tracked objects:
  9487 ;;		On entry : 0/0
  9488 ;;		On exit  : 0/0
  9489 ;;		Unchanged: FFFFFFF0/0
  9490 ;; Data sizes:     COMRAM   BANK0   BANK1   BANK2   BANK3   BANK4   BANK5   BANK6   BANK7
  9491 ;;      Params:         0       0       0       0       0       0       0       0       0
  9492 ;;      Locals:         0       0       0       0       0       0       0       0       0
  9493 ;;      Temps:         14       0       0       0       0       0       0       0       0
  9494 ;;      Totals:        14       0       0       0       0       0       0       0       0
  9495 ;;Total ram usage:       14 bytes
  9496 ;; Hardware stack levels used:    1
  9497 ;; Hardware stack levels required when called:    2
  9498 ;; This function calls:
  9499 ;;		_isr_timer0
  9500 ;; This function is called by:
  9501 ;;		Interrupt level 2
  9502 ;; This function uses a non-reentrant model
  9503 ;;
  9504                           
  9505                           	psect	intcode
  9506  000008                     __pintcode:
  9507                           	opt stack 0
  9508  000008                     _isr:
  9509                           	opt stack 21
  9510                           
  9511                           ; BSR set to: 1
  9512  000008  CFFA F016          	movff	pclath,??_isr
  9513  00000C  CFFB F017          	movff	pclatu,??_isr+1
  9514  000010  CFE9 F018          	movff	fsr0l,??_isr+2
  9515  000014  ED5F  F010         	call	int_func,f	;refresh shadow registers
  9516                           pclatu	equ	0xFFB
  9517                           pclath	equ	0xFFA
  9518                           tblptru	equ	0xFF8
  9519                           tblptrh	equ	0xFF7
  9520                           tblptrl	equ	0xFF6
  9521                           tablat	equ	0xFF5
  9522                           prodh	equ	0xFF4
  9523                           prodl	equ	0xFF3
  9524                           intcon	equ	0xFF2
  9525                           intcon2	equ	0xFF1
  9526                           postinc0	equ	0xFEE
  9527                           fsr0l	equ	0xFE9
  9528                           wreg	equ	0xFE8
  9529                           indf1	equ	0xFE7
  9530                           postinc1	equ	0xFE6
  9531                           postdec1	equ	0xFE5
  9532                           fsr1h	equ	0xFE2
  9533                           fsr1l	equ	0xFE1
  9534                           bsr	equ	0xFE0
  9535                           indf2	equ	0xFDF
  9536                           postinc2	equ	0xFDE
  9537                           postdec2	equ	0xFDD
  9538                           plusw2	equ	0xFDB
  9539                           fsr2h	equ	0xFDA
  9540                           fsr2l	equ	0xFD9
  9541                           status	equ	0xFD8
  9542                           
  9543                           	psect	intcode_body
  9544  0020BE                     __pintcode_body:
  9545                           	opt stack 21
  9546  0020BE                     int_func:
  9547                           	opt stack 21
  9548  0020BE  0006               	pop		; remove dummy address from shadow register refresh
  9549  0020C0  CFEA F019          	movff	fsr0h,??_isr+3
  9550  0020C4  CFE1 F01A          	movff	fsr1l,??_isr+4
  9551  0020C8  CFE2 F01B          	movff	fsr1h,??_isr+5
  9552  0020CC  CFD9 F01C          	movff	fsr2l,??_isr+6
  9553  0020D0  CFDA F01D          	movff	fsr2h,??_isr+7
  9554  0020D4  CFF3 F01E          	movff	prodl,??_isr+8
  9555  0020D8  CFF4 F01F          	movff	prodh,??_isr+9
  9556  0020DC  CFF6 F020          	movff	tblptrl,??_isr+10
  9557  0020E0  CFF7 F021          	movff	tblptrh,??_isr+11
  9558  0020E4  CFF8 F022          	movff	tblptru,??_isr+12
  9559  0020E8  CFF5 F023          	movff	tablat,??_isr+13
  9560  0020EC                     
  9561                           ;interrupts.c: 22: if(INTCONbits.TMR0IE && INTCONbits.TMR0IF) isr_timer0();
  9562  0020EC  AAF2               	btfss	intcon,5,c	;volatile
  9563  0020EE  D001               	goto	i2u665_41
  9564  0020F0  D001               	goto	i2u665_40
  9565  0020F2                     i2u665_41:
  9566  0020F2  D006               	goto	i2l634
  9567  0020F4                     i2u665_40:
  9568  0020F4  A4F2               	btfss	intcon,2,c	;volatile
  9569  0020F6  D001               	goto	i2u666_41
  9570  0020F8  D001               	goto	i2u666_40
  9571  0020FA                     i2u666_41:
  9572  0020FA  D002               	goto	i2l634
  9573  0020FC                     i2u666_40:
  9574  0020FC  EC53  F00E         	call	_isr_timer0	;wreg free
  9575  002100                     i2l634:
  9576  002100  C023  FFF5         	movff	??_isr+13,tablat
  9577  002104  C022  FFF8         	movff	??_isr+12,tblptru
  9578  002108  C021  FFF7         	movff	??_isr+11,tblptrh
  9579  00210C  C020  FFF6         	movff	??_isr+10,tblptrl
  9580  002110  C01F  FFF4         	movff	??_isr+9,prodh
  9581  002114  C01E  FFF3         	movff	??_isr+8,prodl
  9582  002118  C01D  FFDA         	movff	??_isr+7,fsr2h
  9583  00211C  C01C  FFD9         	movff	??_isr+6,fsr2l
  9584  002120  C01B  FFE2         	movff	??_isr+5,fsr1h
  9585  002124  C01A  FFE1         	movff	??_isr+4,fsr1l
  9586  002128  C019  FFEA         	movff	??_isr+3,fsr0h
  9587  00212C  C018  FFE9         	movff	??_isr+2,fsr0l
  9588  002130  C017  FFFB         	movff	??_isr+1,pclatu
  9589  002134  C016  FFFA         	movff	??_isr,pclath
  9590  002138  0011               	retfie		f
  9591  00213A                     __end_of_isr:
  9592                           	opt stack 0
  9593                           pclatu	equ	0xFFB
  9594                           pclath	equ	0xFFA
  9595                           tblptru	equ	0xFF8
  9596                           tblptrh	equ	0xFF7
  9597                           tblptrl	equ	0xFF6
  9598                           tablat	equ	0xFF5
  9599                           prodh	equ	0xFF4
  9600                           prodl	equ	0xFF3
  9601                           intcon	equ	0xFF2
  9602                           intcon2	equ	0xFF1
  9603                           postinc0	equ	0xFEE
  9604                           fsr0h	equ	0xFEA
  9605                           fsr0l	equ	0xFE9
  9606                           wreg	equ	0xFE8
  9607                           indf1	equ	0xFE7
  9608                           postinc1	equ	0xFE6
  9609                           postdec1	equ	0xFE5
  9610                           fsr1h	equ	0xFE2
  9611                           fsr1l	equ	0xFE1
  9612                           bsr	equ	0xFE0
  9613                           indf2	equ	0xFDF
  9614                           postinc2	equ	0xFDE
  9615                           postdec2	equ	0xFDD
  9616                           plusw2	equ	0xFDB
  9617                           fsr2h	equ	0xFDA
  9618                           fsr2l	equ	0xFD9
  9619                           status	equ	0xFD8
  9620                           
  9621 ;; *************** function _isr_timer0 *****************
  9622 ;; Defined at:
  9623 ;;		line 33 in file "C:\fgr\16gb\0000 interior\deVolt\sw\interrupts.c"
  9624 ;; Parameters:    Size  Location     Type
  9625 ;;		None
  9626 ;; Auto vars:     Size  Location     Type
  9627 ;;		None
  9628 ;; Return value:  Size  Location     Type
  9629 ;;		None               void
  9630 ;; Registers used:
  9631 ;;		wreg, fsr1l, fsr1h, fsr2l, fsr2h, status,2, status,0, cstack
  9632 ;; Tracked objects:
  9633 ;;		On entry : 0/0
  9634 ;;		On exit  : E/0
  9635 ;;		Unchanged: FFFFFFF0/0
  9636 ;; Data sizes:     COMRAM   BANK0   BANK1   BANK2   BANK3   BANK4   BANK5   BANK6   BANK7
  9637 ;;      Params:         0       0       0       0       0       0       0       0       0
  9638 ;;      Locals:         0       0       0       0       0       0       0       0       0
  9639 ;;      Temps:          0       0       0       0       0       0       0       0       0
  9640 ;;      Totals:         0       0       0       0       0       0       0       0       0
  9641 ;;Total ram usage:        0 bytes
  9642 ;; Hardware stack levels used:    1
  9643 ;; Hardware stack levels required when called:    1
  9644 ;; This function calls:
  9645 ;;		_fseek
  9646 ;;		_fgetc
  9647 ;;		_char2pins
  9648 ;; This function is called by:
  9649 ;;		_isr
  9650 ;; This function uses a non-reentrant model
  9651 ;;
  9652                           
  9653                           	psect	text33
  9654  001CA6                     __ptext33:
  9655                           	opt stack 0
  9656  001CA6                     _isr_timer0:
  9657                           	opt stack 21
  9658                           
  9659                           ;interrupts.c: 34: if(tOnFlag)
  9660  001CA6  503A               	movf	_tOnFlag,w,c
  9661  001CA8  E03C               	bz	i2l5631
  9662                           
  9663                           ;interrupts.c: 35: {
  9664                           ;interrupts.c: 36: TMR0=brilloTon[brilloMem];
  9665  001CAA  0E91               	movlw	low _brilloTon
  9666  001CAC  2445               	addwf	_brilloMem,w,c
  9667  001CAE  6ED9               	movwf	fsr2l,c
  9668  001CB0  6ADA               	clrf	fsr2h,c
  9669  001CB2  0E01               	movlw	high _brilloTon
  9670  001CB4  22DA               	addwfc	fsr2h,f,c
  9671  001CB6  50DF               	movf	indf2,w,c
  9672  001CB8  6ED6               	movwf	4054,c	;volatile
  9673  001CBA  6AD7               	clrf	4055,c	;volatile
  9674                           
  9675                           ; BSR set to: 1
  9676                           ;interrupts.c: 37: tOnFlag=0;
  9677  001CBC  6A3A               	clrf	_tOnFlag,c
  9678                           
  9679                           ; BSR set to: 1
  9680                           ;interrupts.c: 39: if(segments.nextUp>3)
  9681  001CBE  0E03               	movlw	3
  9682  001CC0  0100               	movlb	0	; () banked
  9683  001CC2  65D1               	cpfsgt	_segments& (0+255),b
  9684  001CC4  D00F               	goto	i2l5621
  9685                           
  9686                           ; BSR set to: 0
  9687                           ;interrupts.c: 40: {
  9688                           ;interrupts.c: 41: fseek(&muxFile,0,2);
  9689  001CC6  0101               	movlb	1	; () banked
  9690  001CC8  0E01               	movlw	high _muxFile
  9691  001CCA  6E10               	movwf	?_fseek+1,c
  9692  001CCC  0E96               	movlw	low _muxFile
  9693  001CCE  6E0F               	movwf	?_fseek,c
  9694  001CD0  6A12               	clrf	?_fseek+3,c
  9695  001CD2  6A11               	clrf	?_fseek+2,c
  9696  001CD4  6A14               	clrf	?_fseek+5,c
  9697  001CD6  0E02               	movlw	2
  9698  001CD8  6E13               	movwf	?_fseek+4,c
  9699  001CDA  EC24  F00C         	call	_fseek	;wreg free
  9700                           
  9701                           ; BSR set to: 1
  9702                           ;interrupts.c: 42: segments.nextUp=0;
  9703  001CDE  0100               	movlb	0	; () banked
  9704  001CE0  6BD1               	clrf	_segments& (0+255),b
  9705                           
  9706                           ;interrupts.c: 43: }
  9707  001CE2  D001               	goto	i2l5623
  9708  001CE4                     i2l5621:
  9709                           
  9710                           ; BSR set to: 0
  9711                           ;interrupts.c: 44: else segments.nextUp++;
  9712  001CE4  2BD1               	incf	_segments& (0+255),f,b
  9713  001CE6                     i2l5623:
  9714                           
  9715                           ; BSR set to: 0
  9716                           ;interrupts.c: 46: PORTBbits.RB3=0;
  9717  001CE6  9681               	bcf	3969,3,c	;volatile
  9718                           
  9719                           ; BSR set to: 0
  9720                           ;interrupts.c: 47: char2pins(fgetc(&muxFile));
  9721  001CE8  0101               	movlb	1	; () banked
  9722  001CEA  0E01               	movlw	high _muxFile
  9723  001CEC  6E10               	movwf	?_fgetc+1,c
  9724  001CEE  0E96               	movlw	low _muxFile
  9725  001CF0  6E0F               	movwf	?_fgetc,c
  9726  001CF2  EC8B  F011         	call	_fgetc	;wreg free
  9727  001CF6  EC8E  F009         	call	_char2pins
  9728                           
  9729                           ;interrupts.c: 49: switch(segments.nextUp)
  9730  001CFA  D009               	goto	i2l5629
  9731  001CFC                     i2l647:
  9732                           
  9733                           ; BSR set to: 0
  9734  001CFC  8A80               	bsf	3968,5,c	;volatile
  9735  001CFE  D022               	goto	i2l5645
  9736  001D00                     i2l649:
  9737                           
  9738                           ; BSR set to: 0
  9739  001D00  8681               	bsf	3969,3,c	;volatile
  9740  001D02  8280               	bsf	3968,1,c	;volatile
  9741  001D04  D01F               	goto	i2l5645
  9742  001D06                     i2l650:
  9743                           
  9744                           ; BSR set to: 0
  9745  001D06  8080               	bsf	3968,0,c	;volatile
  9746  001D08  D01D               	goto	i2l5645
  9747  001D0A                     i2l651:
  9748                           
  9749                           ; BSR set to: 0
  9750  001D0A  8880               	bsf	3968,4,c	;volatile
  9751  001D0C  D01B               	goto	i2l5645
  9752  001D0E                     i2l5629:
  9753                           
  9754                           ; BSR set to: 1
  9755  001D0E  0100               	movlb	0	; () banked
  9756  001D10  51D1               	movf	_segments& (0+255),w,b
  9757                           
  9758                           ; Switch size 1, requested type "space"
  9759                           ; Number of cases is 4, Range of values is 0 to 3
  9760                           ; switch strategies available:
  9761                           ; Name         Instructions Cycles
  9762                           ; simple_byte           13     7 (average)
  9763                           ;	Chosen strategy is simple_byte
  9764  001D12  E0F4               	bz	i2l647
  9765  001D14  0A01               	xorlw	1	; case 1
  9766  001D16  E0F4               	bz	i2l649
  9767  001D18  0A03               	xorlw	3	; case 2
  9768  001D1A  E0F5               	bz	i2l650
  9769  001D1C  0A01               	xorlw	1	; case 3
  9770  001D1E  E0F5               	bz	i2l651
  9771  001D20  D011               	goto	i2l5645
  9772  001D22                     i2l5631:
  9773                           
  9774                           ;interrupts.c: 57: else
  9775                           ;interrupts.c: 58: {
  9776                           ;interrupts.c: 59: TMR0=brilloToff[brilloMem];
  9777  001D22  0101               	movlb	1	; () banked
  9778  001D24  0E8C               	movlw	low _brilloToff
  9779  001D26  2445               	addwf	_brilloMem,w,c
  9780  001D28  6ED9               	movwf	fsr2l,c
  9781  001D2A  6ADA               	clrf	fsr2h,c
  9782  001D2C  0E01               	movlw	high _brilloToff
  9783  001D2E  22DA               	addwfc	fsr2h,f,c
  9784  001D30  50DF               	movf	indf2,w,c
  9785  001D32  6ED6               	movwf	4054,c	;volatile
  9786  001D34  6AD7               	clrf	4055,c	;volatile
  9787                           
  9788                           ; BSR set to: 1
  9789                           ;interrupts.c: 60: tOnFlag=1;
  9790  001D36  0E01               	movlw	1
  9791  001D38  6E3A               	movwf	_tOnFlag,c
  9792                           
  9793                           ; BSR set to: 1
  9794                           ;interrupts.c: 62: PORTAbits.RA0=0;
  9795  001D3A  9080               	bcf	3968,0,c	;volatile
  9796                           
  9797                           ; BSR set to: 1
  9798                           ;interrupts.c: 63: PORTAbits.RA1=0;
  9799  001D3C  9280               	bcf	3968,1,c	;volatile
  9800                           
  9801                           ; BSR set to: 1
  9802                           ;interrupts.c: 64: PORTAbits.RA5=0;
  9803  001D3E  9A80               	bcf	3968,5,c	;volatile
  9804                           
  9805                           ; BSR set to: 1
  9806                           ;interrupts.c: 65: PORTAbits.RA4=0;
  9807  001D40  9880               	bcf	3968,4,c	;volatile
  9808                           
  9809                           ; BSR set to: 1
  9810                           ;interrupts.c: 66: PORTBbits.RB3=0;
  9811  001D42  9681               	bcf	3969,3,c	;volatile
  9812  001D44                     i2l5645:
  9813                           
  9814                           ;interrupts.c: 67: }
  9815                           ;interrupts.c: 68: INTCONbits.TMR0IF=0;
  9816  001D44  94F2               	bcf	intcon,2,c	;volatile
  9817  001D46  0012               	return	
  9818  001D48                     __end_of_isr_timer0:
  9819                           	opt stack 0
  9820                           pclatu	equ	0xFFB
  9821                           pclath	equ	0xFFA
  9822                           tblptru	equ	0xFF8
  9823                           tblptrh	equ	0xFF7
  9824                           tblptrl	equ	0xFF6
  9825                           tablat	equ	0xFF5
  9826                           prodh	equ	0xFF4
  9827                           prodl	equ	0xFF3
  9828                           intcon	equ	0xFF2
  9829                           intcon2	equ	0xFF1
  9830                           postinc0	equ	0xFEE
  9831                           fsr0h	equ	0xFEA
  9832                           fsr0l	equ	0xFE9
  9833                           wreg	equ	0xFE8
  9834                           indf1	equ	0xFE7
  9835                           postinc1	equ	0xFE6
  9836                           postdec1	equ	0xFE5
  9837                           fsr1h	equ	0xFE2
  9838                           fsr1l	equ	0xFE1
  9839                           bsr	equ	0xFE0
  9840                           indf2	equ	0xFDF
  9841                           postinc2	equ	0xFDE
  9842                           postdec2	equ	0xFDD
  9843                           plusw2	equ	0xFDB
  9844                           fsr2h	equ	0xFDA
  9845                           fsr2l	equ	0xFD9
  9846                           status	equ	0xFD8
  9847                           
  9848 ;; *************** function _fseek *****************
  9849 ;; Defined at:
  9850 ;;		line 117 in file "C:\fgr\16gb\0000 interior\deVolt\sw\stdio.c"
  9851 ;; Parameters:    Size  Location     Type
  9852 ;;  fp              2   14[COMRAM] PTR struct .
  9853 ;;		 -> muxFile(7), 
  9854 ;;  offset          2   16[COMRAM] int 
  9855 ;;  mode            2   18[COMRAM] int 
  9856 ;; Auto vars:     Size  Location     Type
  9857 ;;		None
  9858 ;; Return value:  Size  Location     Type
  9859 ;;		None               void
  9860 ;; Registers used:
  9861 ;;		wreg, fsr1l, fsr1h, fsr2l, fsr2h, status,2, status,0
  9862 ;; Tracked objects:
  9863 ;;		On entry : F/1
  9864 ;;		On exit  : F/1
  9865 ;;		Unchanged: FFFFFFF0/0
  9866 ;; Data sizes:     COMRAM   BANK0   BANK1   BANK2   BANK3   BANK4   BANK5   BANK6   BANK7
  9867 ;;      Params:         6       0       0       0       0       0       0       0       0
  9868 ;;      Locals:         0       0       0       0       0       0       0       0       0
  9869 ;;      Temps:          1       0       0       0       0       0       0       0       0
  9870 ;;      Totals:         7       0       0       0       0       0       0       0       0
  9871 ;;Total ram usage:        7 bytes
  9872 ;; Hardware stack levels used:    1
  9873 ;; This function calls:
  9874 ;;		Nothing
  9875 ;; This function is called by:
  9876 ;;		_isr_timer0
  9877 ;; This function uses a non-reentrant model
  9878 ;;
  9879                           
  9880                           	psect	text34
  9881  001848                     __ptext34:
  9882                           	opt stack 0
  9883  001848                     _fseek:
  9884                           	opt stack 21
  9885                           
  9886                           ; BSR set to: 1
  9887                           ;stdio.c: 118: fp->flg&=~(1<<3);
  9888  001848  C00F  FFD9         	movff	fseek@fp,fsr2l
  9889  00184C  C010  FFDA         	movff	fseek@fp+1,fsr2h
  9890  001850  0EF7               	movlw	247
  9891  001852  16DF               	andwf	indf2,f,c
  9892                           
  9893                           ; BSR set to: 1
  9894                           ;stdio.c: 119: if(mode==2)
  9895  001854  5013               	movf	fseek@mode,w,c
  9896  001856  0A02               	xorlw	2
  9897  001858  1014               	iorwf	fseek@mode+1,w,c
  9898  00185A  E129               	bnz	i2l5659
  9899                           
  9900                           ; BSR set to: 1
  9901                           ;stdio.c: 120: {
  9902                           ;stdio.c: 121: if(fp->flg&(1<<0))
  9903  00185C  D865               	call	PL13	;call to abstracted procedure
  9904  00185E  A015               	btfss	??_fseek,0,c
  9905  001860  D011               	goto	i2l5655
  9906                           
  9907                           ; BSR set to: 1
  9908                           ;stdio.c: 122: {
  9909                           ;stdio.c: 123: (fp->nxr)=fp->bas;
  9910  001862  EE20 F003          	lfsr	2,3
  9911  001866  500F               	movf	fseek@fp,w,c
  9912  001868  26D9               	addwf	fsr2l,f,c
  9913  00186A  5010               	movf	fseek@fp+1,w,c
  9914  00186C  22DA               	addwfc	fsr2h,f,c
  9915  00186E  EE10 F001          	lfsr	1,1
  9916                           
  9917                           ;stdio.c: 124: (fp->nr)=fp->bufsiz;
  9918  001872  D861               	call	PL16	;call to abstracted procedure
  9919  001874  EE10 F004          	lfsr	1,4
  9920  001878  500F               	movf	fseek@fp,w,c
  9921  00187A  26E1               	addwf	fsr1l,f,c
  9922  00187C  5010               	movf	fseek@fp+1,w,c
  9923  00187E  22E2               	addwfc	fsr1h,f,c
  9924  001880  CFDF FFE7          	movff	indf2,indf1
  9925  001884                     i2l5655:
  9926                           
  9927                           ; BSR set to: 1
  9928                           ;stdio.c: 125: }
  9929                           ;stdio.c: 126: if(fp->flg&(1<<1))
  9930  001884  D851               	call	PL13	;call to abstracted procedure
  9931  001886  A215               	btfss	??_fseek,1,c
  9932  001888  0012               	return	
  9933                           
  9934                           ; BSR set to: 1
  9935                           ;stdio.c: 127: {
  9936                           ;stdio.c: 128: (fp->nxw)=fp->bas;
  9937  00188A  EE20 F003          	lfsr	2,3
  9938  00188E  500F               	movf	fseek@fp,w,c
  9939  001890  26D9               	addwf	fsr2l,f,c
  9940  001892  5010               	movf	fseek@fp+1,w,c
  9941  001894  22DA               	addwfc	fsr2h,f,c
  9942  001896  EE10 F002          	lfsr	1,2
  9943                           
  9944                           ;stdio.c: 129: (fp->nw)=fp->bufsiz;
  9945  00189A  D84D               	call	PL16	;call to abstracted procedure
  9946  00189C  EE10 F005          	lfsr	1,5
  9947  0018A0  500F               	movf	fseek@fp,w,c
  9948  0018A2  26E1               	addwf	fsr1l,f,c
  9949  0018A4  5010               	movf	fseek@fp+1,w,c
  9950  0018A6  22E2               	addwfc	fsr1h,f,c
  9951  0018A8  CFDF FFE7          	movff	indf2,indf1
  9952  0018AC  0012               	return	
  9953  0018AE                     i2l5659:
  9954                           
  9955                           ; BSR set to: 1
  9956                           ;stdio.c: 132: else if(mode==0)
  9957  0018AE  5014               	movf	fseek@mode+1,w,c
  9958  0018B0  1013               	iorwf	fseek@mode,w,c
  9959  0018B2  E10F               	bnz	i2l5673
  9960                           
  9961                           ; BSR set to: 1
  9962                           ;stdio.c: 133: {
  9963                           ;stdio.c: 134: if(fp->flg&(1<<0))
  9964  0018B4  D839               	call	PL13	;call to abstracted procedure
  9965  0018B6  A015               	btfss	??_fseek,0,c
  9966  0018B8  D004               	goto	i2l5667
  9967                           
  9968                           ; BSR set to: 1
  9969                           ;stdio.c: 135: {
  9970                           ;stdio.c: 136: (fp->nxr)=fp->bas+fp->bufsiz;
  9971  0018BA  EE20 F001          	lfsr	2,1
  9972  0018BE  500F               	movf	fseek@fp,w,c
  9973                           
  9974                           ; BSR set to: 1
  9975                           ;stdio.c: 137: (fp->nw)=0;
  9976  0018C0  D816               	call	PL8	;call to abstracted procedure
  9977  0018C2                     i2l5667:
  9978                           
  9979                           ; BSR set to: 1
  9980                           ;stdio.c: 138: }
  9981                           ;stdio.c: 139: if(fp->flg&(1<<1))
  9982  0018C2  D832               	call	PL13	;call to abstracted procedure
  9983  0018C4  A215               	btfss	??_fseek,1,c
  9984  0018C6  0012               	return	
  9985                           
  9986                           ; BSR set to: 1
  9987                           ;stdio.c: 140: {
  9988                           ;stdio.c: 141: (fp->nxw)=fp->bas+fp->bufsiz;
  9989  0018C8  EE20 F002          	lfsr	2,2
  9990  0018CC  500F               	movf	fseek@fp,w,c
  9991                           
  9992                           ; BSR set to: 1
  9993                           ;stdio.c: 142: (fp->nw)=0;
  9994  0018CE  D80F               	call	PL8	;call to abstracted procedure
  9995  0018D0  0C00               	retlw	0
  9996  0018D2                     i2l5673:
  9997                           
  9998                           ; BSR set to: 1
  9999                           ;stdio.c: 145: else
 10000                           ;stdio.c: 146: {
 10001                           ;stdio.c: 147: if(fp->flg&(1<<0))
 10002  0018D2  D82A               	call	PL13	;call to abstracted procedure
 10003  0018D4  A015               	btfss	??_fseek,0,c
 10004  0018D6  D004               	goto	i2l740
 10005                           
 10006                           ; BSR set to: 1
 10007                           ;stdio.c: 148: {
 10008                           ;stdio.c: 149: (fp->nxr)+=offset;
 10009  0018D8  EE20 F001          	lfsr	2,1
 10010  0018DC  500F               	movf	fseek@fp,w,c
 10011                           
 10012                           ;stdio.c: 150: (fp->nw)-=offset;
 10013  0018DE  D838               	call	PL18	;call to abstracted procedure
 10014  0018E0                     i2l740:
 10015                           
 10016                           ; BSR set to: 1
 10017                           ;stdio.c: 151: }
 10018                           ;stdio.c: 152: if(fp->flg&(1<<1))
 10019  0018E0  D823               	call	PL13	;call to abstracted procedure
 10020  0018E2  A215               	btfss	??_fseek,1,c
 10021  0018E4  0012               	return	
 10022                           
 10023                           ; BSR set to: 1
 10024                           ;stdio.c: 153: {
 10025                           ;stdio.c: 154: (fp->nxw)+=offset;
 10026  0018E6  EE20 F002          	lfsr	2,2
 10027  0018EA  500F               	movf	fseek@fp,w,c
 10028                           
 10029                           ;stdio.c: 155: (fp->nw)-=offset;
 10030  0018EC  D031               	goto	PL18	;call to abstracted procedure
 10031  0018EE                     __end_of_fseek:
 10032                           	opt stack 0
 10033  0018EE                     PL8:
 10034  0018EE  26D9               	addwf	fsr2l,f,c
 10035  0018F0  5010               	movf	fseek@fp+1,w,c
 10036  0018F2  22DA               	addwfc	fsr2h,f,c
 10037  0018F4  EE10 F006          	lfsr	1,6
 10038  0018F8  500F               	movf	fseek@fp,w,c
 10039  0018FA  26E1               	addwf	fsr1l,f,c
 10040  0018FC  5010               	movf	fseek@fp+1,w,c
 10041  0018FE  22E2               	addwfc	fsr1h,f,c
 10042  001900  50E7               	movf	indf1,w,c
 10043  001902  6E15               	movwf	??_fseek& (0+255),c
 10044  001904  EE10 F003          	lfsr	1,3
 10045  001908  500F               	movf	fseek@fp,w,c
 10046  00190A  26E1               	addwf	fsr1l,f,c
 10047  00190C  5010               	movf	fseek@fp+1,w,c
 10048  00190E  22E2               	addwfc	fsr1h,f,c
 10049  001910  50E7               	movf	indf1,w,c
 10050  001912  2415               	addwf	??_fseek,w,c
 10051  001914  6EDF               	movwf	indf2,c
 10052  001916  EE20 F005          	lfsr	2,5
 10053  00191A  500F               	movf	fseek@fp,w,c
 10054  00191C  26D9               	addwf	fsr2l,f,c
 10055  00191E  5010               	movf	fseek@fp+1,w,c
 10056  001920  22DA               	addwfc	fsr2h,f,c
 10057  001922  0E00               	movlw	0
 10058  001924  6EDF               	movwf	indf2,c
 10059  001926  0C00               	retlw	0
 10060  001928                     PL13:
 10061  001928  C00F  FFD9         	movff	fseek@fp,fsr2l
 10062  00192C  C010  FFDA         	movff	fseek@fp+1,fsr2h
 10063  001930  50DF               	movf	indf2,w,c
 10064  001932  6E15               	movwf	??_fseek& (0+255),c
 10065  001934  0012               	return	
 10066  001936                     PL16:
 10067  001936  500F               	movf	fseek@fp,w,c
 10068  001938  26E1               	addwf	fsr1l,f,c
 10069  00193A  5010               	movf	fseek@fp+1,w,c
 10070  00193C  22E2               	addwfc	fsr1h,f,c
 10071  00193E  CFDF FFE7          	movff	indf2,indf1
 10072  001942  EE20 F006          	lfsr	2,6
 10073  001946  500F               	movf	fseek@fp,w,c
 10074  001948  26D9               	addwf	fsr2l,f,c
 10075  00194A  5010               	movf	fseek@fp+1,w,c
 10076  00194C  22DA               	addwfc	fsr2h,f,c
 10077  00194E  0012               	return	
 10078  001950                     PL18:
 10079  001950  26D9               	addwf	fsr2l,f,c
 10080  001952  5010               	movf	fseek@fp+1,w,c
 10081  001954  22DA               	addwfc	fsr2h,f,c
 10082  001956  5011               	movf	fseek@offset,w,c
 10083  001958  26DF               	addwf	indf2,f,c
 10084  00195A  EE20 F005          	lfsr	2,5
 10085  00195E  500F               	movf	fseek@fp,w,c
 10086  001960  26D9               	addwf	fsr2l,f,c
 10087  001962  5010               	movf	fseek@fp+1,w,c
 10088  001964  22DA               	addwfc	fsr2h,f,c
 10089  001966  5011               	movf	fseek@offset,w,c
 10090  001968  5EDF               	subwf	indf2,f,c
 10091  00196A  0012               	return	
 10092                           pclatu	equ	0xFFB
 10093                           pclath	equ	0xFFA
 10094                           tblptru	equ	0xFF8
 10095                           tblptrh	equ	0xFF7
 10096                           tblptrl	equ	0xFF6
 10097                           tablat	equ	0xFF5
 10098                           prodh	equ	0xFF4
 10099                           prodl	equ	0xFF3
 10100                           intcon	equ	0xFF2
 10101                           intcon2	equ	0xFF1
 10102                           postinc0	equ	0xFEE
 10103                           fsr0h	equ	0xFEA
 10104                           fsr0l	equ	0xFE9
 10105                           wreg	equ	0xFE8
 10106                           indf1	equ	0xFE7
 10107                           postinc1	equ	0xFE6
 10108                           postdec1	equ	0xFE5
 10109                           fsr1h	equ	0xFE2
 10110                           fsr1l	equ	0xFE1
 10111                           bsr	equ	0xFE0
 10112                           indf2	equ	0xFDF
 10113                           postinc2	equ	0xFDE
 10114                           postdec2	equ	0xFDD
 10115                           plusw2	equ	0xFDB
 10116                           fsr2h	equ	0xFDA
 10117                           fsr2l	equ	0xFD9
 10118                           status	equ	0xFD8
 10119                           
 10120 ;; *************** function _char2pins *****************
 10121 ;; Defined at:
 10122 ;;		line 23 in file "C:\fgr\16gb\0000 interior\deVolt\sw\segments.c"
 10123 ;; Parameters:    Size  Location     Type
 10124 ;;  c               1    wreg     unsigned char 
 10125 ;; Auto vars:     Size  Location     Type
 10126 ;;  c               1   14[COMRAM] unsigned char 
 10127 ;; Return value:  Size  Location     Type
 10128 ;;		None               void
 10129 ;; Registers used:
 10130 ;;		wreg, status,2, status,0
 10131 ;; Tracked objects:
 10132 ;;		On entry : F/1
 10133 ;;		On exit  : F/1
 10134 ;;		Unchanged: FFFFFFF0/0
 10135 ;; Data sizes:     COMRAM   BANK0   BANK1   BANK2   BANK3   BANK4   BANK5   BANK6   BANK7
 10136 ;;      Params:         0       0       0       0       0       0       0       0       0
 10137 ;;      Locals:         1       0       0       0       0       0       0       0       0
 10138 ;;      Temps:          0       0       0       0       0       0       0       0       0
 10139 ;;      Totals:         1       0       0       0       0       0       0       0       0
 10140 ;;Total ram usage:        1 bytes
 10141 ;; Hardware stack levels used:    1
 10142 ;; This function calls:
 10143 ;;		Nothing
 10144 ;; This function is called by:
 10145 ;;		_isr_timer0
 10146 ;; This function uses a non-reentrant model
 10147 ;;
 10148                           
 10149                           	psect	text35
 10150  00131C                     __ptext35:
 10151                           	opt stack 0
 10152  00131C                     _char2pins:
 10153                           	opt stack 21
 10154                           
 10155                           ; BSR set to: 1
 10156                           ;char2pins@c stored from wreg
 10157  00131C  CFE8 F00F          	movff	wreg,char2pins@c
 10158                           
 10159                           ; BSR set to: 1
 10160                           ;segments.c: 24: switch(c)
 10161  001320  D083               	goto	i2l5695
 10162  001322                     i2l802:
 10163                           
 10164                           ; BSR set to: 1
 10165                           ;segments.c: 27: PORTAbits.RA2=1;
 10166  001322  8480               	bsf	3968,2,c	;volatile
 10167                           
 10168                           ;segments.c: 28: PORTBbits.RB7=1;
 10169  001324  8E81               	bsf	3969,7,c	;volatile
 10170                           
 10171                           ;segments.c: 29: PORTBbits.RB1=1;
 10172  001326  8281               	bsf	3969,1,c	;volatile
 10173                           
 10174                           ;segments.c: 30: PORTBbits.RB2=1;
 10175  001328  8481               	bsf	3969,2,c	;volatile
 10176                           
 10177                           ;segments.c: 31: PORTBbits.RB4=1;
 10178  00132A  8881               	bsf	3969,4,c	;volatile
 10179                           
 10180                           ;segments.c: 32: PORTBbits.RB6=1;
 10181  00132C  8C81               	bsf	3969,6,c	;volatile
 10182                           
 10183                           ;segments.c: 33: PORTBbits.RB5=0;
 10184  00132E  9A81               	bcf	3969,5,c	;volatile
 10185                           
 10186                           ;segments.c: 34: break;
 10187  001330  0012               	return	
 10188  001332                     i2l804:
 10189                           
 10190                           ; BSR set to: 1
 10191                           ;segments.c: 36: PORTAbits.RA2=0;
 10192  001332  9480               	bcf	3968,2,c	;volatile
 10193                           
 10194                           ;segments.c: 37: PORTBbits.RB7=1;
 10195  001334  8E81               	bsf	3969,7,c	;volatile
 10196                           
 10197                           ;segments.c: 38: PORTBbits.RB1=1;
 10198                           
 10199                           ;segments.c: 39: PORTBbits.RB2=0;
 10200                           
 10201                           ;segments.c: 40: PORTBbits.RB4=0;
 10202                           
 10203                           ;segments.c: 41: PORTBbits.RB6=0;
 10204                           
 10205                           ;segments.c: 42: PORTBbits.RB5=0;
 10206                           
 10207                           ;segments.c: 43: break;
 10208  001336  D101               	goto	PL35	;call to abstracted procedure
 10209  001338                     i2l805:
 10210                           
 10211                           ; BSR set to: 1
 10212                           ;segments.c: 45: PORTAbits.RA2=1;
 10213  001338  8480               	bsf	3968,2,c	;volatile
 10214                           
 10215                           ;segments.c: 46: PORTBbits.RB7=1;
 10216  00133A  8E81               	bsf	3969,7,c	;volatile
 10217                           
 10218                           ;segments.c: 47: PORTBbits.RB1=0;
 10219                           
 10220                           ;segments.c: 48: PORTBbits.RB2=1;
 10221                           
 10222                           ;segments.c: 49: PORTBbits.RB4=1;
 10223                           
 10224                           ;segments.c: 50: PORTBbits.RB6=0;
 10225                           
 10226                           ;segments.c: 51: PORTBbits.RB5=1;
 10227                           
 10228                           ;segments.c: 52: break;
 10229  00133C  D0F2               	goto	PL33	;call to abstracted procedure
 10230  00133E                     i2l806:
 10231                           
 10232                           ; BSR set to: 1
 10233                           ;segments.c: 54: PORTAbits.RA2=1;
 10234  00133E  8480               	bsf	3968,2,c	;volatile
 10235                           
 10236                           ;segments.c: 55: PORTBbits.RB7=1;
 10237  001340  8E81               	bsf	3969,7,c	;volatile
 10238                           
 10239                           ;segments.c: 56: PORTBbits.RB1=1;
 10240  001342  8281               	bsf	3969,1,c	;volatile
 10241                           
 10242                           ;segments.c: 57: PORTBbits.RB2=1;
 10243  001344  8481               	bsf	3969,2,c	;volatile
 10244                           
 10245                           ;segments.c: 58: PORTBbits.RB4=0;
 10246  001346  9881               	bcf	3969,4,c	;volatile
 10247                           
 10248                           ;segments.c: 59: PORTBbits.RB6=0;
 10249  001348  9C81               	bcf	3969,6,c	;volatile
 10250                           
 10251                           ;segments.c: 60: PORTBbits.RB5=1;
 10252  00134A  8A81               	bsf	3969,5,c	;volatile
 10253                           
 10254                           ;segments.c: 61: break;
 10255  00134C  0012               	return	
 10256  00134E                     i2l807:
 10257                           
 10258                           ; BSR set to: 1
 10259                           ;segments.c: 63: PORTAbits.RA2=0;
 10260  00134E  9480               	bcf	3968,2,c	;volatile
 10261                           
 10262                           ;segments.c: 64: PORTBbits.RB7=1;
 10263  001350  8E81               	bsf	3969,7,c	;volatile
 10264                           
 10265                           ;segments.c: 65: PORTBbits.RB1=1;
 10266  001352  8281               	bsf	3969,1,c	;volatile
 10267                           
 10268                           ;segments.c: 66: PORTBbits.RB2=0;
 10269  001354  9481               	bcf	3969,2,c	;volatile
 10270                           
 10271                           ;segments.c: 67: PORTBbits.RB4=0;
 10272  001356  9881               	bcf	3969,4,c	;volatile
 10273                           
 10274                           ;segments.c: 68: PORTBbits.RB6=1;
 10275  001358  8C81               	bsf	3969,6,c	;volatile
 10276                           
 10277                           ;segments.c: 69: PORTBbits.RB5=1;
 10278  00135A  8A81               	bsf	3969,5,c	;volatile
 10279                           
 10280                           ;segments.c: 70: break;
 10281  00135C  0012               	return	
 10282  00135E                     i2l808:
 10283                           
 10284                           ; BSR set to: 1
 10285                           ;segments.c: 72: PORTAbits.RA2=1;
 10286  00135E  8480               	bsf	3968,2,c	;volatile
 10287                           
 10288                           ;segments.c: 73: PORTBbits.RB7=0;
 10289  001360  9E81               	bcf	3969,7,c	;volatile
 10290                           
 10291                           ;segments.c: 74: PORTBbits.RB1=1;
 10292                           
 10293                           ;segments.c: 75: PORTBbits.RB2=1;
 10294                           
 10295                           ;segments.c: 76: PORTBbits.RB4=0;
 10296                           
 10297                           ;segments.c: 77: PORTBbits.RB6=1;
 10298                           
 10299                           ;segments.c: 78: PORTBbits.RB5=1;
 10300                           
 10301                           ;segments.c: 79: break;
 10302  001362  D0B8               	goto	PL21	;call to abstracted procedure
 10303  001364                     i2l809:
 10304                           
 10305                           ; BSR set to: 1
 10306                           ;segments.c: 81: PORTAbits.RA2=1;
 10307  001364  8480               	bsf	3968,2,c	;volatile
 10308  001366  D01F               	goto	L57
 10309  001368                     i2l810:
 10310                           
 10311                           ; BSR set to: 1
 10312                           ;segments.c: 90: PORTAbits.RA2=1;
 10313  001368  8480               	bsf	3968,2,c	;volatile
 10314                           
 10315                           ;segments.c: 91: PORTBbits.RB7=1;
 10316  00136A  8E81               	bsf	3969,7,c	;volatile
 10317                           
 10318                           ;segments.c: 92: PORTBbits.RB1=1;
 10319  00136C  8281               	bsf	3969,1,c	;volatile
 10320                           
 10321                           ;segments.c: 93: PORTBbits.RB2=0;
 10322  00136E  9481               	bcf	3969,2,c	;volatile
 10323                           
 10324                           ;segments.c: 94: PORTBbits.RB4=0;
 10325  001370  9881               	bcf	3969,4,c	;volatile
 10326                           
 10327                           ;segments.c: 95: PORTBbits.RB6=1;
 10328  001372  8C81               	bsf	3969,6,c	;volatile
 10329                           
 10330                           ;segments.c: 96: PORTBbits.RB5=0;
 10331  001374  9A81               	bcf	3969,5,c	;volatile
 10332                           
 10333                           ;segments.c: 97: break;
 10334  001376  0012               	return	
 10335  001378                     i2l811:
 10336                           
 10337                           ; BSR set to: 1
 10338                           ;segments.c: 99: PORTAbits.RA2=1;
 10339  001378  8480               	bsf	3968,2,c	;volatile
 10340                           
 10341                           ;segments.c: 100: PORTBbits.RB7=1;
 10342  00137A  8E81               	bsf	3969,7,c	;volatile
 10343                           
 10344                           ;segments.c: 101: PORTBbits.RB1=1;
 10345                           
 10346                           ;segments.c: 102: PORTBbits.RB2=1;
 10347                           
 10348                           ;segments.c: 103: PORTBbits.RB4=1;
 10349                           
 10350                           ;segments.c: 104: PORTBbits.RB6=1;
 10351                           
 10352                           ;segments.c: 105: PORTBbits.RB5=1;
 10353                           
 10354                           ;segments.c: 106: break;
 10355  00137C  D0B1               	goto	PL22	;call to abstracted procedure
 10356  00137E                     i2l812:
 10357                           
 10358                           ; BSR set to: 1
 10359                           ;segments.c: 108: PORTAbits.RA2=1;
 10360  00137E  8480               	bsf	3968,2,c	;volatile
 10361  001380  D04A               	goto	L58
 10362  001382                     i2l813:
 10363                           
 10364                           ; BSR set to: 1
 10365                           ;segments.c: 117: PORTAbits.RA2=0;
 10366  001382  9480               	bcf	3968,2,c	;volatile
 10367                           
 10368                           ;segments.c: 118: PORTBbits.RB7=0;
 10369  001384  9E81               	bcf	3969,7,c	;volatile
 10370                           
 10371                           ;segments.c: 119: PORTBbits.RB1=0;
 10372  001386  9281               	bcf	3969,1,c	;volatile
 10373                           
 10374                           ;segments.c: 120: PORTBbits.RB2=1;
 10375  001388  8481               	bsf	3969,2,c	;volatile
 10376                           
 10377                           ;segments.c: 121: PORTBbits.RB4=0;
 10378  00138A  9881               	bcf	3969,4,c	;volatile
 10379                           
 10380                           ;segments.c: 122: PORTBbits.RB6=0;
 10381  00138C  9C81               	bcf	3969,6,c	;volatile
 10382                           
 10383                           ;segments.c: 123: PORTBbits.RB5=0;
 10384  00138E  9A81               	bcf	3969,5,c	;volatile
 10385                           
 10386                           ;segments.c: 124: break;
 10387  001390  0012               	return	
 10388  001392                     i2l814:
 10389                           
 10390                           ; BSR set to: 1
 10391                           ;segments.c: 126: PORTAbits.RA2=0;
 10392                           
 10393                           ;segments.c: 127: PORTBbits.RB7=0;
 10394                           
 10395                           ;segments.c: 128: PORTBbits.RB1=0;
 10396                           
 10397                           ;segments.c: 129: PORTBbits.RB2=0;
 10398                           
 10399                           ;segments.c: 130: PORTBbits.RB4=0;
 10400                           
 10401                           ;segments.c: 131: PORTBbits.RB6=0;
 10402  001392  D899               	call	PL17	;call to abstracted procedure
 10403                           
 10404                           ;segments.c: 132: PORTBbits.RB5=0;
 10405  001394  9A81               	bcf	3969,5,c	;volatile
 10406                           
 10407                           ;segments.c: 133: PORTBbits.RB3=1;
 10408  001396  8681               	bsf	3969,3,c	;volatile
 10409                           
 10410                           ;segments.c: 134: break;
 10411  001398  0012               	return	
 10412  00139A                     i2l815:
 10413                           
 10414                           ; BSR set to: 1
 10415                           ;segments.c: 136: PORTAbits.RA2=0;
 10416  00139A  9480               	bcf	3968,2,c	;volatile
 10417                           
 10418                           ;segments.c: 137: PORTBbits.RB7=0;
 10419  00139C  9E81               	bcf	3969,7,c	;volatile
 10420                           
 10421                           ;segments.c: 138: PORTBbits.RB1=1;
 10422                           
 10423                           ;segments.c: 139: PORTBbits.RB2=0;
 10424                           
 10425                           ;segments.c: 140: PORTBbits.RB4=0;
 10426                           
 10427                           ;segments.c: 141: PORTBbits.RB6=0;
 10428                           
 10429                           ;segments.c: 142: PORTBbits.RB5=0;
 10430                           
 10431                           ;segments.c: 143: break;
 10432  00139E  D0CD               	goto	PL35	;call to abstracted procedure
 10433  0013A0                     i2l816:
 10434                           
 10435                           ; BSR set to: 1
 10436  0013A0  8480               	bsf	3968,2,c	;volatile
 10437                           
 10438                           ;segments.c: 147: PORTBbits.RB4=1;PORTBbits.RB6=1;PORTBbits.RB5=1;
 10439                           
 10440                           ;segments.c: 148: break;
 10441  0013A2  D0A4               	goto	PL28	;call to abstracted procedure
 10442  0013A4                     i2l817:
 10443                           
 10444                           ; BSR set to: 1
 10445  0013A4  9480               	bcf	3968,2,c	;volatile
 10446  0013A6                     L57:
 10447  0013A6  9E81               	bcf	3969,7,c	;volatile
 10448                           
 10449                           ;segments.c: 150: PORTBbits.RB4=1;PORTBbits.RB6=1;PORTBbits.RB5=1;
 10450                           
 10451                           ;segments.c: 151: break;
 10452  0013A8  D09B               	goto	PL22	;call to abstracted procedure
 10453  0013AA                     i2l818:
 10454                           
 10455                           ; BSR set to: 1
 10456  0013AA  8480               	bsf	3968,2,c	;volatile
 10457                           
 10458                           ;segments.c: 153: PORTBbits.RB4=1;PORTBbits.RB6=1;PORTBbits.RB5=0;
 10459                           
 10460                           ;segments.c: 154: break;
 10461  0013AC  D0A6               	goto	PL29	;call to abstracted procedure
 10462  0013AE                     i2l819:
 10463                           
 10464                           ; BSR set to: 1
 10465  0013AE  9480               	bcf	3968,2,c	;volatile
 10466  0013B0  9E81               	bcf	3969,7,c	;volatile
 10467                           
 10468                           ;segments.c: 156: PORTBbits.RB4=1;PORTBbits.RB6=0;PORTBbits.RB5=1;
 10469                           
 10470                           ;segments.c: 157: break;
 10471  0013B2  D0B7               	goto	PL33	;call to abstracted procedure
 10472  0013B4                     i2l820:
 10473                           
 10474                           ; BSR set to: 1
 10475  0013B4  9480               	bcf	3968,2,c	;volatile
 10476  0013B6  8E81               	bsf	3969,7,c	;volatile
 10477  0013B8  8281               	bsf	3969,1,c	;volatile
 10478  0013BA  8481               	bsf	3969,2,c	;volatile
 10479                           
 10480                           ;segments.c: 159: PORTBbits.RB4=1;PORTBbits.RB6=0;PORTBbits.RB5=1;break;
 10481  0013BC  8881               	bsf	3969,4,c	;volatile
 10482  0013BE  9C81               	bcf	3969,6,c	;volatile
 10483  0013C0  8A81               	bsf	3969,5,c	;volatile
 10484  0013C2  0012               	return	
 10485  0013C4                     i2l821:
 10486                           
 10487                           ; BSR set to: 1
 10488  0013C4  8480               	bsf	3968,2,c	;volatile
 10489  0013C6  D021               	goto	L59
 10490  0013C8                     i2l822:
 10491                           
 10492                           ; BSR set to: 1
 10493  0013C8  8480               	bsf	3968,2,c	;volatile
 10494  0013CA  8E81               	bsf	3969,7,c	;volatile
 10495                           
 10496                           ;segments.c: 164: PORTBbits.RB4=1;PORTBbits.RB6=1;PORTBbits.RB5=1;
 10497                           
 10498                           ;segments.c: 165: break;
 10499  0013CC  D0A4               	goto	PL31	;call to abstracted procedure
 10500  0013CE                     i2l823:
 10501                           
 10502                           ; BSR set to: 1
 10503  0013CE  8480               	bsf	3968,2,c	;volatile
 10504  0013D0  9E81               	bcf	3969,7,c	;volatile
 10505                           
 10506                           ;segments.c: 167: PORTBbits.RB4=1;PORTBbits.RB6=1;PORTBbits.RB5=1;
 10507                           
 10508                           ;segments.c: 168: break;
 10509  0013D2  D0AD               	goto	PL34	;call to abstracted procedure
 10510  0013D4                     i2l824:
 10511                           
 10512                           ; BSR set to: 1
 10513  0013D4  9480               	bcf	3968,2,c	;volatile
 10514                           
 10515                           ;segments.c: 170: PORTBbits.RB4=1;PORTBbits.RB6=1;PORTBbits.RB5=1;
 10516                           
 10517                           ;segments.c: 171: break;
 10518  0013D6  D08A               	goto	PL28	;call to abstracted procedure
 10519  0013D8                     i2l826:
 10520                           
 10521                           ; BSR set to: 1
 10522  0013D8  9480               	bcf	3968,2,c	;volatile
 10523                           
 10524                           ;segments.c: 176: PORTBbits.RB4=1;PORTBbits.RB6=1;PORTBbits.RB5=0;
 10525                           
 10526                           ;segments.c: 177: break;
 10527  0013DA  D08F               	goto	PL29	;call to abstracted procedure
 10528  0013DC                     i2l827:
 10529                           
 10530                           ; BSR set to: 1
 10531  0013DC  9480               	bcf	3968,2,c	;volatile
 10532  0013DE  9E81               	bcf	3969,7,c	;volatile
 10533  0013E0  8281               	bsf	3969,1,c	;volatile
 10534  0013E2  9481               	bcf	3969,2,c	;volatile
 10535                           
 10536                           ;segments.c: 179: PORTBbits.RB4=1;PORTBbits.RB6=0;PORTBbits.RB5=1;
 10537  0013E4  8881               	bsf	3969,4,c	;volatile
 10538  0013E6  9C81               	bcf	3969,6,c	;volatile
 10539  0013E8  8A81               	bsf	3969,5,c	;volatile
 10540                           
 10541                           ;segments.c: 180: break;
 10542  0013EA  0012               	return	
 10543  0013EC                     i2l828:
 10544                           
 10545                           ; BSR set to: 1
 10546                           
 10547                           ;segments.c: 182: PORTBbits.RB4=1;PORTBbits.RB6=0;PORTBbits.RB5=1;
 10548  0013EC  D88D               	call	PL30	;call to abstracted procedure
 10549  0013EE  8A81               	bsf	3969,5,c	;volatile
 10550                           
 10551                           ;segments.c: 183: break;
 10552  0013F0  0012               	return	
 10553  0013F2                     i2l829:
 10554                           
 10555                           ; BSR set to: 1
 10556  0013F2  8480               	bsf	3968,2,c	;volatile
 10557  0013F4  8E81               	bsf	3969,7,c	;volatile
 10558                           
 10559                           ;segments.c: 185: PORTBbits.RB4=1;PORTBbits.RB6=1;PORTBbits.RB5=1;
 10560                           
 10561                           ;segments.c: 186: break;
 10562  0013F6  D09B               	goto	PL34	;call to abstracted procedure
 10563  0013F8                     i2l830:
 10564                           
 10565                           ; BSR set to: 1
 10566  0013F8  9480               	bcf	3968,2,c	;volatile
 10567  0013FA  9E81               	bcf	3969,7,c	;volatile
 10568  0013FC  9281               	bcf	3969,1,c	;volatile
 10569  0013FE  9481               	bcf	3969,2,c	;volatile
 10570                           
 10571                           ;segments.c: 188: PORTBbits.RB4=1;PORTBbits.RB6=0;PORTBbits.RB5=1;
 10572  001400  8881               	bsf	3969,4,c	;volatile
 10573  001402  9C81               	bcf	3969,6,c	;volatile
 10574  001404  8A81               	bsf	3969,5,c	;volatile
 10575                           
 10576                           ;segments.c: 189: break;
 10577  001406  0012               	return	
 10578  001408                     i2l832:
 10579                           
 10580                           ; BSR set to: 1
 10581  001408  9480               	bcf	3968,2,c	;volatile
 10582  00140A                     L59:
 10583  00140A  9E81               	bcf	3969,7,c	;volatile
 10584                           
 10585                           ;segments.c: 194: PORTBbits.RB4=1;PORTBbits.RB6=1;PORTBbits.RB5=1;
 10586                           
 10587                           ;segments.c: 195: break;
 10588  00140C  D084               	goto	PL31	;call to abstracted procedure
 10589  00140E                     i2l833:
 10590                           
 10591                           ; BSR set to: 1
 10592                           
 10593                           ;segments.c: 197: PORTBbits.RB4=1;PORTBbits.RB6=0;PORTBbits.RB5=0;
 10594  00140E  D87C               	call	PL30	;call to abstracted procedure
 10595  001410  9A81               	bcf	3969,5,c	;volatile
 10596                           
 10597                           ;segments.c: 198: break;
 10598  001412  0012               	return	
 10599  001414                     i2l834:
 10600                           
 10601                           ; BSR set to: 1
 10602  001414  9480               	bcf	3968,2,c	;volatile
 10603  001416                     L58:
 10604  001416  8E81               	bsf	3969,7,c	;volatile
 10605                           
 10606                           ;segments.c: 200: PORTBbits.RB4=0;PORTBbits.RB6=1;PORTBbits.RB5=1;
 10607                           
 10608                           ;segments.c: 201: break;
 10609  001418  D05D               	goto	PL21	;call to abstracted procedure
 10610  00141A                     i2l835:
 10611                           
 10612                           ; BSR set to: 1
 10613                           
 10614                           ;segments.c: 203: PORTBbits.RB4=0;PORTBbits.RB6=0;PORTBbits.RB5=1;
 10615  00141A  D855               	call	PL17	;call to abstracted procedure
 10616  00141C  8A81               	bsf	3969,5,c	;volatile
 10617                           
 10618                           ;segments.c: 204: break;
 10619  00141E  0012               	return	
 10620  001420                     i2l837:
 10621                           
 10622                           ; BSR set to: 1
 10623                           ;segments.c: 209: PORTAbits.RA2=0;
 10624                           
 10625                           ;segments.c: 210: PORTBbits.RB7=0;
 10626                           
 10627                           ;segments.c: 211: PORTBbits.RB1=0;
 10628                           
 10629                           ;segments.c: 212: PORTBbits.RB2=0;
 10630                           
 10631                           ;segments.c: 213: PORTBbits.RB4=0;
 10632                           
 10633                           ;segments.c: 214: PORTBbits.RB6=0;
 10634  001420  D852               	call	PL17	;call to abstracted procedure
 10635                           
 10636                           ;segments.c: 215: PORTBbits.RB5=0;
 10637  001422  9A81               	bcf	3969,5,c	;volatile
 10638                           
 10639                           ;segments.c: 216: PORTBbits.RB3=0;
 10640  001424  9681               	bcf	3969,3,c	;volatile
 10641                           
 10642                           ;segments.c: 217: }
 10643  001426  0012               	return	
 10644  001428                     i2l5695:
 10645                           
 10646                           ; BSR set to: 1
 10647  001428  500F               	movf	char2pins@c,w,c
 10648                           
 10649                           ; Switch size 1, requested type "space"
 10650                           ; Number of cases is 34, Range of values is 32 to 121
 10651                           ; switch strategies available:
 10652                           ; Name         Instructions Cycles
 10653                           ; simple_byte          103    52 (average)
 10654                           ;	Chosen strategy is simple_byte
 10655  00142A  0A20               	xorlw	32	; case 32
 10656  00142C  E0F9               	bz	i2l837
 10657  00142E  0A01               	xorlw	1	; case 33
 10658  001430  E0B4               	bz	i2l815
 10659  001432  0A0C               	xorlw	12	; case 45
 10660  001434  E0F2               	bz	i2l835
 10661  001436  0A1D               	xorlw	29	; case 48
 10662  001438  E101 D773          	bz	i2l802
 10663  00143C  0A01               	xorlw	1	; case 49
 10664  00143E  E101 D778          	bz	i2l804
 10665  001442  0A03               	xorlw	3	; case 50
 10666  001444  E101 D778          	bz	i2l805
 10667  001448  0A01               	xorlw	1	; case 51
 10668  00144A  E101 D778          	bz	i2l806
 10669  00144E  0A07               	xorlw	7	; case 52
 10670  001450  E101 D77D          	bz	i2l807
 10671  001454  0A01               	xorlw	1	; case 53
 10672  001456  E083               	bz	i2l808
 10673  001458  0A03               	xorlw	3	; case 54
 10674  00145A  E084               	bz	i2l809
 10675  00145C  0A01               	xorlw	1	; case 55
 10676  00145E  E084               	bz	i2l810
 10677  001460  0A0F               	xorlw	15	; case 56
 10678  001462  E08A               	bz	i2l811
 10679  001464  0A01               	xorlw	1	; case 57
 10680  001466  E08B               	bz	i2l812
 10681  001468  0A78               	xorlw	120	; case 65
 10682  00146A  E09A               	bz	i2l816
 10683  00146C  0A02               	xorlw	2	; case 67
 10684  00146E  E09D               	bz	i2l818
 10685  001470  0A06               	xorlw	6	; case 69
 10686  001472  E0A8               	bz	i2l821
 10687  001474  0A03               	xorlw	3	; case 70
 10688  001476  E0AB               	bz	i2l823
 10689  001478  0A0E               	xorlw	14	; case 72
 10690  00147A  E0AC               	bz	i2l824
 10691  00147C  0A04               	xorlw	4	; case 76
 10692  00147E  E0AC               	bz	i2l826
 10693  001480  0A1C               	xorlw	28	; case 80
 10694  001482  E0B7               	bz	i2l829
 10695  001484  0A03               	xorlw	3	; case 83
 10696  001486  E101 D76A          	bz	i2l808
 10697  00148A  0A31               	xorlw	49	; case 98
 10698  00148C  E08B               	bz	i2l817
 10699  00148E  0A01               	xorlw	1	; case 99
 10700  001490  E08E               	bz	i2l819
 10701  001492  0A07               	xorlw	7	; case 100
 10702  001494  E08F               	bz	i2l820
 10703  001496  0A01               	xorlw	1	; case 101
 10704  001498  E097               	bz	i2l822
 10705  00149A  0A0C               	xorlw	12	; case 105
 10706  00149C  E101 D77D          	bz	i2l815
 10707  0014A0  0A07               	xorlw	7	; case 110
 10708  0014A2  E09C               	bz	i2l827
 10709  0014A4  0A01               	xorlw	1	; case 111
 10710  0014A6  E0A2               	bz	i2l828
 10711  0014A8  0A1D               	xorlw	29	; case 114
 10712  0014AA  E0A6               	bz	i2l830
 10713  0014AC  0A06               	xorlw	6	; case 116
 10714  0014AE  E0AC               	bz	i2l832
 10715  0014B0  0A01               	xorlw	1	; case 117
 10716  0014B2  E0AD               	bz	i2l833
 10717  0014B4  0A03               	xorlw	3	; case 118
 10718  0014B6  E101 D76C          	bz	i2l814
 10719  0014BA  0A0E               	xorlw	14	; case 120
 10720  0014BC  E101 D761          	bz	i2l813
 10721  0014C0  0A01               	xorlw	1	; case 121
 10722  0014C2  E0A8               	bz	i2l834
 10723  0014C4  D7AD               	goto	i2l837
 10724  0014C6                     __end_of_char2pins:
 10725                           	opt stack 0
 10726  0014C6                     PL17:
 10727  0014C6  9480               	bcf	3968,2,c	;volatile
 10728  0014C8  9E81               	bcf	3969,7,c	;volatile
 10729  0014CA  9281               	bcf	3969,1,c	;volatile
 10730  0014CC  9481               	bcf	3969,2,c	;volatile
 10731  0014CE  9881               	bcf	3969,4,c	;volatile
 10732  0014D0  9C81               	bcf	3969,6,c	;volatile
 10733  0014D2  0012               	return	
 10734  0014D4                     PL21:
 10735  0014D4  8281               	bsf	3969,1,c	;volatile
 10736  0014D6  8481               	bsf	3969,2,c	;volatile
 10737  0014D8  9881               	bcf	3969,4,c	;volatile
 10738  0014DA  8C81               	bsf	3969,6,c	;volatile
 10739  0014DC  8A81               	bsf	3969,5,c	;volatile
 10740  0014DE  0012               	return	
 10741  0014E0                     PL22:
 10742  0014E0  8281               	bsf	3969,1,c	;volatile
 10743  0014E2  8481               	bsf	3969,2,c	;volatile
 10744  0014E4  8881               	bsf	3969,4,c	;volatile
 10745  0014E6  8C81               	bsf	3969,6,c	;volatile
 10746  0014E8  8A81               	bsf	3969,5,c	;volatile
 10747  0014EA  0012               	return	
 10748  0014EC                     PL28:
 10749  0014EC  8E81               	bsf	3969,7,c	;volatile
 10750  0014EE  8281               	bsf	3969,1,c	;volatile
 10751  0014F0  9481               	bcf	3969,2,c	;volatile
 10752  0014F2  8881               	bsf	3969,4,c	;volatile
 10753  0014F4  8C81               	bsf	3969,6,c	;volatile
 10754  0014F6  8A81               	bsf	3969,5,c	;volatile
 10755  0014F8  0012               	return	
 10756  0014FA                     PL29:
 10757  0014FA  9E81               	bcf	3969,7,c	;volatile
 10758  0014FC  9281               	bcf	3969,1,c	;volatile
 10759  0014FE  8481               	bsf	3969,2,c	;volatile
 10760  001500  8881               	bsf	3969,4,c	;volatile
 10761  001502  8C81               	bsf	3969,6,c	;volatile
 10762  001504  9A81               	bcf	3969,5,c	;volatile
 10763  001506  0012               	return	
 10764  001508                     PL30:
 10765  001508  9480               	bcf	3968,2,c	;volatile
 10766  00150A  9E81               	bcf	3969,7,c	;volatile
 10767  00150C  8281               	bsf	3969,1,c	;volatile
 10768  00150E  8481               	bsf	3969,2,c	;volatile
 10769  001510  8881               	bsf	3969,4,c	;volatile
 10770  001512  9C81               	bcf	3969,6,c	;volatile
 10771  001514  0012               	return	
 10772  001516                     PL31:
 10773  001516  9281               	bcf	3969,1,c	;volatile
 10774  001518  8481               	bsf	3969,2,c	;volatile
 10775  00151A  8881               	bsf	3969,4,c	;volatile
 10776  00151C  8C81               	bsf	3969,6,c	;volatile
 10777  00151E  8A81               	bsf	3969,5,c	;volatile
 10778  001520  0012               	return	
 10779  001522                     PL33:
 10780  001522  9281               	bcf	3969,1,c	;volatile
 10781  001524  8481               	bsf	3969,2,c	;volatile
 10782  001526  8881               	bsf	3969,4,c	;volatile
 10783  001528  9C81               	bcf	3969,6,c	;volatile
 10784  00152A  8A81               	bsf	3969,5,c	;volatile
 10785  00152C  0012               	return	
 10786  00152E                     PL34:
 10787  00152E  9281               	bcf	3969,1,c	;volatile
 10788  001530  9481               	bcf	3969,2,c	;volatile
 10789  001532  8881               	bsf	3969,4,c	;volatile
 10790  001534  8C81               	bsf	3969,6,c	;volatile
 10791  001536  8A81               	bsf	3969,5,c	;volatile
 10792  001538  0012               	return	
 10793  00153A                     PL35:
 10794  00153A  8281               	bsf	3969,1,c	;volatile
 10795  00153C  9481               	bcf	3969,2,c	;volatile
 10796  00153E  9881               	bcf	3969,4,c	;volatile
 10797  001540  9C81               	bcf	3969,6,c	;volatile
 10798  001542  9A81               	bcf	3969,5,c	;volatile
 10799  001544  0012               	return	
 10800                           pclatu	equ	0xFFB
 10801                           pclath	equ	0xFFA
 10802                           tblptru	equ	0xFF8
 10803                           tblptrh	equ	0xFF7
 10804                           tblptrl	equ	0xFF6
 10805                           tablat	equ	0xFF5
 10806                           prodh	equ	0xFF4
 10807                           prodl	equ	0xFF3
 10808                           intcon	equ	0xFF2
 10809                           intcon2	equ	0xFF1
 10810                           postinc0	equ	0xFEE
 10811                           fsr0h	equ	0xFEA
 10812                           fsr0l	equ	0xFE9
 10813                           wreg	equ	0xFE8
 10814                           indf1	equ	0xFE7
 10815                           postinc1	equ	0xFE6
 10816                           postdec1	equ	0xFE5
 10817                           fsr1h	equ	0xFE2
 10818                           fsr1l	equ	0xFE1
 10819                           bsr	equ	0xFE0
 10820                           indf2	equ	0xFDF
 10821                           postinc2	equ	0xFDE
 10822                           postdec2	equ	0xFDD
 10823                           plusw2	equ	0xFDB
 10824                           fsr2h	equ	0xFDA
 10825                           fsr2l	equ	0xFD9
 10826                           status	equ	0xFD8
 10827                           
 10828 ;; *************** function _fgetc *****************
 10829 ;; Defined at:
 10830 ;;		line 74 in file "C:\fgr\16gb\0000 interior\deVolt\sw\stdio.c"
 10831 ;; Parameters:    Size  Location     Type
 10832 ;;  stream          2   14[COMRAM] PTR struct .
 10833 ;;		 -> muxFile(7), 
 10834 ;; Auto vars:     Size  Location     Type
 10835 ;;		None
 10836 ;; Return value:  Size  Location     Type
 10837 ;;                  1    wreg      unsigned char 
 10838 ;; Registers used:
 10839 ;;		wreg, fsr2l, fsr2h, status,2, status,0
 10840 ;; Tracked objects:
 10841 ;;		On entry : F/1
 10842 ;;		On exit  : F/1
 10843 ;;		Unchanged: FFFFFFF0/0
 10844 ;; Data sizes:     COMRAM   BANK0   BANK1   BANK2   BANK3   BANK4   BANK5   BANK6   BANK7
 10845 ;;      Params:         2       0       0       0       0       0       0       0       0
 10846 ;;      Locals:         0       0       0       0       0       0       0       0       0
 10847 ;;      Temps:          0       0       0       0       0       0       0       0       0
 10848 ;;      Totals:         2       0       0       0       0       0       0       0       0
 10849 ;;Total ram usage:        2 bytes
 10850 ;; Hardware stack levels used:    1
 10851 ;; This function calls:
 10852 ;;		Nothing
 10853 ;; This function is called by:
 10854 ;;		_isr_timer0
 10855 ;; This function uses a non-reentrant model
 10856 ;;
 10857                           
 10858                           	psect	text36
 10859  002316                     __ptext36:
 10860                           	opt stack 0
 10861  002316                     _fgetc:
 10862                           	opt stack 21
 10863                           
 10864                           ; BSR set to: 1
 10865                           ;stdio.c: 75: if(stream->nr==0)
 10866                           
 10867                           ; BSR set to: 1
 10868  002316  EE20 F004          	lfsr	2,4
 10869  00231A  500F               	movf	fgetc@stream,w,c
 10870  00231C  26D9               	addwf	fsr2l,f,c
 10871  00231E  5010               	movf	fgetc@stream+1,w,c
 10872  002320  22DA               	addwfc	fsr2h,f,c
 10873  002322  50DF               	movf	indf2,w,c
 10874  002324  E107               	bnz	i2l5689
 10875                           
 10876                           ; BSR set to: 1
 10877                           ;stdio.c: 76: {
 10878                           ;stdio.c: 77: stream->flg|=(1<<3);
 10879  002326  C00F  FFD9         	movff	fgetc@stream,fsr2l
 10880  00232A  C010  FFDA         	movff	fgetc@stream+1,fsr2h
 10881  00232E  0E00               	movlw	0
 10882  002330  86DB               	bsf	plusw2,3,c
 10883                           
 10884                           ; BSR set to: 1
 10885                           ;stdio.c: 78: return (-1);
 10886  002332  0CFF               	retlw	255
 10887  002334                     i2l5689:
 10888                           
 10889                           ; BSR set to: 1
 10890                           ;stdio.c: 80: else
 10891                           ;stdio.c: 81: {
 10892                           ;stdio.c: 82: --(stream->nr);
 10893  002334  EE20 F004          	lfsr	2,4
 10894  002338  500F               	movf	fgetc@stream,w,c
 10895  00233A  26D9               	addwf	fsr2l,f,c
 10896  00233C  5010               	movf	fgetc@stream+1,w,c
 10897  00233E  22DA               	addwfc	fsr2h,f,c
 10898  002340  06DF               	decf	indf2,f,c
 10899                           
 10900                           ;stdio.c: 83: return *((stream->nxr)++);
 10901  002342  EE20 F001          	lfsr	2,1
 10902  002346  500F               	movf	fgetc@stream,w,c
 10903  002348  26D9               	addwf	fsr2l,f,c
 10904  00234A  5010               	movf	fgetc@stream+1,w,c
 10905  00234C  22DA               	addwfc	fsr2h,f,c
 10906  00234E  50DF               	movf	indf2,w,c
 10907  002350  2ADF               	incf	indf2,f,c
 10908  002352  6ED9               	movwf	fsr2l,c
 10909  002354  6ADA               	clrf	fsr2h,c
 10910  002356  50DF               	movf	indf2,w,c
 10911                           
 10912                           ; BSR set to: 1
 10913  002358  0012               	return	
 10914  00235A                     __end_of_fgetc:
 10915                           	opt stack 0
 10916  0000                     pclatu	equ	0xFFB
 10917                           pclath	equ	0xFFA
 10918                           tblptru	equ	0xFF8
 10919                           tblptrh	equ	0xFF7
 10920                           tblptrl	equ	0xFF6
 10921                           tablat	equ	0xFF5
 10922                           prodh	equ	0xFF4
 10923                           prodl	equ	0xFF3
 10924                           intcon	equ	0xFF2
 10925                           intcon2	equ	0xFF1
 10926                           postinc0	equ	0xFEE
 10927                           fsr0h	equ	0xFEA
 10928                           fsr0l	equ	0xFE9
 10929                           wreg	equ	0xFE8
 10930                           indf1	equ	0xFE7
 10931                           postinc1	equ	0xFE6
 10932                           postdec1	equ	0xFE5
 10933                           fsr1h	equ	0xFE2
 10934                           fsr1l	equ	0xFE1
 10935                           bsr	equ	0xFE0
 10936                           indf2	equ	0xFDF
 10937                           postinc2	equ	0xFDE
 10938                           postdec2	equ	0xFDD
 10939                           plusw2	equ	0xFDB
 10940                           fsr2h	equ	0xFDA
 10941                           fsr2l	equ	0xFD9
 10942                           status	equ	0xFD8
 10943                           pclatu	equ	0xFFB
 10944                           pclath	equ	0xFFA
 10945                           tblptru	equ	0xFF8
 10946                           tblptrh	equ	0xFF7
 10947                           tblptrl	equ	0xFF6
 10948                           tablat	equ	0xFF5
 10949                           prodh	equ	0xFF4
 10950                           prodl	equ	0xFF3
 10951                           intcon	equ	0xFF2
 10952                           intcon2	equ	0xFF1
 10953                           postinc0	equ	0xFEE
 10954                           fsr0h	equ	0xFEA
 10955                           fsr0l	equ	0xFE9
 10956                           wreg	equ	0xFE8
 10957                           indf1	equ	0xFE7
 10958                           postinc1	equ	0xFE6
 10959                           postdec1	equ	0xFE5
 10960                           fsr1h	equ	0xFE2
 10961                           fsr1l	equ	0xFE1
 10962                           bsr	equ	0xFE0
 10963                           indf2	equ	0xFDF
 10964                           postinc2	equ	0xFDE
 10965                           postdec2	equ	0xFDD
 10966                           plusw2	equ	0xFDB
 10967                           fsr2h	equ	0xFDA
 10968                           fsr2l	equ	0xFD9
 10969                           status	equ	0xFD8
 10970                           
 10971                           	psect	text37
 10972  000000                     __ptext37:
 10973                           	opt stack 0
 10974                           pclatu	equ	0xFFB
 10975                           pclath	equ	0xFFA
 10976                           tblptru	equ	0xFF8
 10977                           tblptrh	equ	0xFF7
 10978                           tblptrl	equ	0xFF6
 10979                           tablat	equ	0xFF5
 10980                           prodh	equ	0xFF4
 10981                           prodl	equ	0xFF3
 10982                           intcon	equ	0xFF2
 10983                           intcon2	equ	0xFF1
 10984                           postinc0	equ	0xFEE
 10985                           fsr0h	equ	0xFEA
 10986                           fsr0l	equ	0xFE9
 10987                           wreg	equ	0xFE8
 10988                           indf1	equ	0xFE7
 10989                           postinc1	equ	0xFE6
 10990                           postdec1	equ	0xFE5
 10991                           fsr1h	equ	0xFE2
 10992                           fsr1l	equ	0xFE1
 10993                           bsr	equ	0xFE0
 10994                           indf2	equ	0xFDF
 10995                           postinc2	equ	0xFDE
 10996                           postdec2	equ	0xFDD
 10997                           plusw2	equ	0xFDB
 10998                           fsr2h	equ	0xFDA
 10999                           fsr2l	equ	0xFD9
 11000                           status	equ	0xFD8
 11001                           
 11002                           	psect	rparam
 11003  0000                     pclatu	equ	0xFFB
 11004                           pclath	equ	0xFFA
 11005                           tblptru	equ	0xFF8
 11006                           tblptrh	equ	0xFF7
 11007                           tblptrl	equ	0xFF6
 11008                           tablat	equ	0xFF5
 11009                           prodh	equ	0xFF4
 11010                           prodl	equ	0xFF3
 11011                           intcon	equ	0xFF2
 11012                           intcon2	equ	0xFF1
 11013                           postinc0	equ	0xFEE
 11014                           fsr0h	equ	0xFEA
 11015                           fsr0l	equ	0xFE9
 11016                           wreg	equ	0xFE8
 11017                           indf1	equ	0xFE7
 11018                           postinc1	equ	0xFE6
 11019                           postdec1	equ	0xFE5
 11020                           fsr1h	equ	0xFE2
 11021                           fsr1l	equ	0xFE1
 11022                           bsr	equ	0xFE0
 11023                           indf2	equ	0xFDF
 11024                           postinc2	equ	0xFDE
 11025                           postdec2	equ	0xFDD
 11026                           plusw2	equ	0xFDB
 11027                           fsr2h	equ	0xFDA
 11028                           fsr2l	equ	0xFD9
 11029                           status	equ	0xFD8
 11030                           pclatu	equ	0xFFB
 11031                           pclath	equ	0xFFA
 11032                           tblptru	equ	0xFF8
 11033                           tblptrh	equ	0xFF7
 11034                           tblptrl	equ	0xFF6
 11035                           tablat	equ	0xFF5
 11036                           prodh	equ	0xFF4
 11037                           prodl	equ	0xFF3
 11038                           intcon	equ	0xFF2
 11039                           intcon2	equ	0xFF1
 11040                           postinc0	equ	0xFEE
 11041                           fsr0h	equ	0xFEA
 11042                           fsr0l	equ	0xFE9
 11043                           wreg	equ	0xFE8
 11044                           indf1	equ	0xFE7
 11045                           postinc1	equ	0xFE6
 11046                           postdec1	equ	0xFE5
 11047                           fsr1h	equ	0xFE2
 11048                           fsr1l	equ	0xFE1
 11049                           bsr	equ	0xFE0
 11050                           indf2	equ	0xFDF
 11051                           postinc2	equ	0xFDE
 11052                           postdec2	equ	0xFDD
 11053                           plusw2	equ	0xFDB
 11054                           fsr2h	equ	0xFDA
 11055                           fsr2l	equ	0xFD9
 11056                           status	equ	0xFD8


Data Sizes:
    Strings     0
    Constant    0
    Data        75
    BSS         91
    Persistent  5
    Stack       0

Auto Spaces:
    Space          Size  Autos    Used
    COMRAM           95     35      69
    BANK0           160     78     123
    BANK1           256     65     157
    BANK2           256      0       0
    BANK3           256      0       0
    BANK4           256      0       0
    BANK5           256      0       0
    BANK6           256      0       0
    BANK7           256      0       0

Pointer List with Targets:

    ?___ftpack	float  size(1) Largest target is 0

    ?___lwdiv	unsigned int  size(1) Largest target is 0

    ?___lwmod	unsigned int  size(1) Largest target is 0

    ?___asftdiv	float  size(1) Largest target is 0

    ?___asftadd	float  size(1) Largest target is 0

    ?___ftsub	float  size(1) Largest target is 0

    ?___ftmul	float  size(1) Largest target is 0

    ?_getConv	int  size(1) Largest target is 0

    ?___fttol	long  size(1) Largest target is 0

    ?___asftmul	float  size(1) Largest target is 0

    ?_iir	float  size(1) Largest target is 0

    ?___ftadd	float  size(1) Largest target is 0

    ?___ftdiv	float  size(1) Largest target is 0

    ?___awtoft	float  size(1) Largest target is 0

    __asftmul@f1p	PTR float  size(1) Largest target is 3
		 -> medicionFloat(BANK0[3]), 

    __asftdiv@f1p	PTR float  size(2) Largest target is 9
		 -> y(BANK1[9]), 

    __asftadd@f1p	PTR float  size(2) Largest target is 9
		 -> y(BANK1[9]), 

    uintToStr@str	PTR unsigned char  size(1) Largest target is 5
		 -> muxBuffer(BANK0[5]), 

    sp__intToStr	PTR unsigned char  size(1) Largest target is 7
		 -> fprintf@str(COMRAM[7]), 

    fseek@fp.bas	PTR unsigned char  size(1) Largest target is 5
		 -> muxBuffer(BANK0[5]), 

    fseek@fp.nxw	PTR unsigned char  size(1) Largest target is 5
		 -> muxBuffer(BANK0[5]), 

    fseek@fp.nxr	PTR unsigned char  size(1) Largest target is 5
		 -> muxBuffer(BANK0[5]), 

    fseek@fp	PTR struct . size(2) Largest target is 13
		 -> muxFile(BANK1[7]), 

    unget@stream.bas	PTR unsigned char  size(1) Largest target is 5
		 -> muxBuffer(BANK0[5]), 

    unget@stream.nxw	PTR unsigned char  size(1) Largest target is 5
		 -> muxBuffer(BANK0[5]), 

    unget@stream.nxr	PTR unsigned char  size(1) Largest target is 5
		 -> muxBuffer(BANK0[5]), 

    fgetc@stream.bas	PTR unsigned char  size(1) Largest target is 5
		 -> muxBuffer(BANK0[5]), 

    fgetc@stream.nxw	PTR unsigned char  size(1) Largest target is 5
		 -> muxBuffer(BANK0[5]), 

    fgetc@stream.nxr	PTR unsigned char  size(1) Largest target is 5
		 -> muxBuffer(BANK0[5]), 

    fgetc@stream	PTR struct . size(2) Largest target is 13
		 -> muxFile(BANK1[7]), 

    fputc@stream.bas	PTR unsigned char  size(1) Largest target is 5
		 -> muxBuffer(BANK0[5]), 

    fputc@stream.nxw	PTR unsigned char  size(1) Largest target is 5
		 -> muxBuffer(BANK0[5]), 

    fputc@stream.nxr	PTR unsigned char  size(1) Largest target is 5
		 -> muxBuffer(BANK0[5]), 

    S1319$bas	PTR unsigned char  size(1) Largest target is 5
		 -> muxBuffer(BANK0[5]), 

    muxFile.bas	PTR unsigned char  size(1) Largest target is 5
		 -> muxBuffer(BANK0[5]), 

    S1319$nxw	PTR unsigned char  size(1) Largest target is 5
		 -> muxBuffer(BANK0[5]), 

    muxFile.nxw	PTR unsigned char  size(1) Largest target is 5
		 -> muxBuffer(BANK0[5]), 

    S1319$nxr	PTR unsigned char  size(1) Largest target is 5
		 -> muxBuffer(BANK0[5]), 

    muxFile.nxr	PTR unsigned char  size(1) Largest target is 5
		 -> muxBuffer(BANK0[5]), 


Critical Paths under _main in COMRAM

    None.

Critical Paths under _isr in COMRAM

    _isr_timer0->_fseek
    _isr2->_isr_timer3
    _isr_timer3->i1_t0Driver
    _isr_timer3->_kPin_driverDc

Critical Paths under _main in BANK0

    _main->_iir
    _incVar->___ftadd
    _decVar->___ftadd
    _iir->___asftadd
    _uintToStr->___lwdiv
    ___awtoft->___ftpack
    ___ftsub->___ftadd
    ___asftadd->___ftsub
    ___ftadd->___ftdiv
    ___asftmul->___ftmul
    ___asftdiv->___ftdiv
    ___ftdiv->___awtoft
    ___ftmul->___ftpack

Critical Paths under _isr in BANK0

    None.

Critical Paths under _main in BANK1

    None.

Critical Paths under _isr in BANK1

    None.

Critical Paths under _main in BANK2

    None.

Critical Paths under _isr in BANK2

    None.

Critical Paths under _main in BANK3

    None.

Critical Paths under _isr in BANK3

    None.

Critical Paths under _main in BANK4

    None.

Critical Paths under _isr in BANK4

    None.

Critical Paths under _main in BANK5

    None.

Critical Paths under _isr in BANK5

    None.

Critical Paths under _main in BANK6

    None.

Critical Paths under _isr in BANK6

    None.

Critical Paths under _main in BANK7

    None.

Critical Paths under _isr in BANK7

    None.

Call Graph Tables:

 ---------------------------------------------------------------------------------
 (Depth) Function   	        Calls       Base Space   Used Autos Params    Refs
 ---------------------------------------------------------------------------------
 (0) _main                                                67    67      0   17205
                                             76 BANK0      2     2      0
                                              0 BANK1     65    65      0
                         _systemInit
                       _ee_read_byte
                           ___awtoft
                            ___ftdiv
                            ___ftadd
                           _t0Driver
          _actionsTimeoutShowSetting
                          _enterMenu
              _endTestDisplayActions
                          _adcDriver
                            _getConv
                                _iir
                          ___asftmul
                            ___fttol
                          _uintToStr
                             _incVar
                             _decVar
 ---------------------------------------------------------------------------------
 (1) _enterMenu                                            0     0      0       0
 ---------------------------------------------------------------------------------
 (1) _incVar                                               2     2      0    2776
                                             43 BANK0      2     2      0
                      _ee_write_byte
                           ___awtoft
                            ___ftdiv
                            ___ftadd
 ---------------------------------------------------------------------------------
 (1) _decVar                                               2     2      0    2776
                                             43 BANK0      2     2      0
                      _ee_write_byte
                           ___awtoft
                            ___ftdiv
                            ___ftadd
 ---------------------------------------------------------------------------------
 (2) _ee_write_byte                                        2     1      1      62
                                              0 BANK0      2     1      1
 ---------------------------------------------------------------------------------
 (1) _systemInit                                           0     0      0       0
                           _adcSetup
 ---------------------------------------------------------------------------------
 (1) _ee_read_byte                                         1     1      0      31
                                              0 BANK0      1     1      0
 ---------------------------------------------------------------------------------
 (1) _actionsTimeoutShowSetting                            2     2      0      37
                                              0 BANK0      2     2      0
 ---------------------------------------------------------------------------------
 (1) _endTestDisplayActions                                0     0      0       0
 ---------------------------------------------------------------------------------
 (1) _t0Driver                                             3     3      0     248
                                              0 BANK0      3     3      0
 ---------------------------------------------------------------------------------
 (1) _adcDriver                                            9     9      0      96
                                              0 BANK0      9     9      0
 ---------------------------------------------------------------------------------
 (1) _iir                                                 22    19      3    5408
                                             54 BANK0     22    19      3
                            ___ftmul
                            ___ftsub
                          ___asftadd
                          ___asftdiv
                           ___awtoft (ARG)
                            _getConv (ARG)
 ---------------------------------------------------------------------------------
 (1) _uintToStr                                            5     1      4     674
                                              7 BANK0      5     1      4
                            ___lwmod
                            ___lwdiv
 ---------------------------------------------------------------------------------
 (1) _getConv                                              2     0      2       0
                                              0 BANK0      2     0      2
 ---------------------------------------------------------------------------------
 (2) _adcSetup                                             0     0      0       0
 ---------------------------------------------------------------------------------
 (2) ___awtoft                                             4     1      3     445
                                              8 BANK0      4     1      3
                           ___ftpack
                            _getConv (ARG)
 ---------------------------------------------------------------------------------
 (2) ___ftsub                                              6     0      6    1602
                                             43 BANK0      6     0      6
                            ___ftadd
                            ___ftmul (ARG)
 ---------------------------------------------------------------------------------
 (1) ___fttol                                             15    11      4     371
                                              0 BANK0     15    11      4
 ---------------------------------------------------------------------------------
 (2) ___lwdiv                                              7     3      4     241
                                              0 BANK0      7     3      4
 ---------------------------------------------------------------------------------
 (2) ___lwmod                                              5     1      4     232
                                              0 BANK0      5     1      4
 ---------------------------------------------------------------------------------
 (2) ___asftadd                                            5     0      5    1630
                                             49 BANK0      5     0      5
                            ___ftadd
                            ___ftsub (ARG)
                            ___ftmul (ARG)
 ---------------------------------------------------------------------------------
 (2) ___ftadd                                             14     8      6    1537
                                             29 BANK0     14     8      6
                           ___ftpack
                           ___awtoft (ARG)
                            ___ftdiv (ARG)
                            _getConv (ARG)
 ---------------------------------------------------------------------------------
 (1) ___asftmul                                            4     1      3     893
                                             25 BANK0      4     1      3
                            ___ftmul
 ---------------------------------------------------------------------------------
 (2) ___asftdiv                                            5     0      5     825
                                             29 BANK0      5     0      5
                            ___ftdiv
 ---------------------------------------------------------------------------------
 (3) ___ftpack                                             8     3      5     312
                                              0 BANK0      8     3      5
 ---------------------------------------------------------------------------------
 (2) ___ftdiv                                             17    11      6     732
                                             12 BANK0     17    11      6
                           ___ftpack
                           ___awtoft (ARG)
                            _getConv (ARG)
 ---------------------------------------------------------------------------------
 (2) ___ftmul                                             17    11      6     800
                                              8 BANK0     17    11      6
                           ___ftpack
 ---------------------------------------------------------------------------------
 (3) ___ftpack                                             8     3      5     312
                                              0 BANK0      8     3      5
 ---------------------------------------------------------------------------------
 Estimated maximum stack depth 3
 ---------------------------------------------------------------------------------
 (Depth) Function   	        Calls       Base Space   Used Autos Params    Refs
 ---------------------------------------------------------------------------------
 (5) _isr2                                                 9     9      0     916
                                              5 COMRAM     9     9      0
                         _isr_timer3
                            _isr_adc
 ---------------------------------------------------------------------------------
 (6) _isr_timer3                                           2     2      0     916
                                              3 COMRAM     2     2      0
                         i1_t0Driver
                      _kPin_driverDc
 ---------------------------------------------------------------------------------
 (6) _isr_adc                                              0     0      0       0
 ---------------------------------------------------------------------------------
 (7) _kPin_driverDc                                        3     2      1     308
                                              0 COMRAM     3     2      1
 ---------------------------------------------------------------------------------
 (7) i1_t0Driver                                           3     3      0     584
                                              0 COMRAM     3     3      0
 ---------------------------------------------------------------------------------
 (8) _isr                                                 14    14      0     836
                                             21 COMRAM    14    14      0
                         _isr_timer0
 ---------------------------------------------------------------------------------
 (9) _isr_timer0                                           0     0      0     836
                              _fseek
                              _fgetc
                          _char2pins
 ---------------------------------------------------------------------------------
 (10) _fseek                                               7     1      6     726
                                             14 COMRAM     7     1      6
 ---------------------------------------------------------------------------------
 (10) _char2pins                                           1     1      0      22
                                             14 COMRAM     1     1      0
 ---------------------------------------------------------------------------------
 (10) _fgetc                                               2     0      2      88
                                             14 COMRAM     2     0      2
 ---------------------------------------------------------------------------------
 Estimated maximum stack depth 10
 ---------------------------------------------------------------------------------

 Call Graph Graphs:

 _main (ROOT)
   _systemInit
     _adcSetup
   _ee_read_byte
   ___awtoft
     ___ftpack
     _getConv (ARG)
   ___ftdiv
     ___ftpack
     ___awtoft (ARG)
       ___ftpack
       _getConv (ARG)
     _getConv (ARG)
   ___ftadd
     ___ftpack
     ___awtoft (ARG)
       ___ftpack
       _getConv (ARG)
     ___ftdiv (ARG)
       ___ftpack
       ___awtoft (ARG)
         ___ftpack
         _getConv (ARG)
       _getConv (ARG)
     _getConv (ARG)
   _t0Driver
   _actionsTimeoutShowSetting
   _enterMenu
   _endTestDisplayActions
   _adcDriver
   _getConv
   _iir
     ___ftmul
       ___ftpack
     ___ftsub
       ___ftadd
         ___ftpack
         ___awtoft (ARG)
           ___ftpack
           _getConv (ARG)
         ___ftdiv (ARG)
           ___ftpack
           ___awtoft (ARG)
             ___ftpack
             _getConv (ARG)
           _getConv (ARG)
         _getConv (ARG)
       ___ftmul (ARG)
         ___ftpack
     ___asftadd
       ___ftadd
         ___ftpack
         ___awtoft (ARG)
           ___ftpack
           _getConv (ARG)
         ___ftdiv (ARG)
           ___ftpack
           ___awtoft (ARG)
             ___ftpack
             _getConv (ARG)
           _getConv (ARG)
         _getConv (ARG)
       ___ftsub (ARG)
         ___ftadd
           ___ftpack
           ___awtoft (ARG)
             ___ftpack
             _getConv (ARG)
           ___ftdiv (ARG)
             ___ftpack
             ___awtoft (ARG)
               ___ftpack
               _getConv (ARG)
             _getConv (ARG)
           _getConv (ARG)
         ___ftmul (ARG)
           ___ftpack
       ___ftmul (ARG)
         ___ftpack
     ___asftdiv
       ___ftdiv
         ___ftpack
         ___awtoft (ARG)
           ___ftpack
           _getConv (ARG)
         _getConv (ARG)
     ___awtoft (ARG)
       ___ftpack
       _getConv (ARG)
     _getConv (ARG)
   ___asftmul
     ___ftmul
       ___ftpack
   ___fttol
   _uintToStr
     ___lwmod
     ___lwdiv
   _incVar
     _ee_write_byte
     ___awtoft
       ___ftpack
       _getConv (ARG)
     ___ftdiv
       ___ftpack
       ___awtoft (ARG)
         ___ftpack
         _getConv (ARG)
       _getConv (ARG)
     ___ftadd
       ___ftpack
       ___awtoft (ARG)
         ___ftpack
         _getConv (ARG)
       ___ftdiv (ARG)
         ___ftpack
         ___awtoft (ARG)
           ___ftpack
           _getConv (ARG)
         _getConv (ARG)
       _getConv (ARG)
   _decVar
     _ee_write_byte
     ___awtoft
       ___ftpack
       _getConv (ARG)
     ___ftdiv
       ___ftpack
       ___awtoft (ARG)
         ___ftpack
         _getConv (ARG)
       _getConv (ARG)
     ___ftadd
       ___ftpack
       ___awtoft (ARG)
         ___ftpack
         _getConv (ARG)
       ___ftdiv (ARG)
         ___ftpack
         ___awtoft (ARG)
           ___ftpack
           _getConv (ARG)
         _getConv (ARG)
       _getConv (ARG)

 _isr2 (ROOT)
   _isr_timer3
     i1_t0Driver
     _kPin_driverDc
   _isr_adc

 Address spaces:
Name               Size   Autos  Total    Cost      Usage
BIGRAM             7FF      0       0      21        0.0%
EEDATA             100      0       0       0        0.0%
BITBANK7           100      0       0      18        0.0%
BANK7              100      0       0      19        0.0%
BITBANK6           100      0       0      16        0.0%
BANK6              100      0       0      17        0.0%
BITBANK5           100      0       0      14        0.0%
BANK5              100      0       0      15        0.0%
BITBANK4           100      0       0      12        0.0%
BANK4              100      0       0      13        0.0%
BITBANK3           100      0       0      10        0.0%
BANK3              100      0       0      11        0.0%
BITBANK2           100      0       0       8        0.0%
BANK2              100      0       0       9        0.0%
BITBANK1           100      0       0       6        0.0%
BANK1              100     41      9D       7       61.3%
BITBANK0            A0      0       0       4        0.0%
BANK0               A0     4E      7B       5       76.9%
BITCOMRAM           5F      0       0       0        0.0%
COMRAM              5F     23      45       1       72.6%
BITSFR               0      0       0      40        0.0%
SFR                  0      0       0      40        0.0%
STACK                0      0      16       2        0.0%
NULL                 0      0       0       0        0.0%
ABS                  0      0     15D      20        0.0%
DATA                 0      0     173       3        0.0%
CODE                 0      0       0       0        0.0%


HI-TECH Software PICC-18 Macro Assembler V9.80 build 11162 
Symbol Table                                                                                   Mon May 26 12:50:58 2025

                      ___asftadd@f2 0093           _actionsTimeoutShowSetting 2034  
                                 _x 0168                                   _y 0171  
                __end_of_systemInit 222C                       ___asftadd@f1p 0091  
                       __CFG_CP0$ON 000000                        ___asftdiv@f2 007F  
                       __CFG_CP1$ON 000000                         __CFG_CP2$ON 000000  
                       __CFG_CP3$ON 000000                                  l91 0F78  
                                l93 0FAE                                  l95 0FE4  
                                l97 101A                                  l99 1050  
                       __CFG_CPB$ON 000000                         __CFG_CPD$ON 000000  
                       __CFG_BOR$ON 000000                                  bsr 000FE0  
                       __CFG_BORV$1 000000                        ___asftmul@f2 0079  
                     ___asftdiv@f1p 007D                        ___ftadd@exp1 008A  
                      ___ftadd@exp2 0089                        ___ftadd@sign 0088  
                               l120 1282                                 l122 12B6  
                               l114 11E6                                 l116 121A  
                               l118 124E                                 l313 0810  
                               l404 0A66                                 l332 089C  
                               l413 0A9E                                 l173 0324  
                               l502 0CDC                                 l318 082A  
                               l343 08E8                                 l327 0882  
                               l512 0D68                                 l432 0B0A  
                               l441 0B42                                 l418 0AB8  
                               l186 03AA                                 l427 0AF0  
                               l460 0BAE                                 l364 097C  
                               l348 0902                                 l509 0CFA  
                               l446 0B5C                                 l390 0A14  
                               l455 0B94                                 l359 0962  
                               l473 0BD4                                 l385 09FA  
                               l474 0BF0                                 l493 0CE8  
                               l486 0C26                                 l487 0C42  
                               l399 0A4C                                 l681 1E8C  
                               l682 1E9A                                 l499 0C76  
                               l888 24D4                                 l889 24D2  
                               _iir 1546                                 _isr 0008  
                      __CFG_IDLOC0$ 000000                        __CFG_IDLOC1$ 000000  
                      __CFG_IDLOC2$ 000000                        __CFG_IDLOC3$ 000000  
                      __CFG_IDLOC4$ 000000                        __CFG_IDLOC5$ 000000  
                      __CFG_IDLOC6$ 000000                        __CFG_IDLOC7$ 000000  
                               wreg 000FE8                       ___asftmul@f1p 007C  
              __end_of_ee_read_byte 2572                        __CFG_LVP$OFF 000000  
                      ___ftdiv@cntr 0077                        ___ftdiv@sign 007C  
                      __CFG_WDT$OFF 000000                                l1204 17E8  
                              l1213 1AC2                                l1205 17F0  
                              l1142 1F24                                l1215 1B0C  
                              l1180 172A                                l1184 174E  
                              l1195 17D6                                l1355 230C  
                              l1365 238E                                l7001 0940  
                              l6131 2270                                l6123 2254  
                              l6115 2238                                l7013 096A  
                              l6143 0E3E                                l6127 2264  
                              l6119 2244                                l7103 0A8C  
                              l7007 0950                                ?_iir 0096  
                              l6401 2072                                l6225 1086  
                              l7121 0ACE                                l7041 09BE  
                              l7033 09A8                                l7025 0992  
                              l6155 0EB4                                l7211 0C02  
                              l7133 0AF8                                l7109 0AA6  
                              l7061 0A02                                l7045 09CC  
                              l7037 09B2                                l7029 099C  
                              l6263 10B8                                l6175 0F42  
                              l6167 0F2A                                l7303 0C7C  
                              l7151 0B30                                l7127 0ADE  
                              l7055 09E8                                l6505 2078  
                              l6345 12EA                                l7225 0C06  
                              l7145 0B20                                l7073 0A2A  
                              l7049 09D8                                l6275 112A  
                              l7251 0C2C                                l7243 0C12  
                              l6611 029A                                l6603 0270  
                              l6373 203E                                l7245 0C16  
                              l7181 0B9C                                l7157 0B4A  
                              l7085 0A54                                l7503 1E9C  
                              l6295 11B2                                l6287 119C  
                              l7263 0C54                                l7175 0B82  
                              l7079 0A3A                                l6703 03F6  
                              l6711 0424                                l6607 027A  
                              l6377 2060                                l7337 0D00  
                              l7169 0B72                                l7097 0A7C  
                              l7193 0BC4                                l6641 0308  
                              l6617 02A8                                _ADFM 007E07  
                              l7611 2460                                l7523 156E  
                              l6707 0400                                l6643 030C  
                              ?_isr 0001                                l7701 1AE8  
                              l7277 0C58                                l6901 07A8  
                              l6813 0646                                l6741 0526  
                              l6653 032E                                l6645 0310  
                              l7623 1738                                l7295 0C64  
                              l7199 0BDA                                l6807 0632  
                              l6743 052A                                l6719 0438  
                              l7801 1BC2                                l7553 2286  
                              l7561 22C2                                l7537 1608  
                              l7297 0C68                                l6913 07DA  
                              l6905 07BC                                l6833 0688  
                              l6753 0556                                l6681 0396  
                              l6649 0316                                l7723 19C8  
                              l7651 1792                                l7811 22DC  
                              l6923 07FE                                l6843 06AA  
                              l6819 065E                                l6763 057E  
                              l6747 053E                                l6739 0510  
                              l6691 03B8                                l6595 0210  
                              l7741 19F6                                l7581 1F44  
                              l7653 179C                                l7645 1776  
                              l7629 175C                                l7813 22E4  
                              l6941 0856                                l6917 07EE  
                              l6909 07CC                                l6853 06CA  
                              l6829 067E                                l6757 0566  
                              l6749 0542                                l6677 038E  
                              l6685 039C                                l7751 1A16  
                              l7719 199A                                l7663 17C6  
                              l7655 17A4                                l7831 2366  
                              l7823 2302                                l7815 22E8  
                              l6943 0860                                l6847 06B4  
                              l6791 05EC                                l6775 05B0  
                              l6767 0592                                l6759 056A  
                              l6679 0392                                l6599 0218  
                              l7737 19EE                                l7585 1F50  
                              l7577 1F2C                                l7665 17D0  
                              l7657 17AA                                l7833 236E  
                              l6929 0818                                l6857 06E0  
                              l6785 05D8                                l6769 0596  
                              l7747 1A0E                                l7683 1A94  
                              l7587 1F62                                l7579 1F30  
                              l7675 180A                                l7835 2372  
                              l6955 088A                                l6875 0718  
                              l6891 0750                                l6699 03EC  
                              l7589 1F6C                                l6973 08C6  
                              l6949 0870                                l6869 0702  
                              l6797 0606                                l6893 077C  
                              l7839 2384                                l7767 1B54  
                              l6879 072E                                l7793 1B9E  
                              l7785 1B86                                l7769 1B5E  
                              l6993 0914                                l6985 08F0  
                              l6969 08B2                                l6897 0794  
                              l7795 1BAA                                l6979 08D6  
                              l7797 1BAE                                l7789 1B96  
                              l6997 092C                                _TMR0 000FD6  
                              _TMR3 000FB2                        __CFG_PWRT$ON 000000  
                      __CFG_WRT0$ON 000000                        __CFG_WRT1$ON 000000  
                      __CFG_WRT2$ON 000000                        __CFG_WRT3$ON 000000  
                      __CFG_WRTB$ON 000000                        __CFG_WRTC$ON 000000  
                              _kPin 003B                                _isr2 0018  
                              _main 0090                        ___ftpack@arg 0060  
                      ___ftpack@exp 0063                                fsr0h 000FEA  
                              fsr1h 000FE2                                fsr0l 000FE9  
                              fsr2h 000FDA                                indf1 000FE7  
                              iir@n 00AB                                fsr1l 000FE1  
                              indf2 000FDF                                fsr2l 000FD9  
                              pclat 000FFA                                prodh 000FF4  
                              prodl 000FF3                                start 008C  
                      ___ftmul@cntr 0077                        ___ftmul@sign 0078  
                   kPin_driverDc@pi 0003                        ___fttol@exp1 006E  
                             ??_iir 0099                        ___fttol@lval 006A  
                             ??_isr 0016                       __CFG_PLLDIV$5 000000  
                             ?_isr2 0001                               ?_main 0001  
                             _ADRES 000FC3                               _EEADR 000FA9  
                   __end_of___ftadd 1830                     __end_of___ftdiv 1B3E  
                             u10311 1550                               u10304 1EFC  
                             u10321 1562                               u10305 1EF6  
                   __end_of___ftmul 1A50                               u10440 16EC  
                             u10280 1EB8                               u10450 170C  
                             u10700 1984                               u10445 16EA  
                             u10285 1EAE                               u10455 170A  
                             u10720 19B2                               u10705 1982  
                             u10650 1A7E                     __end_of___ftsub 24B2  
                             u10725 19B0                     __end_of___fttol 1BD4  
                             u10670 1AAC                               u10655 1A7C  
                             u10760 1BF0                               u10675 1AAA  
                             u10765 1BE8                      __CFG_DEBUG$OFF 000000  
                   __end_of___lwdiv 2316                         fseek@offset 0011  
                   __end_of___lwmod 2398                               i1l640 0066  
                             i1l637 0052                               i2l810 1368  
                             i2l802 1322                               i2l650 1D06  
                             i2l634 2100                               i2l811 1378  
                             i2l651 1D0A                               i2l820 13B4  
                             i2l812 137E                               i2l804 1332  
                             i2l740 18E0                               i2l821 13C4  
                             i2l813 1382                               i2l805 1338  
                             i2l830 13F8                               i2l822 13C8  
                             i2l814 1392                               i2l806 133E  
                             i2l823 13CE                               i2l815 139A  
                             i2l807 134E                               i2l647 1CFC  
                             i2l832 1408                               i2l824 13D4  
                             i2l816 13A0                               i2l808 135E  
                             i2l833 140E                               i2l817 13A4  
                             i2l809 1364                               i2l649 1D00  
                             i2l834 1414                               i2l826 13D8  
                             i2l818 13AA                               i2l835 141A  
                             i2l827 13DC                               i2l819 13AE  
                             i2l828 13EC                               i2l837 1420  
                             i2l829 13F2                     __end_of_getConv 258E  
                    __CFG_EBTR0$OFF 000000                               _t0Mem 0141  
                    __CFG_EBTR1$OFF 000000                      __CFG_EBTR2$OFF 000000  
                    __CFG_EBTR3$OFF 000000                      __CFG_EBTRB$OFF 000000  
                     ___awtoft@sign 006B                               _fgetc 2316  
                   _isr_timer3$1533 0004                               _fseek 1848  
                   adcDriver@ch2Cnv 0068                       ___ftpack@sign 0064  
                   __end_of_isr_adc 2580                               _state 0039  
                     _medicionFloat 00D5                        uintToStr@num 0067  
                      uintToStr@str 0069                               tablat 000FF5  
                             plusw2 000FDB                         ?i1_t0Driver 0001  
                             status 000FD8                      __CFG_MCLRE$OFF 000000  
                      __end_of_isr2 008C                        __end_of_main 222C  
                            ??_isr2 0006                              ??_main 00AC  
                     ___fttol@sign1 0069                    __end_of_t0Driver 1E68  
                     __activetblptr 000000                              ?_fgetc 000F  
                            ?_fseek 000F                              _EEDATA 000FA8  
                            _EECON2 000FA7                    __end_of_adcSetup 2560  
                  __end_of___awtoft 2484                    __end_of___ftpack 1FA0  
                            i1l6041 005A                              i1l6027 215C  
                            i1l6043 0062                              i1l6035 003C  
                            i1l6037 0044                              i1l6039 004C  
                            i1l5701 1D58                              i1l5711 1D90  
                            i1l5721 1DAC                              i1l5707 1D7E  
                            i2l5603 20EC                              i2l5621 1CE4  
                            i2l5605 20F4                              i2l5623 1CE6  
                            i2l5631 1D22                              i2l5607 20FC  
                            i2l5645 1D44                              i2l5629 1D0E  
                            i2l5655 1884                              i2l5673 18D2  
                            i2l5667 18C2                              i2l5659 18AE  
                            i2l5695 1428                              i2l5689 2334  
                            _TRISA0 007C90                              _TRISA1 007C91  
                            _TRISA2 007C92                              _TRISB1 007C99  
                            _TRISA3 007C93                              _TRISB2 007C9A  
                            _TRISA4 007C94                              _TRISB3 007C9B  
                            _TRISA5 007C95                              _TRISB4 007C9C  
                            _TRISB5 007C9D                              _TRISB6 007C9E  
                            _TRISB7 007C9F                              _TRISC6 007CA6  
                            _eLoMem 0029               __end_of_ee_write_byte 24DE  
                            _eUpMem 002B                              _decVar 10A2  
                         ??___ftadd 0083                           ??___ftdiv 0072  
                         ??___ftmul 006E                           ??___ftsub 0091  
                         ??___fttol 0064                           ??___lwdiv 0064  
                            _vLoMem 0031                           ??___lwmod 0064  
                            _xLoMem 0035                              _incVar 0E26  
                            _escala 00D8                              _vUpMem 0033  
                            _xUpMem 0037          kPin_driverDc@kCurrLogState 0001  
                            clear_0 1FB0                              clear_1 1FBC  
                            clear_2 1FC8                              _setInc 0043  
                         ??_getConv 0062               __size_of_ee_read_byte 0012  
               __size_ofi1_t0Driver 0088               ___ftmul@f3_as_product 0074  
                      __pdataCOMRAM 003B  __size_of_actionsTimeoutShowSetting 008A  
                         ??_isr_adc 0001                              tblptrh 000FF7  
                            tblptrl 000FF6                              tblptru 000FF8  
           ??_endTestDisplayActions 0060                  __size_of_adcDriver 0096  
                __size_of___asftadd 003C                  __size_of___asftdiv 003C  
                __size_of___asftmul 003C                          __accesstop 0060  
                   __CFG_PBADEN$OFF 000000                          ___ftadd@f1 007D  
                        ___ftadd@f2 0080                          ___ftdiv@f1 006C  
                        ___ftdiv@f2 006F                          ___ftdiv@f3 0078  
                        ___awtoft@c 0068                          ___ftmul@f1 0068  
                        ___ftmul@f2 006B                  __size_of_char2pins 01AA  
                        ___ftsub@f1 008B                          ___ftsub@f2 008E  
                        ___fttol@f1 0060                      __pcstackCOMRAM 0001  
                      _ee_read_byte 2560                        __pidataBANK0 2527  
                      __pidataBANK1 2504                       __end_of_fgetc 235A  
            __size_of_kPin_driverDc 0086                       __end_of_fseek 18EE  
                        _kPinBuffer 00D4                          _advModeMem 0044  
 __end_of_actionsTimeoutShowSetting 20BE                             ??_fgetc 0011  
                           ??_fseek 0015                          __pbssBANK0 00CD  
                        __pbssBANK1 0141                  __size_of_enterMenu 0052  
                        __pnvCOMRAM 0044                           ?_t0Driver 0001  
                           ?_decVar 0001                             ?_incVar 0001  
                 __end_of_adcDriver 1F18                   __end_of___asftadd 23D4  
                 __end_of___asftdiv 244C                   __end_of___asftmul 2410  
                         ?_adcSetup 0001                           ?___awtoft 0068  
                         ?___ftpack 0060                  __size_of_uintToStr 004E  
                        _brilloToff 018C                   __end_of_char2pins 14C6  
                     _kPin_driverDc 1D48                          char2pins@c 000F  
                      ??i1_t0Driver 0001                          ??_t0Driver 0060  
                           __Hparam 0000                             __Lparam 0000  
                           ___ftadd 16D4                             ___ftdiv 1A66  
                   __size_of_decVar 025A                             ___ftmul 196C  
                           ___ftsub 2484                             ___fttol 1B48  
                           ___lwdiv 22CC                             ___lwmod 235A  
                   __size_of_incVar 0272                     __CFG_STVREN$OFF 000000  
                           __pcinit 1FAA                   __end_of_enterMenu 227E  
                        ??_adcSetup 0060                          ??___awtoft 006B  
                        ??___ftpack 0065                             __ramtop 0800  
                           _getConv 2580                             _tOnFlag 003A  
                           __ptext0 0090                             __ptext1 222C  
                           __ptext2 0E26                             __ptext3 10A2  
                           __ptext4 24B2                             __ptext5 21B6  
                           __ptext6 2560                             __ptext7 2034  
                           __ptext8 24DE                             __ptext9 1DEA  
                           _display 00CD                           _T0CONbits 000FD5  
                __end_ofi1_t0Driver 1C80                        __size_of_iir 017A  
                      __size_of_isr 2132                           _T3CONbits 000FB1  
                           _isr_adc 2572                             _muxFile 0196  
                    ?_kPin_driverDc 0001                          _isr_timer0 1CA6  
                        _isr_timer3 213A                      __pintcode_body 20BE  
                           fseek@fp 000F                end_of_initialization 202E  
                           int_func 20BE                   __end_of_uintToStr 22CC  
                           postdec1 000FE5                             postdec2 000FDD  
                           postinc0 000FEE                             postinc1 000FE6  
                           postinc2 000FDE                           _PORTAbits 000F80  
                         _PORTBbits 000F81                           _PORTCbits 000F82  
    __size_of_endTestDisplayActions 0026       __end_of_endTestDisplayActions 2504  
                       ___ftdiv@exp 007B                         ___ftmul@exp 0073  
                    __end_of_decVar 12FC                       __pidataCOMRAM 258E  
                    __end_of_incVar 1098                           t0Driver@i 0062  
               start_initialization 1FAA                     ??_kPin_driverDc 0002  
                        _systemInit 21B6                         __end_of_iir 16C0  
                       __end_of_isr 213A              __size_of_ee_write_byte 002C  
                       ?_isr_timer0 0001                         ?_isr_timer3 0001  
                      _ignoreNextFp 00D3                   __size_of_t0Driver 007E  
                          ??_decVar 008B                            ??_incVar 008B  
                       __pdataBANK0 00AE                         __pdataBANK1 017A  
                  __CFG_LPT1OSC$OFF 000000                   __size_of_adcSetup 001A  
                 __size_of___awtoft 0038                   __size_of___ftpack 0088  
                         _adcDriver 1E82                           ___asftadd 2398  
                         ___asftdiv 2410                           ___asftmul 23D4  
                       __pbssCOMRAM 0024                       __pcstackBANK0 0060  
                     __pcstackBANK1 0100                           _adcStruct 0024  
        ?_actionsTimeoutShowSetting 0001                           _char2pins 131C  
                         __pnvBANK0 00D8                           _main$2651 0100  
                  ___lwdiv@dividend 0060                           _escDecMem 002D  
                         __pintcode 0008                           _escEntMem 002F  
                     _ee_write_byte 24B2                            ?___ftadd 007D  
                          ?___ftdiv 006C                            ?___ftmul 0068  
                          ?___ftsub 008B                            ?___fttol 0060  
                          ?___lwdiv 0060                            ?___lwmod 0060  
               __size_of_isr_timer0 00A2                 __size_of_isr_timer3 007C  
                       __pintcodelo 0018                           _brilloMem 0045  
                          ?_getConv 0060                           _brilloTon 0191  
                        ?_adcDriver 0001                          ?___asftadd 0091  
                        ?___asftdiv 007D                          ?___asftmul 0079  
                         _enterMenu 222C                            ?_isr_adc 0001  
                       ?_systemInit 0001                    ___lwdiv@quotient 0065  
                    __size_of_fgetc 0044                      __size_of_fseek 00A6  
                        ?_char2pins 0001                            _IPR1bits 000F9F  
                          _IPR2bits 000FA2                            _PIE1bits 000F9D  
                          _PIE2bits 000FA0                            i1u743_20 0044  
                          i1u743_21 0042                            i1u744_20 004C  
                          i1u744_21 004A                            i1u745_20 005A  
                          i1u745_21 0058                            _PIR1bits 000F9E  
                          i1u746_20 0062                            i1u746_21 0060  
                          _PIR2bits 000FA1                           _muxBuffer 00C8  
                          i2u665_40 20F4                            i2u665_41 20F2  
                          i2u666_40 20FC                            i2u666_41 20FA  
                    ?_ee_write_byte 0060                            _UCFGbits 000F6F  
                          _RCONbits 000FD0                           _uintToStr 227E  
                        _ADCON0bits 000FC2                          _ADCON1bits 000FC1  
                        _ADCON2bits 000FC0                          ?_enterMenu 0001  
                         fseek@mode 0013                         _INTCON2bits 000FF1  
                         copy_data0 1FE2                           copy_data1 2002  
                         copy_data2 2022                          uintToStr@i 006B  
                        _EECON1bits 000FA6                            _t0Driver 1DEA  
                          __Hrparam 0000                            __Lrparam 0000  
                     ?_ee_read_byte 0001                 __size_of_systemInit 0076  
     _actionsTimeoutShowSetting$298 0060                    ee_read_byte@addr 0060  
                       _measurement 00CF                    __size_of___ftadd 015C  
                  __size_of___ftdiv 00D8                    __size_of___ftmul 00E4  
                  __size_of___ftsub 002E                    __size_of___fttol 008C  
                  __size_of___lwdiv 004A                    __size_of___lwmod 003E  
                        ?_uintToStr 0067                            _adcSetup 2546  
                          ___awtoft 244C                            ___ftpack 1F18  
                  __size_of_getConv 000E                         ??_adcDriver 0060  
                       ??___asftadd 0096                         ??___asftdiv 0082  
                       ??___asftmul 007C                   ee_write_byte@addr 0061  
                          _main$301 0103                            _main$310 0115  
                          _main$302 0105                            _main$311 0117  
                          _main$303 0107                            _main$320 0129  
                          _main$312 0119                            _main$304 0109  
                          _main$321 012B                            _main$313 011B  
                          _main$305 010B                            _main$330 013D  
                          _main$322 012D                            _main$314 011D  
                          _main$306 010D                            _main$331 013F  
                          _main$323 012F                            _main$315 011F  
                          _main$307 010F                            _main$324 0131  
                          _main$316 0121                            _main$308 0111  
                          _main$325 0133                            _main$317 0123  
                          _main$309 0113                            _main$326 0135  
                          _main$318 0125                            _main$327 0137  
                          _main$319 0127                            _main$328 0139  
                          _main$329 013B                    __size_of_isr_adc 000E  
                   ___lwdiv@divisor 0062                     ___lwdiv@counter 0064  
                          __ptext10 1E82                            __ptext11 1546  
                          __ptext20 2398                            __ptext12 227E  
                          __ptext21 16D4                            __ptext13 2580  
                          __ptext30 1D48                            __ptext22 23D4  
                          __ptext14 2546                            __ptext31 1BF8  
                          __ptext23 2410                            __ptext15 244C  
                          __ptext24 1F18                            __ptext16 2484  
                          __ptext33 1CA6                            __ptext25 1A66  
                          __ptext17 1B48                            __ptext34 1848  
                          __ptext26 196C                            __ptext18 22CC  
                          __ptext35 131C                            __ptext19 235A  
                          __ptext36 2316                            __ptext28 213A  
                          __ptext37 0000                            __ptext29 2572  
                      ??_isr_timer0 0016                        ??_isr_timer3 0004  
                       ??_char2pins 000F                       __size_of_isr2 0074  
                     __size_of_main 219C                            iir@F4235 017A  
                          iir@F4237 0183               _endTestDisplayActions 24DE  
                          iir@ACoef 0099                            iir@BCoef 00A2  
                   ??_ee_write_byte 0061                            _segments 00D1  
                    ??_ee_read_byte 0060                  __end_of_isr_timer0 1D48  
                __end_of_isr_timer3 21B6               __CFG_CPUDIV$OSC1_PLL2 000000  
                       ??_enterMenu 0060                          _INTCONbits 000FF2  
             __end_of_kPin_driverDc 1DCE                        iir@NewSample 0096  
       ??_actionsTimeoutShowSetting 0060                     uintToStr@strLen 006A  
                          intlevel1 0000                            intlevel2 0000  
                  ee_write_byte@dat 0060                    ___lwmod@dividend 0060  
                        _OSCCONbits 000FD3                     _t0DelayConstant 00AE  
                       fgetc@stream 000F                         i1t0Driver@i 0003  
                       ??_uintToStr 006B                     ___lwmod@divisor 0062  
                   ___lwmod@counter 0064                        ??_systemInit 0060  
                __CFG_FOSC$HSPLL_HS 000000                          i1_t0Driver 1BF8  
            ?_endTestDisplayActions 0001  
